{"type":"FeatureCollection", "features": [
{"type":"Feature","geometry":{"type":"Polygon","coordinates":[[[-50.82447,-19.47458],[-50.8417,-19.49869],[-50.88899,-19.48044],[-50.93873,-19.4674],[-50.95645,-19.47556],[-50.96247,-19.50012],[-50.93041,-19.54178],[-50.92392,-19.58043],[-50.94607,-19.59123],[-50.9624,-19.58124],[-50.98708,-19.58905],[-50.98999,-19.60494],[-51.03771,-19.69131],[-51.04561,-19.73512],[-51.02743,-19.75612],[-51.03946,-19.77666],[-51.02222,-19.80704],[-51.01883,-19.86999],[-50.999,-19.90592],[-51.00202,-19.92433],[-51.02043,-19.95863],[-51.00433,-19.99876],[-51.00556,-20.02484],[-51.01741,-20.04793],[-51.00928,-20.07156],[-50.99606,-20.07685],[-50.96865,-20.03598],[-50.94658,-20.03079],[-50.93318,-20.01447],[-50.89672,-19.98969],[-50.8757,-19.99036],[-50.85111,-19.9693],[-50.81686,-19.95787],[-50.78313,-19.93677],[-50.73494,-19.92973],[-50.65763,-19.90669],[-50.63145,-19.87044],[-50.60507,-19.85563],[-50.57748,-19.81591],[-50.56156,-19.81311],[-50.57328,-19.75965],[-50.59494,-19.72768],[-50.6063,-19.72318],[-50.61616,-19.68714],[-50.6016,-19.66813],[-50.61741,-19.64904],[-50.66641,-19.61973],[-50.67324,-19.58873],[-50.69125,-19.57311],[-50.72016,-19.56208],[-50.71919,-19.54535],[-50.74589,-19.50018],[-50.76073,-19.49638],[-50.7778,-19.47232],[-50.82447,-19.47458]]]},"properties":{"GEOCODIGO":"3114550","NOME":"Carneirinho","UF":"MG"}},
{"type":"Feature","geometry":{"type":"Polygon","coordinates":[[[-50.74158,-19.21391],[-50.74717,-19.23806],[-50.77097,-19.25887],[-50.7883,-19.26223],[-50.82219,-19.29467],[-50.83742,-19.34519],[-50.87488,-19.42238],[-50.82447,-19.47458],[-50.7778,-19.47232],[-50.76073,-19.49638],[-50.74589,-19.50018],[-50.71919,-19.54535],[-50.72016,-19.56208],[-50.69125,-19.57311],[-50.67861,-19.56833],[-50.64111,-19.59021],[-50.62757,-19.58982],[-50.57514,-19.61202],[-50.56453,-19.62928],[-50.54523,-19.61382],[-50.52024,-19.61452],[-50.50256,-19.59666],[-50.4556,-19.57973],[-50.4696,-19.5363],[-50.49452,-19.50817],[-50.4853,-19.4966],[-50.49341,-19.45696],[-50.51608,-19.43757],[-50.50135,-19.39685],[-50.47763,-19.36841],[-50.4665,-19.34355],[-50.469,-19.32218],[-50.48447,-19.29038],[-50.51526,-19.2739],[-50.54599,-19.24476],[-50.57433,-19.2423],[-50.57979,-19.22813],[-50.63094,-19.22556],[-50.64766,-19.21347],[-50.66599,-19.21927],[-50.74158,-19.21391]]]},"properties":{"GEOCODIGO":"3138625","NOME":"Limeira do Oeste","UF":"MG"}},
{"type":"Feature","geometry":{"type":"Polygon","coordinates":[[[-50.07958,-18.67179],[-50.16382,-18.6639],[-50.19841,-18.67862],[-50.2498,-18.67743],[-50.31402,-18.70029],[-50.35186,-18.75984],[-50.3698,-18.80394],[-50.3938,-18.82227],[-50.42302,-18.8322],[-50.44297,-18.89366],[-50.46055,-18.91319],[-50.50521,-18.93174],[-50.51141,-18.95151],[-50.50016,-18.97581],[-50.50355,-19.00402],[-50.49461,-19.01241],[-50.50547,-19.05065],[-50.53152,-19.0928],[-50.56888,-19.11866],[-50.58456,-19.13693],[-50.66669,-19.13375],[-50.682,-19.17486],[-50.733,-19.18535],[-50.74158,-19.21391],[-50.66599,-19.21927],[-50.64766,-19.21347],[-50.63094,-19.22556],[-50.57979,-19.22813],[-50.57433,-19.2423],[-50.54599,-19.24476],[-50.51526,-19.2739],[-50.51195,-19.25817],[-50.46807,-19.23338],[-50.4563,-19.2393],[-50.4099,-19.23031],[-50.40351,-19.22307],[-50.3583,-19.22671],[-50.30565,-19.23762],[-50.27848,-19.24775],[-50.25904,-19.27032],[-50.22249,-19.29043],[-50.19823,-19.2934],[-50.18348,-19.25616],[-50.15821,-19.22785],[-50.14294,-19.22842],[-50.11834,-19.19597],[-50.12818,-19.16612],[-50.11055,-19.12507],[-50.09507,-19.11579],[-50.07678,-19.07589],[-50.0151,-19.06192],[-50.0062,-19.01687],[-49.97797,-18.98273],[-49.96371,-18.95237],[-49.98472,-18.94568],[-50.00294,-18.88105],[-50.01221,-18.86404],[-50.00375,-18.83576],[-49.97889,-18.81166],[-49.96695,-18.78627],[-49.97955,-18.77226],[-50.02504,-18.75328],[-50.04655,-18.73768],[-50.04948,-18.715],[-50.06374,-18.70834],[-50.05967,-18.67491],[-50.07958,-18.67179]]]},"properties":{"GEOCODIGO":"3159803","NOME":"Santa Vitória","UF":"MG"}},
{"type":"Feature","geometry":{"type":"Polygon","coordinates":[[[-50.69125,-19.57311],[-50.67324,-19.58873],[-50.66641,-19.61973],[-50.61741,-19.64904],[-50.6016,-19.66813],[-50.61616,-19.68714],[-50.6063,-19.72318],[-50.59494,-19.72768],[-50.57328,-19.75965],[-50.56156,-19.81311],[-50.51674,-19.79595],[-50.4985,-19.79532],[-50.47145,-19.77919],[-50.41666,-19.80067],[-50.35229,-19.86414],[-50.30594,-19.87362],[-50.28514,-19.86736],[-50.24468,-19.87629],[-50.21518,-19.86619],[-50.16495,-19.8774],[-50.10267,-19.87427],[-50.0828,-19.8344],[-50.09065,-19.76884],[-50.11688,-19.74858],[-50.13164,-19.69708],[-50.1543,-19.65556],[-50.16125,-19.62422],[-50.18958,-19.59157],[-50.21495,-19.57336],[-50.21234,-19.5587],[-50.23307,-19.58443],[-50.27245,-19.59153],[-50.33938,-19.55075],[-50.36025,-19.56533],[-50.36252,-19.58172],[-50.40558,-19.58363],[-50.41239,-19.59213],[-50.44672,-19.58902],[-50.4556,-19.57973],[-50.50256,-19.59666],[-50.52024,-19.61452],[-50.54523,-19.61382],[-50.56453,-19.62928],[-50.57514,-19.61202],[-50.62757,-19.58982],[-50.64111,-19.59021],[-50.67861,-19.56833],[-50.69125,-19.57311]]]},"properties":{"GEOCODIGO":"3134400","NOME":"Iturama","UF":"MG"}},
{"type":"Feature","geometry":{"type":"Polygon","coordinates":[[[-50.51526,-19.2739],[-50.48447,-19.29038],[-50.469,-19.32218],[-50.4665,-19.34355],[-50.47763,-19.36841],[-50.50135,-19.39685],[-50.51608,-19.43757],[-50.49341,-19.45696],[-50.4853,-19.4966],[-50.49452,-19.50817],[-50.4696,-19.5363],[-50.4556,-19.57973],[-50.44672,-19.58902],[-50.41239,-19.59213],[-50.40558,-19.58363],[-50.36252,-19.58172],[-50.36025,-19.56533],[-50.33938,-19.55075],[-50.27245,-19.59153],[-50.23307,-19.58443],[-50.21234,-19.5587],[-50.18955,-19.512],[-50.18992,-19.48083],[-50.17237,-19.43078],[-50.18785,-19.39528],[-50.19042,-19.37027],[-50.17884,-19.35228],[-50.17803,-19.31146],[-50.19823,-19.2934],[-50.22249,-19.29043],[-50.25904,-19.27032],[-50.27848,-19.24775],[-50.30565,-19.23762],[-50.3583,-19.22671],[-50.40351,-19.22307],[-50.4099,-19.23031],[-50.4563,-19.2393],[-50.46807,-19.23338],[-50.51195,-19.25817],[-50.51526,-19.2739]]]},"properties":{"GEOCODIGO":"3170438","NOME":"União de Minas","UF":"MG"}},
{"type":"Feature","geometry":{"type":"Polygon","coordinates":[[[-50.21234,-19.5587],[-50.21495,-19.57336],[-50.18958,-19.59157],[-50.16125,-19.62422],[-50.1543,-19.65556],[-50.13164,-19.69708],[-50.11688,-19.74858],[-50.09065,-19.76884],[-50.04901,-19.76864],[-50.02876,-19.75902],[-50.01588,-19.72512],[-49.98888,-19.73169],[-49.9931,-19.70713],[-49.98524,-19.69336],[-49.93768,-19.73015],[-49.91843,-19.72489],[-49.88983,-19.70067],[-49.86344,-19.66404],[-49.86984,-19.63756],[-49.82963,-19.60329],[-49.81899,-19.61915],[-49.78623,-19.64026],[-49.77292,-19.65799],[-49.72358,-19.65448],[-49.62923,-19.67631],[-49.5639,-19.67502],[-49.50858,-19.66964],[-49.47716,-19.62677],[-49.47788,-19.5685],[-49.44396,-19.53722],[-49.4133,-19.53125],[-49.36521,-19.53965],[-49.35669,-19.49216],[-49.33616,-19.46458],[-49.30649,-19.45669],[-49.3008,-19.44192],[-49.3086,-19.41152],[-49.35344,-19.41958],[-49.3496,-19.3866],[-49.36188,-19.37423],[-49.36118,-19.34594],[-49.34983,-19.31706],[-49.42307,-19.26103],[-49.44713,-19.26079],[-49.45441,-19.24284],[-49.477,-19.23953],[-49.49591,-19.2662],[-49.49477,-19.28678],[-49.51968,-19.34323],[-49.53527,-19.35337],[-49.55991,-19.34297],[-49.58316,-19.35142],[-49.63019,-19.35045],[-49.64918,-19.33107],[-49.67692,-19.27611],[-49.73347,-19.27979],[-49.75118,-19.29236],[-49.75591,-19.31128],[-49.78432,-19.32971],[-49.80424,-19.31922],[-49.82596,-19.29604],[-49.85527,-19.30033],[-49.84986,-19.27983],[-49.88866,-19.27314],[-49.90218,-19.28636],[-49.93761,-19.28587],[-49.964,-19.29936],[-50.00352,-19.27112],[-50.04457,-19.27104],[-50.08719,-19.24227],[-50.10117,-19.20567],[-50.11834,-19.19597],[-50.14294,-19.22842],[-50.15821,-19.22785],[-50.18348,-19.25616],[-50.19823,-19.2934],[-50.17803,-19.31146],[-50.17884,-19.35228],[-50.19042,-19.37027],[-50.18785,-19.39528],[-50.17237,-19.43078],[-50.18992,-19.48083],[-50.18955,-19.512],[-50.21234,-19.5587]]]},"properties":{"GEOCODIGO":"3111101","NOME":"Campina Verde","UF":"MG"}},
{"type":"Feature","geometry":{"type":"Polygon","coordinates":[[[-49.96695,-18.78627],[-49.97889,-18.81166],[-50.00375,-18.83576],[-50.01221,-18.86404],[-50.00294,-18.88105],[-49.98472,-18.94568],[-49.96371,-18.95237],[-49.97797,-18.98273],[-50.0062,-19.01687],[-50.0151,-19.06192],[-50.07678,-19.07589],[-50.09507,-19.11579],[-50.11055,-19.12507],[-50.12818,-19.16612],[-50.11834,-19.19597],[-50.10117,-19.20567],[-50.08719,-19.24227],[-50.04457,-19.27104],[-50.00352,-19.27112],[-49.964,-19.29936],[-49.93761,-19.28587],[-49.90218,-19.28636],[-49.88866,-19.27314],[-49.84986,-19.27983],[-49.85527,-19.30033],[-49.82596,-19.29604],[-49.80424,-19.31922],[-49.78432,-19.32971],[-49.75591,-19.31128],[-49.75118,-19.29236],[-49.73347,-19.27979],[-49.67692,-19.27611],[-49.64238,-19.22377],[-49.632,-19.18601],[-49.60101,-19.14883],[-49.59635,-19.11657],[-49.62477,-19.10841],[-49.63747,-19.0822],[-49.66577,-19.05491],[-49.69577,-19.03588],[-49.72097,-19.00613],[-49.8011,-18.93251],[-49.80766,-18.90819],[-49.82233,-18.9076],[-49.84099,-18.86872],[-49.86077,-18.84695],[-49.85688,-18.81044],[-49.87099,-18.80235],[-49.90816,-18.79917],[-49.94605,-18.8132],[-49.96695,-18.78627]]]},"properties":{"GEOCODIGO":"3129103","NOME":"Gurinhatã","UF":"MG"}},
{"type":"Feature","geometry":{"type":"Polygon","coordinates":[[[-50.09065,-19.76884],[-50.0828,-19.8344],[-50.10267,-19.87427],[-50.07905,-19.88552],[-50.04677,-19.91493],[-50.00258,-19.92598],[-49.96941,-19.91959],[-49.94558,-19.92345],[-49.88787,-19.94484],[-49.85327,-19.94599],[-49.83481,-19.93285],[-49.782,-19.92401],[-49.74894,-19.92423],[-49.75241,-19.90829],[-49.71415,-19.86627],[-49.66524,-19.84617],[-49.65543,-19.81868],[-49.6533,-19.78805],[-49.66538,-19.77819],[-49.66779,-19.71276],[-49.65827,-19.69444],[-49.62923,-19.67631],[-49.72358,-19.65448],[-49.77292,-19.65799],[-49.78623,-19.64026],[-49.81899,-19.61915],[-49.82963,-19.60329],[-49.86984,-19.63756],[-49.86344,-19.66404],[-49.88983,-19.70067],[-49.91843,-19.72489],[-49.93768,-19.73015],[-49.98524,-19.69336],[-49.9931,-19.70713],[-49.98888,-19.73169],[-50.01588,-19.72512],[-50.02876,-19.75902],[-50.04901,-19.76864],[-50.09065,-19.76884]]]},"properties":{"GEOCODIGO":"3161304","NOME":"São Francisco de Sales","UF":"MG"}},
{"type":"Feature","geometry":{"type":"Polygon","coordinates":[[[-50.07958,-18.67179],[-50.05967,-18.67491],[-50.06374,-18.70834],[-50.04948,-18.715],[-50.04655,-18.73768],[-50.02504,-18.75328],[-49.97955,-18.77226],[-49.96695,-18.78627],[-49.94605,-18.8132],[-49.90816,-18.79917],[-49.87099,-18.80235],[-49.8403,-18.76185],[-49.80263,-18.74119],[-49.81871,-18.70392],[-49.79113,-18.65866],[-49.7943,-18.64339],[-49.81933,-18.63212],[-49.83569,-18.63623],[-49.88351,-18.60857],[-49.90391,-18.62085],[-49.93119,-18.62354],[-49.97335,-18.61386],[-49.98099,-18.60419],[-50.0196,-18.59891],[-50.03963,-18.61338],[-50.04974,-18.64308],[-50.07958,-18.67179]]]},"properties":{"GEOCODIGO":"3131406","NOME":"Ipiaçu","UF":"MG"}},
{"type":"Feature","geometry":{"type":"Polygon","coordinates":[[[-49.87099,-18.80235],[-49.85688,-18.81044],[-49.86077,-18.84695],[-49.84099,-18.86872],[-49.82233,-18.9076],[-49.80766,-18.90819],[-49.8011,-18.93251],[-49.72097,-19.00613],[-49.69577,-19.03588],[-49.66577,-19.05491],[-49.63747,-19.0822],[-49.62477,-19.10841],[-49.59635,-19.11657],[-49.60101,-19.14883],[-49.632,-19.18601],[-49.64238,-19.22377],[-49.67692,-19.27611],[-49.64918,-19.33107],[-49.63019,-19.35045],[-49.58316,-19.35142],[-49.55991,-19.34297],[-49.53527,-19.35337],[-49.51968,-19.34323],[-49.49477,-19.28678],[-49.49591,-19.2662],[-49.477,-19.23953],[-49.45441,-19.24284],[-49.44713,-19.26079],[-49.42307,-19.26103],[-49.40641,-19.24814],[-49.40402,-19.21768],[-49.37757,-19.15961],[-49.38157,-19.13781],[-49.37051,-19.12203],[-49.34821,-19.12952],[-49.33035,-19.12019],[-49.30553,-19.13581],[-49.25105,-19.13734],[-49.23105,-19.12448],[-49.22735,-19.08021],[-49.2021,-19.06761],[-49.19263,-19.04562],[-49.21697,-19.02074],[-49.22802,-18.99361],[-49.22135,-18.96005],[-49.22465,-18.9353],[-49.25852,-18.9404],[-49.31598,-18.9427],[-49.33935,-18.95218],[-49.32371,-18.91009],[-49.32808,-18.86754],[-49.37201,-18.87149],[-49.38679,-18.85432],[-49.40899,-18.85698],[-49.43371,-18.84103],[-49.42314,-18.81035],[-49.48313,-18.78966],[-49.49666,-18.7693],[-49.52891,-18.75546],[-49.5673,-18.78079],[-49.63624,-18.79954],[-49.66636,-18.78027],[-49.67998,-18.76069],[-49.71124,-18.75348],[-49.7276,-18.71774],[-49.72075,-18.68242],[-49.73122,-18.67947],[-49.71946,-18.64321],[-49.72308,-18.6094],[-49.73236,-18.61557],[-49.77174,-18.61281],[-49.78321,-18.64088],[-49.7943,-18.64339],[-49.79113,-18.65866],[-49.81871,-18.70392],[-49.80263,-18.74119],[-49.8403,-18.76185],[-49.87099,-18.80235]]]},"properties":{"GEOCODIGO":"3134202","NOME":"Ituiutaba","UF":"MG"}},
{"type":"Feature","geometry":{"type":"Polygon","coordinates":[[[-49.62923,-19.67631],[-49.65827,-19.69444],[-49.66779,-19.71276],[-49.66538,-19.77819],[-49.6533,-19.78805],[-49.65543,-19.81868],[-49.66524,-19.84617],[-49.71415,-19.86627],[-49.75241,-19.90829],[-49.74894,-19.92423],[-49.71168,-19.9308],[-49.63394,-19.93147],[-49.60556,-19.91604],[-49.55102,-19.90538],[-49.51354,-19.91385],[-49.49946,-19.9255],[-49.49232,-19.94996],[-49.45334,-19.9776],[-49.43407,-19.98192],[-49.35602,-19.98625],[-49.33232,-19.97964],[-49.30591,-19.96219],[-49.26471,-19.96157],[-49.24918,-19.96909],[-49.23913,-19.94805],[-49.19621,-19.91978],[-49.17369,-19.8757],[-49.15655,-19.86078],[-49.15227,-19.81149],[-49.1398,-19.78703],[-49.17682,-19.77282],[-49.18966,-19.75398],[-49.2098,-19.74411],[-49.20472,-19.69044],[-49.22293,-19.67259],[-49.24965,-19.67362],[-49.26385,-19.68641],[-49.30071,-19.68245],[-49.33094,-19.66058],[-49.34705,-19.61562],[-49.36438,-19.58777],[-49.37332,-19.55911],[-49.36521,-19.53965],[-49.4133,-19.53125],[-49.44396,-19.53722],[-49.47788,-19.5685],[-49.47716,-19.62677],[-49.50858,-19.66964],[-49.5639,-19.67502],[-49.62923,-19.67631]]]},"properties":{"GEOCODIGO":"3133402","NOME":"Itapagipe","UF":"MG"}},
{"type":"Feature","geometry":{"type":"Polygon","coordinates":[[[-49.72308,-18.6094],[-49.71946,-18.64321],[-49.73122,-18.67947],[-49.72075,-18.68242],[-49.7276,-18.71774],[-49.71124,-18.75348],[-49.67998,-18.76069],[-49.66636,-18.78027],[-49.63624,-18.79954],[-49.5673,-18.78079],[-49.52891,-18.75546],[-49.49666,-18.7693],[-49.48313,-18.78966],[-49.42314,-18.81035],[-49.40869,-18.79393],[-49.41399,-18.7468],[-49.40216,-18.70063],[-49.5439,-18.6474],[-49.54769,-18.63012],[-49.53419,-18.59846],[-49.53944,-18.57123],[-49.53405,-18.54567],[-49.54729,-18.53893],[-49.64155,-18.55478],[-49.65214,-18.57313],[-49.63508,-18.58956],[-49.6474,-18.60136],[-49.68159,-18.58839],[-49.72308,-18.6094]]]},"properties":{"GEOCODIGO":"3112604","NOME":"Capinópolis","UF":"MG"}},
{"type":"Feature","geometry":{"type":"Polygon","coordinates":[[[-49.54729,-18.53893],[-49.53405,-18.54567],[-49.53944,-18.57123],[-49.53419,-18.59846],[-49.54769,-18.63012],[-49.5439,-18.6474],[-49.40216,-18.70063],[-49.38208,-18.68588],[-49.3842,-18.66462],[-49.37285,-18.63455],[-49.40816,-18.64435],[-49.43194,-18.60629],[-49.48137,-18.56057],[-49.4853,-18.50898],[-49.49396,-18.49329],[-49.53345,-18.49206],[-49.54752,-18.50734],[-49.54729,-18.53893]]]},"properties":{"GEOCODIGO":"3109808","NOME":"Cachoeira Dourada","UF":"MG"}},
{"type":"Feature","geometry":{"type":"Polygon","coordinates":[[[-49.22465,-18.9353],[-49.22135,-18.96005],[-49.22802,-18.99361],[-49.21697,-19.02074],[-49.19263,-19.04562],[-49.2021,-19.06761],[-49.22735,-19.08021],[-49.23105,-19.12448],[-49.25105,-19.13734],[-49.30553,-19.13581],[-49.33035,-19.12019],[-49.34821,-19.12952],[-49.37051,-19.12203],[-49.38157,-19.13781],[-49.37757,-19.15961],[-49.40402,-19.21768],[-49.40641,-19.24814],[-49.42307,-19.26103],[-49.34983,-19.31706],[-49.36118,-19.34594],[-49.36188,-19.37423],[-49.3496,-19.3866],[-49.35344,-19.41958],[-49.3086,-19.41152],[-49.3008,-19.44192],[-49.30649,-19.45669],[-49.33616,-19.46458],[-49.35669,-19.49216],[-49.36521,-19.53965],[-49.32235,-19.53628],[-49.17324,-19.59702],[-49.14348,-19.59624],[-49.12885,-19.60581],[-49.09899,-19.59872],[-49.08124,-19.57979],[-49.06074,-19.57138],[-49.03001,-19.58349],[-49.0059,-19.5761],[-48.93258,-19.57638],[-48.8986,-19.58745],[-48.8811,-19.61711],[-48.86229,-19.61873],[-48.84305,-19.59811],[-48.8036,-19.60395],[-48.76835,-19.59129],[-48.7441,-19.60035],[-48.72893,-19.58391],[-48.74982,-19.56931],[-48.74909,-19.55458],[-48.69027,-19.53325],[-48.61468,-19.5372],[-48.57597,-19.55449],[-48.54663,-19.54243],[-48.51345,-19.52076],[-48.47952,-19.52734],[-48.44063,-19.50715],[-48.40783,-19.48276],[-48.41463,-19.46093],[-48.41171,-19.42751],[-48.39855,-19.41014],[-48.40057,-19.40222],[-48.44215,-19.38868],[-48.44196,-19.37983],[-48.47557,-19.34585],[-48.46382,-19.33146],[-48.52869,-19.26308],[-48.56689,-19.24001],[-48.6445,-19.20962],[-48.70428,-19.17985],[-48.72806,-19.17877],[-48.75145,-19.14927],[-48.76636,-19.14312],[-48.82123,-19.1018],[-48.92638,-19.06936],[-48.99671,-19.05183],[-48.99963,-19.04047],[-49.0371,-19.02265],[-49.06675,-18.99569],[-49.07344,-18.97892],[-49.13943,-18.95917],[-49.15258,-18.94318],[-49.18402,-18.93421],[-49.22465,-18.9353]]]},"properties":{"GEOCODIGO":"3152808","NOME":"Prata","UF":"MG"}},
{"type":"Feature","geometry":{"type":"Polygon","coordinates":[[[-49.42314,-18.81035],[-49.43371,-18.84103],[-49.40899,-18.85698],[-49.38679,-18.85432],[-49.37201,-18.87149],[-49.32808,-18.86754],[-49.32371,-18.91009],[-49.33935,-18.95218],[-49.31598,-18.9427],[-49.25852,-18.9404],[-49.26374,-18.8959],[-49.25005,-18.87368],[-49.21017,-18.86112],[-49.15505,-18.83132],[-49.12837,-18.83243],[-49.10713,-18.81908],[-49.09221,-18.79302],[-49.06327,-18.79787],[-49.04916,-18.78929],[-49.0688,-18.77563],[-49.06966,-18.76099],[-49.13661,-18.71066],[-49.15577,-18.67795],[-49.19802,-18.68263],[-49.21665,-18.67789],[-49.23591,-18.66021],[-49.26288,-18.59091],[-49.27869,-18.58619],[-49.29214,-18.56355],[-49.33052,-18.56711],[-49.34277,-18.59756],[-49.37285,-18.63455],[-49.3842,-18.66462],[-49.38208,-18.68588],[-49.40216,-18.70063],[-49.41399,-18.7468],[-49.40869,-18.79393],[-49.42314,-18.81035]]]},"properties":{"GEOCODIGO":"3111804","NOME":"Canápolis","UF":"MG"}},
{"type":"Feature","geometry":{"type":"Polygon","coordinates":[[[-49.36521,-19.53965],[-49.37332,-19.55911],[-49.36438,-19.58777],[-49.34705,-19.61562],[-49.33094,-19.66058],[-49.30071,-19.68245],[-49.26385,-19.68641],[-49.24965,-19.67362],[-49.22293,-19.67259],[-49.20472,-19.69044],[-49.2098,-19.74411],[-49.18966,-19.75398],[-49.17682,-19.77282],[-49.1398,-19.78703],[-49.0771,-19.77642],[-49.05699,-19.78456],[-49.02607,-19.78427],[-48.97519,-19.80054],[-48.94629,-19.79512],[-48.90605,-19.79825],[-48.89629,-19.78428],[-48.86058,-19.78153],[-48.83224,-19.80653],[-48.82144,-19.78196],[-48.84326,-19.7517],[-48.85749,-19.70032],[-48.82832,-19.67001],[-48.82444,-19.65126],[-48.8389,-19.62835],[-48.84305,-19.59811],[-48.86229,-19.61873],[-48.8811,-19.61711],[-48.8986,-19.58745],[-48.93258,-19.57638],[-49.0059,-19.5761],[-49.03001,-19.58349],[-49.06074,-19.57138],[-49.08124,-19.57979],[-49.09899,-19.59872],[-49.12885,-19.60581],[-49.14348,-19.59624],[-49.17324,-19.59702],[-49.32235,-19.53628],[-49.36521,-19.53965]]]},"properties":{"GEOCODIGO":"3116902","NOME":"Comendador Gomes","UF":"MG"}},
{"type":"Feature","geometry":{"type":"Polygon","coordinates":[[[-49.24918,-19.96909],[-49.24788,-19.99917],[-49.28346,-20.00431],[-49.29679,-20.01705],[-49.30679,-20.05985],[-49.30808,-20.10343],[-49.29878,-20.16661],[-49.26554,-20.22801],[-49.24493,-20.21759],[-49.21777,-20.23418],[-49.18168,-20.22394],[-49.16493,-20.21233],[-49.16053,-20.17994],[-49.13971,-20.14854],[-49.111,-20.13716],[-49.10313,-20.12356],[-49.06702,-20.15428],[-49.02401,-20.15068],[-48.98363,-20.17325],[-48.97156,-20.20732],[-48.96132,-20.26283],[-48.96532,-20.27882],[-48.96585,-20.36788],[-48.96257,-20.40265],[-48.89861,-20.44094],[-48.87814,-20.4292],[-48.86658,-20.39788],[-48.87797,-20.35567],[-48.87499,-20.31797],[-48.8883,-20.29438],[-48.88465,-20.26599],[-48.85383,-20.21861],[-48.85232,-20.17704],[-48.82167,-20.16108],[-48.78074,-20.16338],[-48.72907,-20.14982],[-48.73924,-20.13285],[-48.73476,-20.0943],[-48.74326,-20.06129],[-48.73488,-20.0126],[-48.75146,-19.99475],[-48.7664,-19.90451],[-48.77593,-19.88336],[-48.76915,-19.84463],[-48.78293,-19.82351],[-48.81802,-19.82143],[-48.83224,-19.80653],[-48.86058,-19.78153],[-48.89629,-19.78428],[-48.90605,-19.79825],[-48.94629,-19.79512],[-48.97519,-19.80054],[-49.02607,-19.78427],[-49.05699,-19.78456],[-49.0771,-19.77642],[-49.1398,-19.78703],[-49.15227,-19.81149],[-49.15655,-19.86078],[-49.17369,-19.8757],[-49.19621,-19.91978],[-49.23913,-19.94805],[-49.24918,-19.96909]]]},"properties":{"GEOCODIGO":"3127107","NOME":"Frutal","UF":"MG"}},
{"type":"Feature","geometry":{"type":"Polygon","coordinates":[[[-49.26554,-20.22801],[-49.25935,-20.25792],[-49.22483,-20.30488],[-49.1831,-20.31419],[-49.12195,-20.27308],[-49.08884,-20.21171],[-49.06702,-20.15428],[-49.10313,-20.12356],[-49.111,-20.13716],[-49.13971,-20.14854],[-49.16053,-20.17994],[-49.16493,-20.21233],[-49.18168,-20.22394],[-49.21777,-20.23418],[-49.24493,-20.21759],[-49.26554,-20.22801]]]},"properties":{"GEOCODIGO":"3127008","NOME":"Fronteira","UF":"MG"}},
{"type":"Feature","geometry":{"type":"Polygon","coordinates":[[[-49.29214,-18.56355],[-49.27869,-18.58619],[-49.26288,-18.59091],[-49.23591,-18.66021],[-49.21665,-18.67789],[-49.19802,-18.68263],[-49.15577,-18.67795],[-49.13661,-18.71066],[-49.06966,-18.76099],[-49.0688,-18.77563],[-49.04916,-18.78929],[-49.05987,-18.74908],[-49.04296,-18.72314],[-49.05174,-18.70026],[-49.03933,-18.67799],[-49.0641,-18.66669],[-49.09891,-18.62748],[-49.10221,-18.60963],[-49.13058,-18.56646],[-49.15077,-18.55548],[-49.17527,-18.55616],[-49.21047,-18.52572],[-49.24836,-18.52246],[-49.28174,-18.53373],[-49.29214,-18.56355]]]},"properties":{"GEOCODIGO":"3115805","NOME":"Centralina","UF":"MG"}},
{"type":"Feature","geometry":{"type":"Polygon","coordinates":[[[-49.04916,-18.78929],[-49.06327,-18.79787],[-49.09221,-18.79302],[-49.10713,-18.81908],[-49.12837,-18.83243],[-49.15505,-18.83132],[-49.21017,-18.86112],[-49.25005,-18.87368],[-49.26374,-18.8959],[-49.25852,-18.9404],[-49.22465,-18.9353],[-49.18402,-18.93421],[-49.15258,-18.94318],[-49.13943,-18.95917],[-49.07344,-18.97892],[-49.06675,-18.99569],[-49.0371,-19.02265],[-48.99963,-19.04047],[-48.99671,-19.05183],[-48.92638,-19.06936],[-48.82123,-19.1018],[-48.80443,-19.08834],[-48.76082,-19.07581],[-48.70586,-19.07423],[-48.67465,-19.01795],[-48.64502,-18.99682],[-48.63269,-18.9542],[-48.58903,-18.9886],[-48.56856,-18.99363],[-48.53712,-18.9672],[-48.51958,-18.90728],[-48.539,-18.89188],[-48.55993,-18.8879],[-48.58334,-18.8658],[-48.59909,-18.83807],[-48.57618,-18.81739],[-48.58176,-18.7971],[-48.60671,-18.77313],[-48.63199,-18.76048],[-48.67189,-18.75974],[-48.70529,-18.73838],[-48.73159,-18.73166],[-48.79872,-18.69021],[-48.83532,-18.697],[-48.8393,-18.65095],[-48.82838,-18.60453],[-48.86219,-18.60427],[-48.9156,-18.58965],[-48.93182,-18.55537],[-48.96102,-18.54275],[-49.0044,-18.53672],[-49.03761,-18.52647],[-49.0583,-18.54106],[-49.08663,-18.5429],[-49.12824,-18.53046],[-49.15077,-18.55548],[-49.13058,-18.56646],[-49.10221,-18.60963],[-49.09891,-18.62748],[-49.0641,-18.66669],[-49.03933,-18.67799],[-49.05174,-18.70026],[-49.04296,-18.72314],[-49.05987,-18.74908],[-49.04916,-18.78929]]]},"properties":{"GEOCODIGO":"3142809","NOME":"Monte Alegre de Minas","UF":"MG"}},
{"type":"Feature","geometry":{"type":"Polygon","coordinates":[[[-49.24836,-18.52246],[-49.21047,-18.52572],[-49.17527,-18.55616],[-49.15077,-18.55548],[-49.12824,-18.53046],[-49.08663,-18.5429],[-49.0583,-18.54106],[-49.03761,-18.52647],[-49.0044,-18.53672],[-49.00507,-18.52091],[-49.04156,-18.5108],[-49.04474,-18.47743],[-49.02696,-18.45058],[-49.03936,-18.40731],[-49.05331,-18.40212],[-49.07859,-18.41621],[-49.11102,-18.40155],[-49.12819,-18.38289],[-49.16163,-18.41483],[-49.20805,-18.41208],[-49.21082,-18.42305],[-49.19169,-18.44608],[-49.21949,-18.46884],[-49.24836,-18.52246]]]},"properties":{"GEOCODIGO":"3103751","NOME":"Araporã","UF":"MG"}},
{"type":"Feature","geometry":{"type":"Polygon","coordinates":[[[-49.05331,-18.40212],[-49.03936,-18.40731],[-49.02696,-18.45058],[-49.04474,-18.47743],[-49.04156,-18.5108],[-49.00507,-18.52091],[-49.0044,-18.53672],[-48.96102,-18.54275],[-48.93182,-18.55537],[-48.9156,-18.58965],[-48.86219,-18.60427],[-48.82838,-18.60453],[-48.8393,-18.65095],[-48.83532,-18.697],[-48.79872,-18.69021],[-48.73159,-18.73166],[-48.70529,-18.73838],[-48.67189,-18.75974],[-48.63199,-18.76048],[-48.60671,-18.77313],[-48.58176,-18.7971],[-48.57618,-18.81739],[-48.59909,-18.83807],[-48.57763,-18.83618],[-48.55858,-18.8194],[-48.55276,-18.78907],[-48.51718,-18.77725],[-48.49802,-18.75748],[-48.51768,-18.69338],[-48.5068,-18.66678],[-48.52745,-18.63842],[-48.5357,-18.61531],[-48.51794,-18.59592],[-48.5324,-18.58602],[-48.58459,-18.52631],[-48.5705,-18.49917],[-48.60541,-18.4768],[-48.58685,-18.42083],[-48.59314,-18.38502],[-48.62183,-18.38312],[-48.63601,-18.36545],[-48.66801,-18.34497],[-48.73016,-18.35281],[-48.75727,-18.3443],[-48.78377,-18.35067],[-48.82757,-18.37479],[-48.83163,-18.34568],[-48.8723,-18.33239],[-48.88782,-18.31664],[-48.93632,-18.30575],[-48.97068,-18.33003],[-48.98105,-18.35592],[-49.00551,-18.3739],[-49.02931,-18.36838],[-49.05331,-18.40212]]]},"properties":{"GEOCODIGO":"3169604","NOME":"Tupaciguara","UF":"MG"}},
{"type":"Feature","geometry":{"type":"Polygon","coordinates":[[[-48.84305,-19.59811],[-48.8389,-19.62835],[-48.82444,-19.65126],[-48.82832,-19.67001],[-48.85749,-19.70032],[-48.84326,-19.7517],[-48.82144,-19.78196],[-48.83224,-19.80653],[-48.81802,-19.82143],[-48.78293,-19.82351],[-48.76915,-19.84463],[-48.73983,-19.85026],[-48.7242,-19.87612],[-48.67638,-19.8804],[-48.6618,-19.89451],[-48.63493,-19.87261],[-48.6026,-19.85995],[-48.5859,-19.88145],[-48.54413,-19.88955],[-48.51493,-19.86416],[-48.50401,-19.84614],[-48.48311,-19.83808],[-48.47045,-19.81021],[-48.47224,-19.77572],[-48.45285,-19.77763],[-48.44358,-19.70763],[-48.47201,-19.68106],[-48.47012,-19.65803],[-48.49091,-19.62621],[-48.4843,-19.60331],[-48.51218,-19.60463],[-48.53312,-19.59321],[-48.52415,-19.57034],[-48.54663,-19.54243],[-48.57597,-19.55449],[-48.61468,-19.5372],[-48.69027,-19.53325],[-48.74909,-19.55458],[-48.74982,-19.56931],[-48.72893,-19.58391],[-48.7441,-19.60035],[-48.76835,-19.59129],[-48.8036,-19.60395],[-48.84305,-19.59811]]]},"properties":{"GEOCODIGO":"3111408","NOME":"Campo Florido","UF":"MG"}},
{"type":"Feature","geometry":{"type":"Polygon","coordinates":[[[-48.82123,-19.1018],[-48.76636,-19.14312],[-48.75145,-19.14927],[-48.72806,-19.17877],[-48.70428,-19.17985],[-48.6445,-19.20962],[-48.56689,-19.24001],[-48.52869,-19.26308],[-48.46382,-19.33146],[-48.47557,-19.34585],[-48.44196,-19.37983],[-48.44215,-19.38868],[-48.40057,-19.40222],[-48.39855,-19.41014],[-48.35271,-19.41339],[-48.33735,-19.39738],[-48.34546,-19.36891],[-48.31902,-19.3119],[-48.33993,-19.28147],[-48.30649,-19.28267],[-48.26632,-19.23608],[-48.22591,-19.21652],[-48.22886,-19.19019],[-48.18875,-19.17177],[-48.18635,-19.14851],[-48.14843,-19.1595],[-48.11187,-19.18984],[-48.08895,-19.21561],[-48.08956,-19.23859],[-48.02868,-19.24347],[-47.99827,-19.25559],[-47.98441,-19.28431],[-47.98132,-19.32725],[-47.95965,-19.33714],[-47.94596,-19.31006],[-47.94588,-19.29142],[-47.91757,-19.26551],[-47.90346,-19.21279],[-47.90751,-19.17487],[-47.92012,-19.13397],[-47.91296,-19.09687],[-47.92993,-19.09135],[-47.9296,-19.0706],[-47.95635,-19.07054],[-47.96285,-19.02933],[-47.97513,-19.00459],[-47.99443,-18.99272],[-48.0147,-18.96113],[-48.00944,-18.93388],[-48.01975,-18.91751],[-48.04732,-18.91061],[-48.03847,-18.8891],[-48.06293,-18.88562],[-48.08203,-18.883],[-48.07805,-18.86195],[-48.10663,-18.84952],[-48.11494,-18.80078],[-48.15505,-18.81314],[-48.17054,-18.78549],[-48.19946,-18.78957],[-48.1871,-18.76444],[-48.21845,-18.7563],[-48.26085,-18.77458],[-48.27715,-18.75214],[-48.25616,-18.7306],[-48.30733,-18.72644],[-48.32914,-18.67203],[-48.32961,-18.63321],[-48.36429,-18.62986],[-48.37759,-18.6411],[-48.3982,-18.63348],[-48.40818,-18.65259],[-48.44103,-18.65763],[-48.48946,-18.59702],[-48.51794,-18.59592],[-48.5357,-18.61531],[-48.52745,-18.63842],[-48.5068,-18.66678],[-48.51768,-18.69338],[-48.49802,-18.75748],[-48.51718,-18.77725],[-48.55276,-18.78907],[-48.55858,-18.8194],[-48.57763,-18.83618],[-48.59909,-18.83807],[-48.58334,-18.8658],[-48.55993,-18.8879],[-48.539,-18.89188],[-48.51958,-18.90728],[-48.53712,-18.9672],[-48.56856,-18.99363],[-48.58903,-18.9886],[-48.63269,-18.9542],[-48.64502,-18.99682],[-48.67465,-19.01795],[-48.70586,-19.07423],[-48.76082,-19.07581],[-48.80443,-19.08834],[-48.82123,-19.1018]]]},"properties":{"GEOCODIGO":"3170206","NOME":"Uberlândia","UF":"MG"}},
{"type":"Feature","geometry":{"type":"Polygon","coordinates":[[[-48.76915,-19.84463],[-48.77593,-19.88336],[-48.7664,-19.90451],[-48.75146,-19.99475],[-48.73488,-20.0126],[-48.7102,-19.98327],[-48.69227,-19.9725],[-48.6759,-19.98254],[-48.66863,-20.02152],[-48.60046,-20.04075],[-48.57304,-20.02298],[-48.55646,-20.00045],[-48.5664,-19.9755],[-48.54868,-19.92901],[-48.55542,-19.90903],[-48.54413,-19.88955],[-48.5859,-19.88145],[-48.6026,-19.85995],[-48.63493,-19.87261],[-48.6618,-19.89451],[-48.67638,-19.8804],[-48.7242,-19.87612],[-48.73983,-19.85026],[-48.76915,-19.84463]]]},"properties":{"GEOCODIGO":"3150703","NOME":"Pirajuba","UF":"MG"}},
{"type":"Feature","geometry":{"type":"Polygon","coordinates":[[[-48.73488,-20.0126],[-48.74326,-20.06129],[-48.73476,-20.0943],[-48.73924,-20.13285],[-48.72907,-20.14982],[-48.70665,-20.15975],[-48.63727,-20.16488],[-48.59279,-20.13534],[-48.53692,-20.13317],[-48.54201,-20.1035],[-48.52826,-20.06799],[-48.53949,-20.04925],[-48.55646,-20.00045],[-48.57304,-20.02298],[-48.60046,-20.04075],[-48.66863,-20.02152],[-48.6759,-19.98254],[-48.69227,-19.9725],[-48.7102,-19.98327],[-48.73488,-20.0126]]]},"properties":{"GEOCODIGO":"3151602","NOME":"Planura","UF":"MG"}},
{"type":"Feature","geometry":{"type":"Polygon","coordinates":[[[-48.66801,-18.34497],[-48.63601,-18.36545],[-48.62183,-18.38312],[-48.59314,-18.38502],[-48.58685,-18.42083],[-48.60541,-18.4768],[-48.5705,-18.49917],[-48.58459,-18.52631],[-48.5324,-18.58602],[-48.51794,-18.59592],[-48.48946,-18.59702],[-48.44103,-18.65763],[-48.40818,-18.65259],[-48.3982,-18.63348],[-48.37759,-18.6411],[-48.36429,-18.62986],[-48.32961,-18.63321],[-48.32914,-18.67203],[-48.30733,-18.72644],[-48.25616,-18.7306],[-48.27715,-18.75214],[-48.26085,-18.77458],[-48.21845,-18.7563],[-48.1871,-18.76444],[-48.19946,-18.78957],[-48.17054,-18.78549],[-48.15505,-18.81314],[-48.11494,-18.80078],[-48.10663,-18.84952],[-48.07805,-18.86195],[-48.08203,-18.883],[-48.06293,-18.88562],[-48.03318,-18.88142],[-48.01344,-18.86434],[-47.9836,-18.87566],[-47.9499,-18.84298],[-47.8964,-18.82663],[-47.87477,-18.8289],[-47.88745,-18.79825],[-47.87244,-18.77819],[-47.87757,-18.75172],[-47.8723,-18.72118],[-47.8936,-18.67579],[-47.89346,-18.65968],[-47.94096,-18.65297],[-47.97288,-18.63966],[-47.9656,-18.61474],[-47.98029,-18.59866],[-47.97209,-18.55558],[-47.94871,-18.5388],[-47.95449,-18.49982],[-47.97946,-18.46223],[-48.01126,-18.45164],[-48.03893,-18.43328],[-48.0476,-18.41651],[-48.06859,-18.42734],[-48.11559,-18.42595],[-48.14735,-18.40775],[-48.15894,-18.37657],[-48.19552,-18.36373],[-48.22051,-18.36183],[-48.22843,-18.3442],[-48.25495,-18.34353],[-48.27553,-18.32954],[-48.28786,-18.34823],[-48.3145,-18.36369],[-48.32388,-18.38134],[-48.34907,-18.36593],[-48.40004,-18.37141],[-48.40932,-18.35493],[-48.43007,-18.3647],[-48.44897,-18.35669],[-48.48366,-18.37812],[-48.48725,-18.3516],[-48.5152,-18.36596],[-48.52576,-18.35352],[-48.55409,-18.34649],[-48.56096,-18.32343],[-48.6019,-18.33436],[-48.63337,-18.32719],[-48.64672,-18.34343],[-48.66801,-18.34497]]]},"properties":{"GEOCODIGO":"3103504","NOME":"Araguari","UF":"MG"}},
{"type":"Feature","geometry":{"type":"Polygon","coordinates":[[[-48.54413,-19.88955],[-48.55542,-19.90903],[-48.54868,-19.92901],[-48.5664,-19.9755],[-48.55646,-20.00045],[-48.53949,-20.04925],[-48.52826,-20.06799],[-48.54201,-20.1035],[-48.53692,-20.13317],[-48.50877,-20.13833],[-48.47576,-20.1343],[-48.43857,-20.11975],[-48.40532,-20.11304],[-48.37448,-20.12263],[-48.31668,-20.11288],[-48.2857,-20.13632],[-48.25423,-20.14335],[-48.21729,-20.12482],[-48.22767,-20.10374],[-48.25297,-20.07745],[-48.24368,-20.04694],[-48.22804,-20.02775],[-48.20266,-20.0447],[-48.14896,-20.01889],[-48.12588,-19.99278],[-48.13737,-19.96604],[-48.16671,-19.94596],[-48.16645,-19.92477],[-48.14874,-19.90651],[-48.15346,-19.88129],[-48.22824,-19.84454],[-48.2358,-19.83767],[-48.27219,-19.76884],[-48.32555,-19.73867],[-48.34007,-19.75829],[-48.3446,-19.78297],[-48.33096,-19.80826],[-48.34498,-19.8241],[-48.36156,-19.80767],[-48.39529,-19.7912],[-48.41761,-19.791],[-48.45285,-19.77763],[-48.47224,-19.77572],[-48.47045,-19.81021],[-48.48311,-19.83808],[-48.50401,-19.84614],[-48.51493,-19.86416],[-48.54413,-19.88955]]]},"properties":{"GEOCODIGO":"3117306","NOME":"Conceição das Alagoas","UF":"MG"}},
{"type":"Feature","geometry":{"type":"Polygon","coordinates":[[[-48.54663,-19.54243],[-48.52415,-19.57034],[-48.53312,-19.59321],[-48.51218,-19.60463],[-48.4843,-19.60331],[-48.49091,-19.62621],[-48.47012,-19.65803],[-48.47201,-19.68106],[-48.44358,-19.70763],[-48.45285,-19.77763],[-48.41761,-19.791],[-48.39529,-19.7912],[-48.36156,-19.80767],[-48.34498,-19.8241],[-48.33096,-19.80826],[-48.3446,-19.78297],[-48.34007,-19.75829],[-48.32555,-19.73867],[-48.3049,-19.7276],[-48.25957,-19.71444],[-48.21302,-19.6931],[-48.1806,-19.69431],[-48.16604,-19.64314],[-48.1735,-19.62229],[-48.16681,-19.5966],[-48.14617,-19.57858],[-48.15958,-19.54343],[-48.17619,-19.53841],[-48.19357,-19.51799],[-48.21407,-19.50765],[-48.22358,-19.48611],[-48.25013,-19.47115],[-48.26946,-19.43944],[-48.30454,-19.4483],[-48.34268,-19.42827],[-48.35271,-19.41339],[-48.39855,-19.41014],[-48.41171,-19.42751],[-48.41463,-19.46093],[-48.40783,-19.48276],[-48.44063,-19.50715],[-48.47952,-19.52734],[-48.51345,-19.52076],[-48.54663,-19.54243]]]},"properties":{"GEOCODIGO":"3171105","NOME":"Veríssimo","UF":"MG"}},
{"type":"Feature","geometry":{"type":"Polygon","coordinates":[[[-48.35271,-19.41339],[-48.34268,-19.42827],[-48.30454,-19.4483],[-48.26946,-19.43944],[-48.25013,-19.47115],[-48.22358,-19.48611],[-48.21407,-19.50765],[-48.19357,-19.51799],[-48.17619,-19.53841],[-48.15958,-19.54343],[-48.14617,-19.57858],[-48.16681,-19.5966],[-48.1735,-19.62229],[-48.16604,-19.64314],[-48.1806,-19.69431],[-48.21302,-19.6931],[-48.25957,-19.71444],[-48.3049,-19.7276],[-48.32555,-19.73867],[-48.27219,-19.76884],[-48.2358,-19.83767],[-48.22824,-19.84454],[-48.15346,-19.88129],[-48.13088,-19.85194],[-48.08421,-19.86172],[-48.06943,-19.85151],[-48.02051,-19.88911],[-48.00701,-19.90914],[-48.03507,-19.95424],[-48.01327,-19.96176],[-47.99457,-19.99341],[-47.98094,-20.03618],[-47.94557,-20.06],[-47.94195,-20.09453],[-47.91251,-20.11985],[-47.89314,-20.12304],[-47.87463,-20.0979],[-47.86101,-20.04454],[-47.87476,-20.0181],[-47.85211,-19.98935],[-47.85615,-19.97727],[-47.83857,-19.95853],[-47.86228,-19.87573],[-47.83834,-19.8634],[-47.82338,-19.88655],[-47.79268,-19.90679],[-47.75651,-19.90269],[-47.71118,-19.8776],[-47.69349,-19.84098],[-47.69318,-19.81583],[-47.66907,-19.7726],[-47.63896,-19.7294],[-47.64665,-19.70386],[-47.64018,-19.68131],[-47.60485,-19.67067],[-47.60385,-19.64786],[-47.5838,-19.63158],[-47.58896,-19.61768],[-47.61476,-19.59541],[-47.61451,-19.56525],[-47.63459,-19.5589],[-47.6849,-19.56723],[-47.73546,-19.54498],[-47.77205,-19.5116],[-47.77971,-19.49499],[-47.76957,-19.4744],[-47.78365,-19.4341],[-47.77487,-19.42116],[-47.79221,-19.38851],[-47.7976,-19.34955],[-47.79074,-19.32201],[-47.79854,-19.30628],[-47.78775,-19.26492],[-47.80677,-19.22158],[-47.79999,-19.2007],[-47.80832,-19.17815],[-47.83476,-19.15573],[-47.8494,-19.11734],[-47.85185,-19.09383],[-47.89288,-19.10671],[-47.91296,-19.09687],[-47.92012,-19.13397],[-47.90751,-19.17487],[-47.90346,-19.21279],[-47.91757,-19.26551],[-47.94588,-19.29142],[-47.94596,-19.31006],[-47.95965,-19.33714],[-47.98132,-19.32725],[-47.98441,-19.28431],[-47.99827,-19.25559],[-48.02868,-19.24347],[-48.08956,-19.23859],[-48.08895,-19.21561],[-48.11187,-19.18984],[-48.14843,-19.1595],[-48.18635,-19.14851],[-48.18875,-19.17177],[-48.22886,-19.19019],[-48.22591,-19.21652],[-48.26632,-19.23608],[-48.30649,-19.28267],[-48.33993,-19.28147],[-48.31902,-19.3119],[-48.34546,-19.36891],[-48.33735,-19.39738],[-48.35271,-19.41339]]]},"properties":{"GEOCODIGO":"3170107","NOME":"Uberaba","UF":"MG"}},
{"type":"Feature","geometry":{"type":"Polygon","coordinates":[[[-48.20266,-20.0447],[-48.18138,-20.07739],[-48.17815,-20.09571],[-48.1552,-20.10483],[-48.14727,-20.12367],[-48.10503,-20.14589],[-48.07632,-20.14796],[-48.04893,-20.13677],[-48.03437,-20.11538],[-48.0194,-20.11969],[-48.00095,-20.10159],[-47.98929,-20.07249],[-47.99108,-20.0487],[-47.98094,-20.03618],[-47.99457,-19.99341],[-48.01327,-19.96176],[-48.03507,-19.95424],[-48.00701,-19.90914],[-48.02051,-19.88911],[-48.06943,-19.85151],[-48.08421,-19.86172],[-48.13088,-19.85194],[-48.15346,-19.88129],[-48.14874,-19.90651],[-48.16645,-19.92477],[-48.16671,-19.94596],[-48.13737,-19.96604],[-48.12588,-19.99278],[-48.14896,-20.01889],[-48.20266,-20.0447]]]},"properties":{"GEOCODIGO":"3100708","NOME":"Água Comprida","UF":"MG"}},
{"type":"Feature","geometry":{"type":"Polygon","coordinates":[[[-48.06293,-18.88562],[-48.03847,-18.8891],[-48.04732,-18.91061],[-48.01975,-18.91751],[-48.00944,-18.93388],[-48.0147,-18.96113],[-47.99443,-18.99272],[-47.97513,-19.00459],[-47.96285,-19.02933],[-47.95635,-19.07054],[-47.9296,-19.0706],[-47.92993,-19.09135],[-47.91296,-19.09687],[-47.89288,-19.10671],[-47.85185,-19.09383],[-47.81849,-19.08904],[-47.8021,-19.04],[-47.7561,-19.03248],[-47.73695,-19.05294],[-47.7239,-19.04025],[-47.69573,-19.05533],[-47.67021,-19.03569],[-47.66668,-18.99572],[-47.69094,-18.95592],[-47.72096,-18.93507],[-47.70854,-18.92341],[-47.69154,-18.88989],[-47.70077,-18.85502],[-47.72283,-18.82943],[-47.7458,-18.82821],[-47.79505,-18.83983],[-47.83907,-18.83772],[-47.87477,-18.8289],[-47.8964,-18.82663],[-47.9499,-18.84298],[-47.9836,-18.87566],[-48.01344,-18.86434],[-48.03318,-18.88142],[-48.06293,-18.88562]]]},"properties":{"GEOCODIGO":"3130705","NOME":"Indianópolis","UF":"MG"}},
{"type":"Feature","geometry":{"type":"Polygon","coordinates":[[[-47.95449,-18.49982],[-47.94871,-18.5388],[-47.97209,-18.55558],[-47.98029,-18.59866],[-47.9656,-18.61474],[-47.97288,-18.63966],[-47.94096,-18.65297],[-47.89346,-18.65968],[-47.8936,-18.67579],[-47.86209,-18.68141],[-47.83082,-18.64288],[-47.80844,-18.63802],[-47.79688,-18.61819],[-47.79691,-18.59668],[-47.75736,-18.57518],[-47.77791,-18.54966],[-47.7881,-18.51319],[-47.81646,-18.50917],[-47.84638,-18.45411],[-47.86431,-18.44888],[-47.86279,-18.46928],[-47.88746,-18.47676],[-47.91383,-18.46612],[-47.95449,-18.49982]]]},"properties":{"GEOCODIGO":"3115003","NOME":"Cascalho Rico","UF":"MG"}},
{"type":"Feature","geometry":{"type":"Polygon","coordinates":[[[-47.75651,-19.90269],[-47.79268,-19.90679],[-47.82338,-19.88655],[-47.83834,-19.8634],[-47.86228,-19.87573],[-47.83857,-19.95853],[-47.85615,-19.97727],[-47.85211,-19.98935],[-47.83423,-19.9956],[-47.80521,-19.98466],[-47.76423,-19.98522],[-47.7529,-19.94656],[-47.76868,-19.91463],[-47.75651,-19.90269]]]},"properties":{"GEOCODIGO":"3121258","NOME":"Delta","UF":"MG"}},
{"type":"Feature","geometry":{"type":"Polygon","coordinates":[[[-47.8936,-18.67579],[-47.8723,-18.72118],[-47.87757,-18.75172],[-47.87244,-18.77819],[-47.88745,-18.79825],[-47.87477,-18.8289],[-47.83907,-18.83772],[-47.79505,-18.83983],[-47.7458,-18.82821],[-47.72283,-18.82943],[-47.70077,-18.85502],[-47.69154,-18.88989],[-47.70854,-18.92341],[-47.66993,-18.94157],[-47.66663,-18.91816],[-47.64671,-18.88427],[-47.65854,-18.83884],[-47.64944,-18.82299],[-47.65774,-18.80231],[-47.61207,-18.79815],[-47.62066,-18.74497],[-47.6034,-18.72753],[-47.57899,-18.71983],[-47.60741,-18.67972],[-47.58391,-18.61811],[-47.60396,-18.612],[-47.60837,-18.58602],[-47.62241,-18.58563],[-47.63687,-18.53093],[-47.66507,-18.54204],[-47.68377,-18.55602],[-47.7161,-18.55212],[-47.72495,-18.56355],[-47.75736,-18.57518],[-47.79691,-18.59668],[-47.79688,-18.61819],[-47.80844,-18.63802],[-47.83082,-18.64288],[-47.86209,-18.68141],[-47.8936,-18.67579]]]},"properties":{"GEOCODIGO":"3124807","NOME":"Estrela do Sul","UF":"MG"}},
{"type":"Feature","geometry":{"type":"Polygon","coordinates":[[[-47.85185,-19.09383],[-47.8494,-19.11734],[-47.83476,-19.15573],[-47.80832,-19.17815],[-47.79999,-19.2007],[-47.80677,-19.22158],[-47.78775,-19.26492],[-47.79854,-19.30628],[-47.79074,-19.32201],[-47.7976,-19.34955],[-47.79221,-19.38851],[-47.77487,-19.42116],[-47.78365,-19.4341],[-47.76957,-19.4744],[-47.77971,-19.49499],[-47.77205,-19.5116],[-47.73546,-19.54498],[-47.6849,-19.56723],[-47.63459,-19.5589],[-47.61451,-19.56525],[-47.58725,-19.56974],[-47.57141,-19.54772],[-47.59971,-19.53595],[-47.63251,-19.48094],[-47.63379,-19.45759],[-47.61761,-19.44165],[-47.62013,-19.42724],[-47.63493,-19.41514],[-47.65096,-19.37788],[-47.64216,-19.34561],[-47.63582,-19.27846],[-47.65346,-19.23811],[-47.65579,-19.20839],[-47.63993,-19.19704],[-47.64654,-19.15991],[-47.61799,-19.15004],[-47.56983,-19.10506],[-47.57766,-19.07998],[-47.59902,-19.06254],[-47.57469,-19.0131],[-47.60673,-19.01629],[-47.64299,-18.98167],[-47.66993,-18.94157],[-47.70854,-18.92341],[-47.72096,-18.93507],[-47.69094,-18.95592],[-47.66668,-18.99572],[-47.67021,-19.03569],[-47.69573,-19.05533],[-47.7239,-19.04025],[-47.73695,-19.05294],[-47.7561,-19.03248],[-47.8021,-19.04],[-47.81849,-19.08904],[-47.85185,-19.09383]]]},"properties":{"GEOCODIGO":"3145000","NOME":"Nova Ponte","UF":"MG"}},
{"type":"Feature","geometry":{"type":"Polygon","coordinates":[[[-47.76959,-18.41817],[-47.79952,-18.41444],[-47.80793,-18.39976],[-47.82929,-18.41084],[-47.83659,-18.43537],[-47.86431,-18.44888],[-47.84638,-18.45411],[-47.81646,-18.50917],[-47.7881,-18.51319],[-47.77791,-18.54966],[-47.75736,-18.57518],[-47.72495,-18.56355],[-47.7161,-18.55212],[-47.68377,-18.55602],[-47.66507,-18.54204],[-47.66763,-18.51515],[-47.72049,-18.48804],[-47.72413,-18.46725],[-47.71093,-18.45745],[-47.72549,-18.43217],[-47.76959,-18.41817]]]},"properties":{"GEOCODIGO":"3127909","NOME":"Grupiara","UF":"MG"}},
{"type":"Feature","geometry":{"type":"Polygon","coordinates":[[[-47.75651,-19.90269],[-47.76868,-19.91463],[-47.7529,-19.94656],[-47.76423,-19.98522],[-47.73323,-19.98746],[-47.71224,-19.97768],[-47.6757,-20.00145],[-47.67039,-20.02172],[-47.6364,-20.04839],[-47.61354,-20.04164],[-47.5943,-20.02542],[-47.58338,-19.99619],[-47.5592,-19.99615],[-47.53117,-19.98269],[-47.50649,-19.98194],[-47.48083,-19.96839],[-47.50876,-19.94644],[-47.50529,-19.91882],[-47.52485,-19.91792],[-47.54679,-19.89332],[-47.53957,-19.87746],[-47.54409,-19.83512],[-47.52349,-19.77657],[-47.57152,-19.74832],[-47.58207,-19.71204],[-47.60485,-19.67067],[-47.64018,-19.68131],[-47.64665,-19.70386],[-47.63896,-19.7294],[-47.66907,-19.7726],[-47.69318,-19.81583],[-47.69349,-19.84098],[-47.71118,-19.8776],[-47.75651,-19.90269]]]},"properties":{"GEOCODIGO":"3118205","NOME":"Conquista","UF":"MG"}},
{"type":"Feature","geometry":{"type":"Polygon","coordinates":[[[-47.76959,-18.41817],[-47.72549,-18.43217],[-47.71093,-18.45745],[-47.68062,-18.45284],[-47.64646,-18.46547],[-47.62246,-18.48343],[-47.58468,-18.48187],[-47.57329,-18.50669],[-47.55088,-18.52466],[-47.5276,-18.51548],[-47.49621,-18.51878],[-47.45388,-18.46748],[-47.48132,-18.45677],[-47.50296,-18.4025],[-47.53616,-18.39642],[-47.57782,-18.40871],[-47.61141,-18.38152],[-47.63099,-18.3798],[-47.64138,-18.35655],[-47.67907,-18.35547],[-47.69588,-18.37681],[-47.71502,-18.36342],[-47.73652,-18.36214],[-47.76959,-18.41817]]]},"properties":{"GEOCODIGO":"3123502","NOME":"Douradoquara","UF":"MG"}},
{"type":"Feature","geometry":{"type":"Polygon","coordinates":[[[-47.71093,-18.45745],[-47.72413,-18.46725],[-47.72049,-18.48804],[-47.66763,-18.51515],[-47.66507,-18.54204],[-47.63687,-18.53093],[-47.62241,-18.58563],[-47.60837,-18.58602],[-47.60396,-18.612],[-47.58391,-18.61811],[-47.60741,-18.67972],[-47.57899,-18.71983],[-47.6034,-18.72753],[-47.62066,-18.74497],[-47.61207,-18.79815],[-47.59546,-18.82378],[-47.50429,-18.81314],[-47.48743,-18.82485],[-47.45566,-18.83097],[-47.45891,-18.85872],[-47.42957,-18.88543],[-47.42899,-18.89888],[-47.47598,-18.91203],[-47.49593,-18.93473],[-47.49352,-18.96244],[-47.45859,-18.97826],[-47.40734,-18.96051],[-47.34085,-18.95961],[-47.30701,-18.92865],[-47.27973,-18.92777],[-47.27032,-18.89718],[-47.2921,-18.89498],[-47.28868,-18.87164],[-47.30437,-18.84841],[-47.30138,-18.82353],[-47.31565,-18.78905],[-47.30603,-18.77187],[-47.2681,-18.74412],[-47.30596,-18.69833],[-47.3383,-18.67667],[-47.34615,-18.63323],[-47.33185,-18.58886],[-47.34057,-18.56059],[-47.37315,-18.53603],[-47.39858,-18.55887],[-47.41432,-18.55398],[-47.41591,-18.53311],[-47.44924,-18.51299],[-47.45388,-18.46748],[-47.49621,-18.51878],[-47.5276,-18.51548],[-47.55088,-18.52466],[-47.57329,-18.50669],[-47.58468,-18.48187],[-47.62246,-18.48343],[-47.64646,-18.46547],[-47.68062,-18.45284],[-47.71093,-18.45745]]]},"properties":{"GEOCODIGO":"3143104","NOME":"Monte Carmelo","UF":"MG"}},
{"type":"Feature","geometry":{"type":"Polygon","coordinates":[[[-47.66993,-18.94157],[-47.64299,-18.98167],[-47.60673,-19.01629],[-47.57469,-19.0131],[-47.55004,-19.00206],[-47.53677,-19.00852],[-47.50007,-18.99256],[-47.49352,-18.96244],[-47.49593,-18.93473],[-47.47598,-18.91203],[-47.42899,-18.89888],[-47.42957,-18.88543],[-47.45891,-18.85872],[-47.45566,-18.83097],[-47.48743,-18.82485],[-47.50429,-18.81314],[-47.59546,-18.82378],[-47.61207,-18.79815],[-47.65774,-18.80231],[-47.64944,-18.82299],[-47.65854,-18.83884],[-47.64671,-18.88427],[-47.66663,-18.91816],[-47.66993,-18.94157]]]},"properties":{"GEOCODIGO":"3156403","NOME":"Romaria","UF":"MG"}},
{"type":"Feature","geometry":{"type":"Polygon","coordinates":[[[-47.63993,-19.19704],[-47.65579,-19.20839],[-47.65346,-19.23811],[-47.63582,-19.27846],[-47.64216,-19.34561],[-47.65096,-19.37788],[-47.63493,-19.41514],[-47.62013,-19.42724],[-47.59141,-19.43616],[-47.57052,-19.46295],[-47.52296,-19.49433],[-47.49202,-19.54129],[-47.46454,-19.56255],[-47.4243,-19.55361],[-47.41304,-19.52553],[-47.35421,-19.42467],[-47.3833,-19.35456],[-47.40851,-19.35255],[-47.4014,-19.29912],[-47.40573,-19.27473],[-47.44398,-19.28055],[-47.46963,-19.27017],[-47.48443,-19.28389],[-47.50462,-19.2673],[-47.53387,-19.26894],[-47.56266,-19.24846],[-47.57944,-19.22266],[-47.62796,-19.20682],[-47.63993,-19.19704]]]},"properties":{"GEOCODIGO":"3157708","NOME":"Santa Juliana","UF":"MG"}},
{"type":"Feature","geometry":{"type":"Polygon","coordinates":[[[-47.67907,-18.35547],[-47.64138,-18.35655],[-47.63099,-18.3798],[-47.61141,-18.38152],[-47.57782,-18.40871],[-47.53616,-18.39642],[-47.50296,-18.4025],[-47.48132,-18.45677],[-47.45388,-18.46748],[-47.44924,-18.51299],[-47.41591,-18.53311],[-47.41432,-18.55398],[-47.39858,-18.55887],[-47.37315,-18.53603],[-47.34057,-18.56059],[-47.33185,-18.58886],[-47.3118,-18.58629],[-47.29813,-18.55004],[-47.33101,-18.53651],[-47.3329,-18.50313],[-47.31293,-18.44946],[-47.31349,-18.41654],[-47.33391,-18.38427],[-47.34816,-18.34878],[-47.32765,-18.32116],[-47.3716,-18.28381],[-47.34793,-18.23861],[-47.37121,-18.22393],[-47.4101,-18.22101],[-47.40752,-18.20317],[-47.42907,-18.18049],[-47.4296,-18.16535],[-47.45079,-18.15871],[-47.46218,-18.17562],[-47.48945,-18.19197],[-47.51515,-18.19592],[-47.52705,-18.22578],[-47.53969,-18.21687],[-47.54013,-18.19292],[-47.57051,-18.21986],[-47.60618,-18.24364],[-47.60686,-18.26343],[-47.62946,-18.27679],[-47.63232,-18.29116],[-47.61017,-18.31287],[-47.64574,-18.33977],[-47.66201,-18.33462],[-47.67907,-18.35547]]]},"properties":{"GEOCODIGO":"3100104","NOME":"Abadia dos Dourados","UF":"MG"}},
{"type":"Feature","geometry":{"type":"Polygon","coordinates":[[[-47.56983,-19.10506],[-47.61799,-19.15004],[-47.64654,-19.15991],[-47.63993,-19.19704],[-47.62796,-19.20682],[-47.57944,-19.22266],[-47.56266,-19.24846],[-47.53387,-19.26894],[-47.50462,-19.2673],[-47.48443,-19.28389],[-47.46963,-19.27017],[-47.44398,-19.28055],[-47.40573,-19.27473],[-47.38718,-19.22883],[-47.3976,-19.22552],[-47.40568,-19.17824],[-47.42829,-19.14568],[-47.44121,-19.13925],[-47.46934,-19.1198],[-47.48448,-19.12755],[-47.52663,-19.10021],[-47.56983,-19.10506]]]},"properties":{"GEOCODIGO":"3149200","NOME":"Pedrinópolis","UF":"MG"}},
{"type":"Feature","geometry":{"type":"Polygon","coordinates":[[[-47.62013,-19.42724],[-47.61761,-19.44165],[-47.63379,-19.45759],[-47.63251,-19.48094],[-47.59971,-19.53595],[-47.57141,-19.54772],[-47.58725,-19.56974],[-47.61451,-19.56525],[-47.61476,-19.59541],[-47.58896,-19.61768],[-47.5838,-19.63158],[-47.60385,-19.64786],[-47.60485,-19.67067],[-47.58207,-19.71204],[-47.57152,-19.74832],[-47.52349,-19.77657],[-47.54409,-19.83512],[-47.53957,-19.87746],[-47.54679,-19.89332],[-47.52485,-19.91792],[-47.50529,-19.91882],[-47.50876,-19.94644],[-47.48083,-19.96839],[-47.46287,-19.96532],[-47.42398,-20.01485],[-47.44439,-20.02991],[-47.43985,-20.04836],[-47.4077,-20.0797],[-47.37116,-20.08547],[-47.35823,-20.10351],[-47.30922,-20.12403],[-47.29595,-20.14542],[-47.26133,-20.15945],[-47.25011,-20.19921],[-47.23063,-20.21868],[-47.19834,-20.22243],[-47.17737,-20.24179],[-47.15323,-20.23286],[-47.12832,-20.28533],[-47.07775,-20.27581],[-47.11486,-20.25987],[-47.10315,-20.24574],[-47.109,-20.20353],[-47.0557,-20.19516],[-46.98365,-20.1958],[-46.95642,-20.17411],[-46.92968,-20.17172],[-46.90705,-20.18134],[-46.92782,-20.15882],[-46.91884,-20.13428],[-46.89662,-20.1438],[-46.8269,-20.1423],[-46.85198,-20.11257],[-46.83384,-20.09044],[-46.83051,-20.04954],[-46.85598,-20.03524],[-46.88934,-20.03426],[-46.91157,-20.02363],[-46.94026,-20.03342],[-46.98031,-20.00638],[-47.00012,-20.0117],[-47.04023,-20.00468],[-47.0556,-19.99163],[-47.06138,-19.96589],[-47.10059,-19.90947],[-47.16104,-19.8732],[-47.17739,-19.86841],[-47.18193,-19.8466],[-47.12223,-19.84751],[-47.11045,-19.83689],[-47.07381,-19.83607],[-47.08024,-19.78443],[-47.10685,-19.76816],[-47.08462,-19.73913],[-47.0791,-19.68561],[-47.13418,-19.67604],[-47.23388,-19.64169],[-47.26376,-19.65655],[-47.28909,-19.69304],[-47.33632,-19.71233],[-47.35295,-19.7382],[-47.39537,-19.73447],[-47.41685,-19.70939],[-47.45657,-19.64464],[-47.44784,-19.59515],[-47.46454,-19.56255],[-47.49202,-19.54129],[-47.52296,-19.49433],[-47.57052,-19.46295],[-47.59141,-19.43616],[-47.62013,-19.42724]]]},"properties":{"GEOCODIGO":"3156908","NOME":"Sacramento","UF":"MG"}},
{"type":"Feature","geometry":{"type":"Polygon","coordinates":[[[-47.57469,-19.0131],[-47.59902,-19.06254],[-47.57766,-19.07998],[-47.56983,-19.10506],[-47.52663,-19.10021],[-47.48448,-19.12755],[-47.46934,-19.1198],[-47.44121,-19.13925],[-47.43442,-19.12274],[-47.38882,-19.12746],[-47.37515,-19.09259],[-47.38096,-19.06057],[-47.34232,-19.02128],[-47.34096,-18.98799],[-47.32449,-18.96871],[-47.34085,-18.95961],[-47.40734,-18.96051],[-47.45859,-18.97826],[-47.49352,-18.96244],[-47.50007,-18.99256],[-47.53677,-19.00852],[-47.55004,-19.00206],[-47.57469,-19.0131]]]},"properties":{"GEOCODIGO":"3131604","NOME":"Iraí de Minas","UF":"MG"}},
{"type":"Feature","geometry":{"type":"Polygon","coordinates":[[[-47.46454,-19.56255],[-47.44784,-19.59515],[-47.45657,-19.64464],[-47.41685,-19.70939],[-47.39537,-19.73447],[-47.35295,-19.7382],[-47.33632,-19.71233],[-47.28909,-19.69304],[-47.26376,-19.65655],[-47.23388,-19.64169],[-47.20901,-19.63436],[-47.21579,-19.61815],[-47.19346,-19.56507],[-47.15851,-19.54223],[-47.13774,-19.53567],[-47.12102,-19.55734],[-47.08899,-19.56488],[-47.0701,-19.54612],[-47.04435,-19.54086],[-47.03449,-19.5054],[-47.01007,-19.48732],[-47.02179,-19.46786],[-47.01532,-19.44335],[-46.98987,-19.4317],[-46.96243,-19.4484],[-46.94104,-19.44475],[-46.92949,-19.47925],[-46.91009,-19.48234],[-46.88675,-19.47236],[-46.85582,-19.46616],[-46.84887,-19.44074],[-46.85371,-19.41677],[-46.84854,-19.3909],[-46.85996,-19.38174],[-46.84299,-19.35239],[-46.84657,-19.33377],[-46.83754,-19.30314],[-46.85665,-19.28606],[-46.8834,-19.2845],[-46.91138,-19.27099],[-46.9299,-19.29143],[-46.95471,-19.28413],[-46.95754,-19.26897],[-46.98001,-19.2725],[-47.00629,-19.26061],[-47.02054,-19.23742],[-47.05341,-19.20735],[-47.0824,-19.21447],[-47.08723,-19.18192],[-47.11662,-19.1797],[-47.14413,-19.18633],[-47.16871,-19.1641],[-47.21374,-19.13998],[-47.22901,-19.15161],[-47.26326,-19.14261],[-47.28865,-19.15734],[-47.31318,-19.12957],[-47.33196,-19.12341],[-47.37429,-19.13354],[-47.38882,-19.12746],[-47.43442,-19.12274],[-47.44121,-19.13925],[-47.42829,-19.14568],[-47.40568,-19.17824],[-47.3976,-19.22552],[-47.38718,-19.22883],[-47.40573,-19.27473],[-47.4014,-19.29912],[-47.40851,-19.35255],[-47.3833,-19.35456],[-47.35421,-19.42467],[-47.41304,-19.52553],[-47.4243,-19.55361],[-47.46454,-19.56255]]]},"properties":{"GEOCODIGO":"3149804","NOME":"Perdizes","UF":"MG"}},
{"type":"Feature","geometry":{"type":"Polygon","coordinates":[[[-47.22291,-16.72212],[-47.23555,-16.75493],[-47.21679,-16.77961],[-47.21847,-16.80918],[-47.20057,-16.8275],[-47.20255,-16.88994],[-47.16674,-16.91462],[-47.16908,-16.93508],[-47.15791,-16.96424],[-47.12813,-16.97661],[-47.13974,-16.99672],[-47.1464,-17.0308],[-47.19765,-17.0718],[-47.23911,-17.08323],[-47.24774,-17.0981],[-47.27421,-17.10364],[-47.28298,-17.13012],[-47.32608,-17.1537],[-47.34805,-17.17577],[-47.36904,-17.21729],[-47.38403,-17.22547],[-47.38379,-17.24733],[-47.41063,-17.24878],[-47.42374,-17.32357],[-47.45385,-17.33144],[-47.46426,-17.35519],[-47.48751,-17.34905],[-47.49818,-17.33536],[-47.51644,-17.34536],[-47.51349,-17.37418],[-47.53269,-17.39947],[-47.52574,-17.43669],[-47.53628,-17.45668],[-47.51385,-17.46035],[-47.5021,-17.48507],[-47.50312,-17.51505],[-47.4764,-17.51137],[-47.45896,-17.53727],[-47.39505,-17.51167],[-47.37539,-17.52311],[-47.3204,-17.53071],[-47.31269,-17.54297],[-47.29783,-17.53345],[-47.29527,-17.49902],[-47.28682,-17.47831],[-47.26376,-17.47844],[-47.23955,-17.51117],[-47.18415,-17.49183],[-47.15194,-17.49697],[-47.14399,-17.53055],[-47.13038,-17.54919],[-47.10242,-17.54591],[-47.06313,-17.57742],[-47.03028,-17.57453],[-47.00157,-17.56067],[-47.00102,-17.54169],[-46.9738,-17.51889],[-46.97629,-17.50243],[-46.94523,-17.47417],[-46.90838,-17.46189],[-46.86549,-17.49745],[-46.8791,-17.52403],[-46.90146,-17.53119],[-46.88547,-17.57454],[-46.88582,-17.59307],[-46.85821,-17.61351],[-46.79041,-17.59681],[-46.77123,-17.61434],[-46.72621,-17.61512],[-46.67385,-17.57241],[-46.66824,-17.54315],[-46.62065,-17.52554],[-46.60945,-17.51214],[-46.58564,-17.5156],[-46.56697,-17.49416],[-46.54981,-17.48916],[-46.56377,-17.47629],[-46.54637,-17.461],[-46.54079,-17.41842],[-46.49312,-17.399],[-46.46941,-17.39996],[-46.4769,-17.35725],[-46.48755,-17.34605],[-46.46599,-17.31426],[-46.48014,-17.31074],[-46.46117,-17.27349],[-46.46743,-17.25368],[-46.43917,-17.25254],[-46.43069,-17.26546],[-46.39164,-17.25652],[-46.38627,-17.22647],[-46.36583,-17.22414],[-46.35924,-17.18421],[-46.33591,-17.18594],[-46.31072,-17.21322],[-46.28322,-17.20127],[-46.27855,-17.14151],[-46.29349,-17.1267],[-46.27108,-17.09905],[-46.27661,-17.07218],[-46.2368,-17.03902],[-46.22125,-17.00425],[-46.23813,-16.98296],[-46.25807,-16.97901],[-46.29344,-16.95671],[-46.3436,-16.9525],[-46.36455,-16.92376],[-46.38021,-16.92321],[-46.4104,-16.89104],[-46.43749,-16.90148],[-46.47268,-16.89653],[-46.48765,-16.88642],[-46.52112,-16.8829],[-46.54674,-16.88934],[-46.60574,-16.8562],[-46.63088,-16.8268],[-46.64188,-16.80223],[-46.6801,-16.79536],[-46.71621,-16.83324],[-46.7366,-16.84417],[-46.74135,-16.86491],[-46.78337,-16.86505],[-46.80987,-16.87816],[-46.83777,-16.92186],[-46.87166,-16.87313],[-46.89293,-16.86945],[-46.9216,-16.84173],[-46.91533,-16.81318],[-46.94199,-16.77299],[-46.93511,-16.698],[-46.9471,-16.68981],[-46.94427,-16.66041],[-46.95721,-16.64889],[-46.9763,-16.66765],[-46.98888,-16.65025],[-46.99955,-16.60324],[-47.02424,-16.59803],[-47.06871,-16.61887],[-47.06819,-16.63002],[-47.09693,-16.6411],[-47.10363,-16.65348],[-47.13702,-16.66906],[-47.15205,-16.69113],[-47.2046,-16.73189],[-47.22291,-16.72212]]]},"properties":{"GEOCODIGO":"3147006","NOME":"Paracatu","UF":"MG"}},
{"type":"Feature","geometry":{"type":"Polygon","coordinates":[[[-47.28355,-18.04049],[-47.28276,-18.05777],[-47.30132,-18.06915],[-47.3236,-18.0698],[-47.35735,-18.08456],[-47.36908,-18.11479],[-47.39429,-18.11668],[-47.39768,-18.13602],[-47.42834,-18.13882],[-47.4296,-18.16535],[-47.42907,-18.18049],[-47.40752,-18.20317],[-47.4101,-18.22101],[-47.37121,-18.22393],[-47.34793,-18.23861],[-47.3716,-18.28381],[-47.32765,-18.32116],[-47.34816,-18.34878],[-47.33391,-18.38427],[-47.31349,-18.41654],[-47.31293,-18.44946],[-47.3329,-18.50313],[-47.33101,-18.53651],[-47.29813,-18.55004],[-47.3118,-18.58629],[-47.33185,-18.58886],[-47.34615,-18.63323],[-47.3383,-18.67667],[-47.30596,-18.69833],[-47.2681,-18.74412],[-47.22551,-18.74847],[-47.20982,-18.76078],[-47.18668,-18.75294],[-47.15813,-18.76102],[-47.14518,-18.74181],[-47.11093,-18.73993],[-47.09705,-18.7131],[-47.05921,-18.69277],[-47.01082,-18.69548],[-46.97104,-18.72037],[-46.94824,-18.74316],[-46.88969,-18.71809],[-46.86612,-18.72942],[-46.8664,-18.70346],[-46.85098,-18.66795],[-46.81612,-18.66828],[-46.81088,-18.65046],[-46.81901,-18.62427],[-46.81399,-18.60959],[-46.82271,-18.58351],[-46.80394,-18.55276],[-46.80501,-18.52889],[-46.83701,-18.52852],[-46.88982,-18.48642],[-46.89199,-18.46731],[-46.91705,-18.4345],[-46.92894,-18.40199],[-46.9665,-18.40064],[-46.97147,-18.34654],[-46.99616,-18.32243],[-46.99157,-18.29302],[-46.97024,-18.28927],[-46.93771,-18.25994],[-46.92006,-18.26433],[-46.93671,-18.2319],[-46.93052,-18.21447],[-46.95123,-18.2063],[-46.97193,-18.22498],[-46.98641,-18.22517],[-47.00471,-18.19708],[-47.03351,-18.21214],[-47.07408,-18.2049],[-47.10404,-18.15128],[-47.09168,-18.12231],[-47.12354,-18.05743],[-47.15002,-18.04722],[-47.1546,-18.01588],[-47.17224,-18.00021],[-47.16202,-17.96124],[-47.15362,-17.94008],[-47.17203,-17.92923],[-47.21459,-17.98786],[-47.24524,-18.00471],[-47.2683,-18.00417],[-47.28307,-18.02178],[-47.28355,-18.04049]]]},"properties":{"GEOCODIGO":"3119302","NOME":"Coromandel","UF":"MG"}},
{"type":"Feature","geometry":{"type":"Polygon","coordinates":[[[-47.34085,-18.95961],[-47.32449,-18.96871],[-47.34096,-18.98799],[-47.34232,-19.02128],[-47.38096,-19.06057],[-47.37515,-19.09259],[-47.38882,-19.12746],[-47.37429,-19.13354],[-47.33196,-19.12341],[-47.31318,-19.12957],[-47.28865,-19.15734],[-47.26326,-19.14261],[-47.22901,-19.15161],[-47.21374,-19.13998],[-47.16871,-19.1641],[-47.14413,-19.18633],[-47.11662,-19.1797],[-47.08723,-19.18192],[-47.0824,-19.21447],[-47.05341,-19.20735],[-47.02054,-19.23742],[-47.00629,-19.26061],[-46.98001,-19.2725],[-46.95754,-19.26897],[-46.93612,-19.25493],[-46.90676,-19.22097],[-46.88651,-19.21414],[-46.85626,-19.18303],[-46.84112,-19.15412],[-46.80659,-19.15291],[-46.77623,-19.10456],[-46.78573,-19.07775],[-46.78346,-19.0478],[-46.75395,-19.00289],[-46.7736,-18.98121],[-46.77623,-18.95816],[-46.7507,-18.94025],[-46.78413,-18.93147],[-46.79269,-18.90158],[-46.81529,-18.87631],[-46.81768,-18.85917],[-46.78527,-18.82422],[-46.80868,-18.79718],[-46.8347,-18.78584],[-46.81629,-18.7645],[-46.82826,-18.72623],[-46.85317,-18.73894],[-46.86612,-18.72942],[-46.88969,-18.71809],[-46.94824,-18.74316],[-46.97104,-18.72037],[-47.01082,-18.69548],[-47.05921,-18.69277],[-47.09705,-18.7131],[-47.11093,-18.73993],[-47.14518,-18.74181],[-47.15813,-18.76102],[-47.18668,-18.75294],[-47.20982,-18.76078],[-47.22551,-18.74847],[-47.2681,-18.74412],[-47.30603,-18.77187],[-47.31565,-18.78905],[-47.30138,-18.82353],[-47.30437,-18.84841],[-47.28868,-18.87164],[-47.2921,-18.89498],[-47.27032,-18.89718],[-47.27973,-18.92777],[-47.30701,-18.92865],[-47.34085,-18.95961]]]},"properties":{"GEOCODIGO":"3148103","NOME":"Patrocínio","UF":"MG"}},
{"type":"Feature","geometry":{"type":"Polygon","coordinates":[[[-47.32294,-16.20921],[-47.32756,-16.24877],[-47.35042,-16.27429],[-47.36583,-16.33105],[-47.40318,-16.37537],[-47.42674,-16.39371],[-47.42684,-16.43368],[-47.45435,-16.46782],[-47.45963,-16.50464],[-47.44168,-16.52875],[-47.44327,-16.54113],[-47.40795,-16.55384],[-47.39599,-16.57954],[-47.37474,-16.59692],[-47.35441,-16.58864],[-47.33247,-16.60869],[-47.28729,-16.63307],[-47.27152,-16.66326],[-47.24797,-16.67469],[-47.24526,-16.70052],[-47.22291,-16.72212],[-47.2046,-16.73189],[-47.15205,-16.69113],[-47.13702,-16.66906],[-47.10363,-16.65348],[-47.09693,-16.6411],[-47.06819,-16.63002],[-47.06871,-16.61887],[-47.02424,-16.59803],[-46.99955,-16.60324],[-46.98888,-16.65025],[-46.9763,-16.66765],[-46.95721,-16.64889],[-46.94427,-16.66041],[-46.9471,-16.68981],[-46.93511,-16.698],[-46.94199,-16.77299],[-46.91533,-16.81318],[-46.9216,-16.84173],[-46.89293,-16.86945],[-46.87166,-16.87313],[-46.83777,-16.92186],[-46.80987,-16.87816],[-46.78337,-16.86505],[-46.74135,-16.86491],[-46.7366,-16.84417],[-46.71621,-16.83324],[-46.6801,-16.79536],[-46.64188,-16.80223],[-46.63088,-16.8268],[-46.60574,-16.8562],[-46.54674,-16.88934],[-46.52112,-16.8829],[-46.48765,-16.88642],[-46.47268,-16.89653],[-46.43749,-16.90148],[-46.4104,-16.89104],[-46.38021,-16.92321],[-46.36455,-16.92376],[-46.3436,-16.9525],[-46.29344,-16.95671],[-46.25807,-16.97901],[-46.23813,-16.98296],[-46.20577,-16.96238],[-46.20471,-16.93832],[-46.23971,-16.93221],[-46.24504,-16.91885],[-46.26869,-16.92119],[-46.26346,-16.89898],[-46.29841,-16.90585],[-46.29593,-16.88358],[-46.32121,-16.87229],[-46.33257,-16.85005],[-46.39002,-16.81782],[-46.41435,-16.76726],[-46.40602,-16.75294],[-46.43132,-16.72093],[-46.46801,-16.70079],[-46.48366,-16.7069],[-46.48986,-16.67973],[-46.47719,-16.66229],[-46.50624,-16.65061],[-46.51421,-16.63509],[-46.54622,-16.64475],[-46.56135,-16.62234],[-46.56191,-16.58498],[-46.5778,-16.57664],[-46.54063,-16.49987],[-46.52835,-16.4576],[-46.53888,-16.44028],[-46.55854,-16.37481],[-46.52313,-16.38545],[-46.51134,-16.38128],[-46.51255,-16.359],[-46.50246,-16.34121],[-46.5119,-16.3193],[-46.44235,-16.27804],[-46.4181,-16.27529],[-46.3954,-16.2609],[-46.36543,-16.27321],[-46.34235,-16.27282],[-46.32463,-16.29478],[-46.30818,-16.29875],[-46.31416,-16.25334],[-46.34416,-16.2489],[-46.34502,-16.23645],[-46.37806,-16.19267],[-46.37694,-16.17492],[-46.38727,-16.12491],[-46.41005,-16.08847],[-46.41242,-16.05841],[-46.43363,-16.04208],[-46.39354,-15.99439],[-46.39829,-15.96354],[-46.41995,-15.95212],[-46.43005,-15.93542],[-46.45034,-15.92659],[-46.44367,-15.87769],[-46.45268,-15.85464],[-46.46527,-15.84394],[-46.50688,-15.82853],[-46.52066,-15.8164],[-46.56188,-15.82603],[-46.61074,-15.81366],[-46.62882,-15.7927],[-46.66166,-15.78698],[-46.68488,-15.79873],[-46.73196,-15.81161],[-46.73938,-15.8287],[-46.76974,-15.84427],[-46.78297,-15.86331],[-46.80604,-15.87176],[-46.80846,-15.8827],[-46.95524,-15.91691],[-46.94026,-15.9317],[-46.94516,-15.98274],[-46.95334,-16.00118],[-46.93814,-16.03059],[-46.914,-16.05728],[-46.91921,-16.06865],[-46.88904,-16.11028],[-46.93396,-16.13633],[-46.9653,-16.1217],[-46.98169,-16.10391],[-46.99492,-16.10813],[-46.99459,-16.16661],[-47.00927,-16.18567],[-47.04168,-16.17532],[-47.12093,-16.19522],[-47.17166,-16.19365],[-47.2084,-16.18661],[-47.23545,-16.21255],[-47.25549,-16.21643],[-47.32294,-16.20921]]]},"properties":{"GEOCODIGO":"3170404","NOME":"Unaí","UF":"MG"}},
{"type":"Feature","geometry":{"type":"Polygon","coordinates":[[[-47.23212,-20.22705],[-47.2469,-20.25817],[-47.27214,-20.28518],[-47.29776,-20.34796],[-47.28501,-20.40527],[-47.29565,-20.42678],[-47.29056,-20.45008],[-47.25904,-20.46845],[-47.21004,-20.46255],[-47.19851,-20.4497],[-47.19037,-20.40077],[-47.1932,-20.38237],[-47.2154,-20.36798],[-47.22126,-20.34716],[-47.21061,-20.32912],[-47.18825,-20.31983],[-47.18424,-20.29008],[-47.19987,-20.26068],[-47.22628,-20.24178],[-47.23212,-20.22705]]]},"properties":{"GEOCODIGO":"3116407","NOME":"Claraval","UF":"MG"}},
{"type":"Feature","geometry":{"type":"Polygon","coordinates":[[[-47.31269,-17.54297],[-47.28879,-17.571],[-47.26535,-17.60999],[-47.26783,-17.63726],[-47.28094,-17.65279],[-47.26954,-17.67375],[-47.31098,-17.69769],[-47.3174,-17.72618],[-47.34229,-17.744],[-47.33227,-17.76616],[-47.35404,-17.78708],[-47.3516,-17.81467],[-47.37262,-17.82949],[-47.35327,-17.87046],[-47.35662,-17.89733],[-47.34251,-17.90151],[-47.34015,-17.93695],[-47.3134,-17.96276],[-47.32251,-17.98403],[-47.28355,-18.04049],[-47.28307,-18.02178],[-47.2683,-18.00417],[-47.24524,-18.00471],[-47.21459,-17.98786],[-47.17203,-17.92923],[-47.15362,-17.94008],[-47.16202,-17.96124],[-47.11796,-17.9425],[-47.09963,-17.90535],[-47.06576,-17.93642],[-47.04043,-17.94067],[-47.0081,-17.92242],[-46.99623,-17.89993],[-46.97166,-17.89863],[-46.96484,-17.8672],[-46.94096,-17.84718],[-46.94552,-17.79384],[-46.92304,-17.76696],[-46.91629,-17.72064],[-46.8906,-17.68854],[-46.87715,-17.62364],[-46.85821,-17.61351],[-46.88582,-17.59307],[-46.88547,-17.57454],[-46.90146,-17.53119],[-46.8791,-17.52403],[-46.86549,-17.49745],[-46.90838,-17.46189],[-46.94523,-17.47417],[-46.97629,-17.50243],[-46.9738,-17.51889],[-47.00102,-17.54169],[-47.00157,-17.56067],[-47.03028,-17.57453],[-47.06313,-17.57742],[-47.10242,-17.54591],[-47.13038,-17.54919],[-47.14399,-17.53055],[-47.15194,-17.49697],[-47.18415,-17.49183],[-47.23955,-17.51117],[-47.26376,-17.47844],[-47.28682,-17.47831],[-47.29527,-17.49902],[-47.29783,-17.53345],[-47.31269,-17.54297]]]},"properties":{"GEOCODIGO":"3128600","NOME":"Guarda-Mor","UF":"MG"}},
{"type":"Feature","geometry":{"type":"Polygon","coordinates":[[[-47.25904,-20.46845],[-47.21104,-20.50182],[-47.15407,-20.51908],[-47.13721,-20.56063],[-47.11304,-20.5383],[-47.07118,-20.537],[-47.06801,-20.52776],[-47.04902,-20.51853],[-47.03637,-20.47852],[-47.00362,-20.46201],[-47.01211,-20.43261],[-46.98862,-20.41759],[-46.95914,-20.3805],[-46.9749,-20.37761],[-46.98246,-20.33789],[-46.99967,-20.31576],[-47.04947,-20.31],[-47.05941,-20.2875],[-47.07775,-20.27581],[-47.12832,-20.28533],[-47.15323,-20.23286],[-47.17737,-20.24179],[-47.19834,-20.22243],[-47.23063,-20.21868],[-47.23212,-20.22705],[-47.22628,-20.24178],[-47.19987,-20.26068],[-47.18424,-20.29008],[-47.18825,-20.31983],[-47.21061,-20.32912],[-47.22126,-20.34716],[-47.2154,-20.36798],[-47.1932,-20.38237],[-47.19037,-20.40077],[-47.19851,-20.4497],[-47.21004,-20.46255],[-47.25904,-20.46845]]]},"properties":{"GEOCODIGO":"3129707","NOME":"Ibiraci","UF":"MG"}},
{"type":"Feature","geometry":{"type":"Polygon","coordinates":[[[-47.22654,-20.85516],[-47.23959,-20.88481],[-47.21001,-20.92366],[-47.18959,-20.92774],[-47.18153,-20.95317],[-47.14737,-20.97202],[-47.14329,-20.98191],[-47.15658,-21.01835],[-47.14759,-21.03503],[-47.1238,-21.03034],[-47.10828,-21.01661],[-47.07782,-21.02138],[-47.04137,-21.00873],[-46.9792,-21.02839],[-46.93536,-21.06323],[-46.89175,-21.0667],[-46.87879,-21.02787],[-46.84512,-20.99878],[-46.81317,-20.99748],[-46.79803,-20.976],[-46.81256,-20.9532],[-46.80446,-20.92821],[-46.84515,-20.91538],[-46.87467,-20.88572],[-46.89593,-20.86519],[-46.92254,-20.8237],[-46.94588,-20.81968],[-46.9632,-20.7925],[-46.98542,-20.75902],[-47.00011,-20.75559],[-47.02918,-20.73139],[-47.04684,-20.80214],[-47.03996,-20.82562],[-47.05986,-20.84634],[-47.08478,-20.83639],[-47.10617,-20.85047],[-47.13917,-20.85571],[-47.15073,-20.87808],[-47.19567,-20.87659],[-47.19772,-20.86285],[-47.22654,-20.85516]]]},"properties":{"GEOCODIGO":"3164704","NOME":"São Sebastião do Paraíso","UF":"MG"}},
{"type":"Feature","geometry":{"type":"Polygon","coordinates":[[[-47.22654,-20.85516],[-47.19772,-20.86285],[-47.19567,-20.87659],[-47.15073,-20.87808],[-47.13917,-20.85571],[-47.10617,-20.85047],[-47.08478,-20.83639],[-47.05986,-20.84634],[-47.03996,-20.82562],[-47.04684,-20.80214],[-47.02918,-20.73139],[-47.07365,-20.71529],[-47.10079,-20.68269],[-47.11485,-20.70673],[-47.14862,-20.70714],[-47.18576,-20.73191],[-47.18837,-20.77015],[-47.20437,-20.77387],[-47.22431,-20.79962],[-47.21404,-20.82674],[-47.22654,-20.85516]]]},"properties":{"GEOCODIGO":"3165107","NOME":"São Tomás de Aquino","UF":"MG"}},
{"type":"Feature","geometry":{"type":"Polygon","coordinates":[[[-47.23388,-19.64169],[-47.13418,-19.67604],[-47.0791,-19.68561],[-47.08462,-19.73913],[-47.10685,-19.76816],[-47.08024,-19.78443],[-47.07381,-19.83607],[-47.0592,-19.81486],[-47.0307,-19.80363],[-47.01059,-19.80522],[-46.97778,-19.7812],[-46.93179,-19.77708],[-46.89123,-19.7883],[-46.85666,-19.79072],[-46.82575,-19.77432],[-46.83762,-19.74769],[-46.78315,-19.70006],[-46.76163,-19.67442],[-46.75959,-19.65031],[-46.73907,-19.62725],[-46.74093,-19.61608],[-46.78957,-19.59549],[-46.81692,-19.57548],[-46.83457,-19.55065],[-46.85898,-19.54135],[-46.86229,-19.50492],[-46.88407,-19.49073],[-46.88675,-19.47236],[-46.91009,-19.48234],[-46.92949,-19.47925],[-46.94104,-19.44475],[-46.96243,-19.4484],[-46.98987,-19.4317],[-47.01532,-19.44335],[-47.02179,-19.46786],[-47.01007,-19.48732],[-47.03449,-19.5054],[-47.04435,-19.54086],[-47.0701,-19.54612],[-47.08899,-19.56488],[-47.12102,-19.55734],[-47.13774,-19.53567],[-47.15851,-19.54223],[-47.19346,-19.56507],[-47.21579,-19.61815],[-47.20901,-19.63436],[-47.23388,-19.64169]]]},"properties":{"GEOCODIGO":"3104007","NOME":"Araxá","UF":"MG"}},
{"type":"Feature","geometry":{"type":"Polygon","coordinates":[[[-46.95524,-15.91691],[-47.02004,-15.92838],[-47.05483,-15.9384],[-47.08473,-15.96104],[-47.11887,-15.95035],[-47.13108,-15.9338],[-47.1509,-15.93454],[-47.17004,-15.95745],[-47.16984,-15.9705],[-47.20434,-15.98776],[-47.22791,-16.01531],[-47.25364,-16.01874],[-47.28285,-16.01122],[-47.30006,-16.0166],[-47.31096,-16.04087],[-47.30777,-16.07839],[-47.33154,-16.1002],[-47.35015,-16.13808],[-47.33152,-16.17129],[-47.32294,-16.20921],[-47.25549,-16.21643],[-47.23545,-16.21255],[-47.2084,-16.18661],[-47.17166,-16.19365],[-47.12093,-16.19522],[-47.04168,-16.17532],[-47.00927,-16.18567],[-46.99459,-16.16661],[-46.99492,-16.10813],[-46.98169,-16.10391],[-46.9653,-16.1217],[-46.93396,-16.13633],[-46.88904,-16.11028],[-46.91921,-16.06865],[-46.914,-16.05728],[-46.93814,-16.03059],[-46.95334,-16.00118],[-46.94516,-15.98274],[-46.94026,-15.9317],[-46.95524,-15.91691]]]},"properties":{"GEOCODIGO":"3109451","NOME":"Cabeceira Grande","UF":"MG"}},
{"type":"Feature","geometry":{"type":"Polygon","coordinates":[[[-47.14759,-21.03503],[-47.13865,-21.06881],[-47.14184,-21.08775],[-47.12109,-21.112],[-47.13306,-21.13298],[-47.11686,-21.15322],[-47.0889,-21.14642],[-47.0502,-21.12382],[-47.02998,-21.136],[-46.98323,-21.12773],[-46.96097,-21.10656],[-46.95511,-21.07586],[-46.93536,-21.06323],[-46.9792,-21.02839],[-47.04137,-21.00873],[-47.07782,-21.02138],[-47.10828,-21.01661],[-47.1238,-21.03034],[-47.14759,-21.03503]]]},"properties":{"GEOCODIGO":"3132909","NOME":"Itamogi","UF":"MG"}},
{"type":"Feature","geometry":{"type":"Polygon","coordinates":[[[-47.07381,-19.83607],[-47.11045,-19.83689],[-47.12223,-19.84751],[-47.18193,-19.8466],[-47.17739,-19.86841],[-47.16104,-19.8732],[-47.10059,-19.90947],[-47.06138,-19.96589],[-47.0556,-19.99163],[-47.04023,-20.00468],[-47.00012,-20.0117],[-46.98031,-20.00638],[-46.94026,-20.03342],[-46.91157,-20.02363],[-46.88934,-20.03426],[-46.85598,-20.03524],[-46.83051,-20.04954],[-46.81351,-20.04538],[-46.80423,-20.02506],[-46.74782,-20.03251],[-46.66775,-20.04932],[-46.62915,-20.03976],[-46.62151,-20.00779],[-46.6285,-19.99339],[-46.60229,-19.98729],[-46.6347,-19.95884],[-46.63032,-19.94047],[-46.59978,-19.92486],[-46.61799,-19.89991],[-46.66834,-19.87217],[-46.67809,-19.89659],[-46.71042,-19.86492],[-46.72001,-19.84171],[-46.75034,-19.81637],[-46.8141,-19.78915],[-46.82575,-19.77432],[-46.85666,-19.79072],[-46.89123,-19.7883],[-46.93179,-19.77708],[-46.97778,-19.7812],[-47.01059,-19.80522],[-47.0307,-19.80363],[-47.0592,-19.81486],[-47.07381,-19.83607]]]},"properties":{"GEOCODIGO":"3168101","NOME":"Tapira","UF":"MG"}},
{"type":"Feature","geometry":{"type":"Polygon","coordinates":[[[-47.11686,-21.15322],[-47.1232,-21.16743],[-47.07846,-21.23012],[-47.05183,-21.24604],[-47.04192,-21.28948],[-47.01608,-21.34189],[-46.99639,-21.35722],[-46.97967,-21.32791],[-46.96704,-21.28214],[-46.94154,-21.29204],[-46.90583,-21.28548],[-46.87817,-21.29087],[-46.86212,-21.28547],[-46.86434,-21.25265],[-46.85173,-21.24021],[-46.81248,-21.1752],[-46.81269,-21.15951],[-46.78562,-21.15169],[-46.78642,-21.13736],[-46.81001,-21.09153],[-46.84026,-21.08551],[-46.86847,-21.05468],[-46.89175,-21.0667],[-46.93536,-21.06323],[-46.95511,-21.07586],[-46.96097,-21.10656],[-46.98323,-21.12773],[-47.02998,-21.136],[-47.0502,-21.12382],[-47.0889,-21.14642],[-47.11686,-21.15322]]]},"properties":{"GEOCODIGO":"3143203","NOME":"Monte Santo de Minas","UF":"MG"}},
{"type":"Feature","geometry":{"type":"Polygon","coordinates":[[[-47.13721,-20.56063],[-47.12287,-20.61225],[-47.10829,-20.62033],[-47.09684,-20.64383],[-47.10079,-20.68269],[-47.07365,-20.71529],[-47.02918,-20.73139],[-47.00011,-20.75559],[-46.98542,-20.75902],[-46.9632,-20.7925],[-46.93976,-20.758],[-46.92009,-20.73333],[-46.9045,-20.68755],[-46.92903,-20.67616],[-46.96273,-20.68659],[-46.99018,-20.68304],[-47.0022,-20.65866],[-46.9959,-20.64131],[-47.04318,-20.54466],[-47.06801,-20.52776],[-47.07118,-20.537],[-47.11304,-20.5383],[-47.13721,-20.56063]]]},"properties":{"GEOCODIGO":"3112406","NOME":"Capetinga","UF":"MG"}},
{"type":"Feature","geometry":{"type":"Polygon","coordinates":[[[-46.90705,-20.18134],[-46.92968,-20.17172],[-46.95642,-20.17411],[-46.98365,-20.1958],[-47.0557,-20.19516],[-47.109,-20.20353],[-47.10315,-20.24574],[-47.11486,-20.25987],[-47.07775,-20.27581],[-47.05941,-20.2875],[-47.04947,-20.31],[-46.99967,-20.31576],[-46.98246,-20.33789],[-46.9749,-20.37761],[-46.95914,-20.3805],[-46.92823,-20.35925],[-46.91521,-20.37333],[-46.91359,-20.39682],[-46.88509,-20.41999],[-46.83561,-20.40997],[-46.82254,-20.42081],[-46.81998,-20.46224],[-46.78226,-20.48527],[-46.70759,-20.49337],[-46.69347,-20.49982],[-46.65517,-20.53534],[-46.59511,-20.56669],[-46.55662,-20.54907],[-46.528,-20.5445],[-46.51151,-20.51958],[-46.51992,-20.49215],[-46.46812,-20.47062],[-46.48287,-20.45772],[-46.47163,-20.41687],[-46.50068,-20.3924],[-46.49912,-20.37896],[-46.53054,-20.35721],[-46.54128,-20.37072],[-46.56564,-20.36514],[-46.57131,-20.34255],[-46.59973,-20.32124],[-46.61059,-20.33346],[-46.63195,-20.32529],[-46.68534,-20.29343],[-46.69344,-20.27906],[-46.77468,-20.25986],[-46.79051,-20.20868],[-46.86851,-20.17642],[-46.89734,-20.19089],[-46.90705,-20.18134]]]},"properties":{"GEOCODIGO":"3121209","NOME":"Delfinópolis","UF":"MG"}},
{"type":"Feature","geometry":{"type":"Polygon","coordinates":[[[-47.06801,-20.52776],[-47.04318,-20.54466],[-46.9959,-20.64131],[-47.0022,-20.65866],[-46.99018,-20.68304],[-46.96273,-20.68659],[-46.92903,-20.67616],[-46.9045,-20.68755],[-46.92009,-20.73333],[-46.93976,-20.758],[-46.91054,-20.74591],[-46.9,-20.72972],[-46.87096,-20.73001],[-46.84281,-20.70165],[-46.84125,-20.68089],[-46.8454,-20.65827],[-46.83201,-20.63072],[-46.84276,-20.61181],[-46.834,-20.58097],[-46.80259,-20.54904],[-46.82526,-20.53239],[-46.85162,-20.53225],[-46.8619,-20.46933],[-46.81998,-20.46224],[-46.82254,-20.42081],[-46.83561,-20.40997],[-46.88509,-20.41999],[-46.91359,-20.39682],[-46.91521,-20.37333],[-46.92823,-20.35925],[-46.95914,-20.3805],[-46.98862,-20.41759],[-47.01211,-20.43261],[-47.00362,-20.46201],[-47.03637,-20.47852],[-47.04902,-20.51853],[-47.06801,-20.52776]]]},"properties":{"GEOCODIGO":"3115102","NOME":"Cássia","UF":"MG"}},
{"type":"Feature","geometry":{"type":"Polygon","coordinates":[[[-47.16202,-17.96124],[-47.17224,-18.00021],[-47.1546,-18.01588],[-47.15002,-18.04722],[-47.12354,-18.05743],[-47.09168,-18.12231],[-47.10404,-18.15128],[-47.07408,-18.2049],[-47.03351,-18.21214],[-47.00471,-18.19708],[-46.98641,-18.22517],[-46.97193,-18.22498],[-46.95123,-18.2063],[-46.94663,-18.14385],[-46.93866,-18.10918],[-46.90779,-18.06818],[-46.88204,-18.07418],[-46.87232,-18.10297],[-46.85005,-18.09083],[-46.86493,-18.0726],[-46.86909,-18.05103],[-46.85435,-18.03593],[-46.84346,-18.0079],[-46.77588,-17.95314],[-46.7534,-17.89892],[-46.72805,-17.88182],[-46.73112,-17.86857],[-46.69616,-17.83639],[-46.68666,-17.83566],[-46.66093,-17.79358],[-46.68296,-17.78325],[-46.63696,-17.75358],[-46.63251,-17.73569],[-46.59909,-17.75158],[-46.57355,-17.74713],[-46.60735,-17.71532],[-46.59406,-17.69024],[-46.61256,-17.67268],[-46.61216,-17.64902],[-46.59544,-17.625],[-46.58798,-17.59708],[-46.59591,-17.56802],[-46.58564,-17.5156],[-46.60945,-17.51214],[-46.62065,-17.52554],[-46.66824,-17.54315],[-46.67385,-17.57241],[-46.72621,-17.61512],[-46.77123,-17.61434],[-46.79041,-17.59681],[-46.85821,-17.61351],[-46.87715,-17.62364],[-46.8906,-17.68854],[-46.91629,-17.72064],[-46.92304,-17.76696],[-46.94552,-17.79384],[-46.94096,-17.84718],[-46.96484,-17.8672],[-46.97166,-17.89863],[-46.99623,-17.89993],[-47.0081,-17.92242],[-47.04043,-17.94067],[-47.06576,-17.93642],[-47.09963,-17.90535],[-47.11796,-17.9425],[-47.16202,-17.96124]]]},"properties":{"GEOCODIGO":"3171006","NOME":"Vazante","UF":"MG"}},
{"type":"Feature","geometry":{"type":"Polygon","coordinates":[[[-46.99639,-21.35722],[-47.01555,-21.39767],[-47.00653,-21.42001],[-46.98392,-21.42622],[-46.96426,-21.41764],[-46.9338,-21.42477],[-46.89286,-21.41513],[-46.88434,-21.40617],[-46.89331,-21.3891],[-46.8802,-21.37726],[-46.89193,-21.30422],[-46.87817,-21.29087],[-46.90583,-21.28548],[-46.94154,-21.29204],[-46.96704,-21.28214],[-46.97967,-21.32791],[-46.99639,-21.35722]]]},"properties":{"GEOCODIGO":"3104106","NOME":"Arceburgo","UF":"MG"}},
{"type":"Feature","geometry":{"type":"Polygon","coordinates":[[[-46.9632,-20.7925],[-46.94588,-20.81968],[-46.92254,-20.8237],[-46.89593,-20.86519],[-46.87467,-20.88572],[-46.85126,-20.86012],[-46.83707,-20.82096],[-46.79704,-20.81403],[-46.78137,-20.83843],[-46.76141,-20.84633],[-46.7469,-20.83338],[-46.7554,-20.81208],[-46.77526,-20.81339],[-46.80384,-20.78371],[-46.79476,-20.74975],[-46.80506,-20.71441],[-46.82126,-20.71457],[-46.84125,-20.68089],[-46.84281,-20.70165],[-46.87096,-20.73001],[-46.9,-20.72972],[-46.91054,-20.74591],[-46.93976,-20.758],[-46.9632,-20.7925]]]},"properties":{"GEOCODIGO":"3152907","NOME":"Pratápolis","UF":"MG"}},
{"type":"Feature","geometry":{"type":"Polygon","coordinates":[[[-46.87817,-21.29087],[-46.89193,-21.30422],[-46.8802,-21.37726],[-46.89331,-21.3891],[-46.88434,-21.40617],[-46.83479,-21.38204],[-46.83039,-21.36565],[-46.78909,-21.37248],[-46.76426,-21.35958],[-46.76238,-21.32109],[-46.7527,-21.30917],[-46.75337,-21.27819],[-46.74478,-21.26628],[-46.71579,-21.25702],[-46.71329,-21.2288],[-46.73423,-21.22583],[-46.7302,-21.18744],[-46.7589,-21.16504],[-46.78245,-21.1575],[-46.78562,-21.15169],[-46.81269,-21.15951],[-46.81248,-21.1752],[-46.85173,-21.24021],[-46.86434,-21.25265],[-46.86212,-21.28547],[-46.87817,-21.29087]]]},"properties":{"GEOCODIGO":"3128303","NOME":"Guaranésia","UF":"MG"}},
{"type":"Feature","geometry":{"type":"Polygon","coordinates":[[[-46.79803,-20.976],[-46.81317,-20.99748],[-46.84512,-20.99878],[-46.87879,-21.02787],[-46.89175,-21.0667],[-46.86847,-21.05468],[-46.84026,-21.08551],[-46.81001,-21.09153],[-46.78642,-21.13736],[-46.78562,-21.15169],[-46.78245,-21.1575],[-46.76303,-21.13501],[-46.76032,-21.1176],[-46.66811,-21.10967],[-46.65122,-21.09041],[-46.63659,-21.05033],[-46.65059,-21.0429],[-46.63212,-21.01323],[-46.62493,-20.98159],[-46.61331,-20.97118],[-46.62229,-20.95161],[-46.64248,-20.93428],[-46.63701,-20.90704],[-46.65039,-20.89289],[-46.67342,-20.8981],[-46.67853,-20.91171],[-46.75341,-20.9496],[-46.75184,-20.96818],[-46.77617,-20.96597],[-46.79803,-20.976]]]},"properties":{"GEOCODIGO":"3134806","NOME":"Jacuí","UF":"MG"}},
{"type":"Feature","geometry":{"type":"Polygon","coordinates":[[[-46.83051,-20.04954],[-46.83384,-20.09044],[-46.85198,-20.11257],[-46.8269,-20.1423],[-46.89662,-20.1438],[-46.91884,-20.13428],[-46.92782,-20.15882],[-46.90705,-20.18134],[-46.89734,-20.19089],[-46.86851,-20.17642],[-46.79051,-20.20868],[-46.77468,-20.25986],[-46.69344,-20.27906],[-46.68534,-20.29343],[-46.63195,-20.32529],[-46.61059,-20.33346],[-46.59973,-20.32124],[-46.57131,-20.34255],[-46.56564,-20.36514],[-46.54128,-20.37072],[-46.53054,-20.35721],[-46.49912,-20.37896],[-46.47348,-20.39078],[-46.4317,-20.3527],[-46.4301,-20.33008],[-46.38576,-20.32267],[-46.33557,-20.35547],[-46.3185,-20.3582],[-46.28337,-20.34612],[-46.2722,-20.33376],[-46.21541,-20.33806],[-46.1774,-20.34316],[-46.16206,-20.35839],[-46.14097,-20.33769],[-46.08007,-20.33868],[-46.11017,-20.30025],[-46.15037,-20.28993],[-46.17004,-20.27566],[-46.16778,-20.25543],[-46.1916,-20.23917],[-46.20287,-20.24433],[-46.22356,-20.21914],[-46.22563,-20.18436],[-46.25139,-20.16711],[-46.27212,-20.14409],[-46.29787,-20.15306],[-46.34899,-20.07734],[-46.3737,-20.04848],[-46.37518,-20.03363],[-46.40506,-19.99969],[-46.42254,-20.00665],[-46.45228,-19.98017],[-46.4807,-19.97014],[-46.5011,-20.00479],[-46.54134,-20.00678],[-46.56618,-19.99591],[-46.58218,-20.01194],[-46.6285,-19.99339],[-46.62151,-20.00779],[-46.62915,-20.03976],[-46.66775,-20.04932],[-46.74782,-20.03251],[-46.80423,-20.02506],[-46.81351,-20.04538],[-46.83051,-20.04954]]]},"properties":{"GEOCODIGO":"3164308","NOME":"São Roque de Minas","UF":"MG"}},
{"type":"Feature","geometry":{"type":"Polygon","coordinates":[[[-46.92006,-18.26433],[-46.93771,-18.25994],[-46.97024,-18.28927],[-46.99157,-18.29302],[-46.99616,-18.32243],[-46.97147,-18.34654],[-46.9665,-18.40064],[-46.92894,-18.40199],[-46.91705,-18.4345],[-46.89199,-18.46731],[-46.88982,-18.48642],[-46.83701,-18.52852],[-46.80501,-18.52889],[-46.80394,-18.55276],[-46.82271,-18.58351],[-46.81399,-18.60959],[-46.81901,-18.62427],[-46.81088,-18.65046],[-46.77996,-18.66996],[-46.76048,-18.73117],[-46.74329,-18.76436],[-46.72907,-18.77357],[-46.71048,-18.80441],[-46.66651,-18.81244],[-46.62598,-18.85733],[-46.64476,-18.87468],[-46.63024,-18.87903],[-46.63054,-18.91023],[-46.61562,-18.94083],[-46.61861,-18.95884],[-46.60521,-18.98008],[-46.61245,-18.99988],[-46.59512,-19.00845],[-46.56785,-18.98869],[-46.52556,-18.94727],[-46.50859,-18.91754],[-46.49726,-18.91022],[-46.4732,-18.92427],[-46.43879,-18.92078],[-46.41612,-18.90913],[-46.40223,-18.88214],[-46.42131,-18.86992],[-46.44299,-18.87358],[-46.46204,-18.85417],[-46.48815,-18.85981],[-46.51371,-18.84987],[-46.52917,-18.78974],[-46.51418,-18.77865],[-46.51757,-18.75345],[-46.5384,-18.72807],[-46.51223,-18.70675],[-46.43393,-18.68012],[-46.42445,-18.63613],[-46.39932,-18.62508],[-46.31752,-18.64032],[-46.29671,-18.70345],[-46.27954,-18.71827],[-46.2529,-18.7139],[-46.21512,-18.722],[-46.17795,-18.72093],[-46.14973,-18.74511],[-46.11826,-18.72944],[-46.09782,-18.70585],[-46.0634,-18.71906],[-46.05223,-18.70791],[-46.01887,-18.69613],[-45.98445,-18.70112],[-45.88962,-18.6445],[-45.86206,-18.63959],[-45.8327,-18.61149],[-45.8294,-18.58809],[-45.86209,-18.59236],[-45.87504,-18.57887],[-45.90237,-18.57546],[-45.91618,-18.56295],[-45.93749,-18.56848],[-45.96529,-18.53186],[-46.01606,-18.55497],[-46.01712,-18.54419],[-46.06477,-18.52676],[-46.10649,-18.52977],[-46.10947,-18.51562],[-46.12599,-18.52182],[-46.14163,-18.5095],[-46.20617,-18.53898],[-46.23263,-18.52445],[-46.25538,-18.54479],[-46.27684,-18.53857],[-46.3037,-18.54981],[-46.31549,-18.57451],[-46.34037,-18.59595],[-46.35882,-18.56609],[-46.36043,-18.52892],[-46.38768,-18.51342],[-46.4277,-18.51259],[-46.44627,-18.49238],[-46.48124,-18.47234],[-46.53671,-18.46169],[-46.60713,-18.40538],[-46.65593,-18.39619],[-46.67368,-18.38096],[-46.67099,-18.36688],[-46.75013,-18.33022],[-46.76168,-18.3093],[-46.78571,-18.30223],[-46.81102,-18.32021],[-46.85066,-18.30839],[-46.8882,-18.28001],[-46.92006,-18.26433]]]},"properties":{"GEOCODIGO":"3148004","NOME":"Patos de Minas","UF":"MG"}},
{"type":"Feature","geometry":{"type":"Polygon","coordinates":[[[-46.95754,-19.26897],[-46.95471,-19.28413],[-46.9299,-19.29143],[-46.91138,-19.27099],[-46.8834,-19.2845],[-46.85665,-19.28606],[-46.83754,-19.30314],[-46.82284,-19.31611],[-46.73584,-19.29113],[-46.69557,-19.30849],[-46.65928,-19.31393],[-46.64379,-19.32841],[-46.61727,-19.31459],[-46.56162,-19.32612],[-46.54585,-19.33645],[-46.49575,-19.31322],[-46.50677,-19.30573],[-46.51581,-19.27479],[-46.51004,-19.25973],[-46.52381,-19.21418],[-46.54084,-19.18873],[-46.52631,-19.15654],[-46.49817,-19.15932],[-46.4833,-19.1476],[-46.47471,-19.104],[-46.43067,-19.0891],[-46.41151,-19.06741],[-46.42996,-19.04348],[-46.43301,-19.01787],[-46.4624,-18.98546],[-46.46743,-18.96717],[-46.50376,-18.938],[-46.50859,-18.91754],[-46.52556,-18.94727],[-46.56785,-18.98869],[-46.59701,-19.01824],[-46.6201,-19.02234],[-46.62068,-19.0416],[-46.6377,-19.05072],[-46.66865,-19.02752],[-46.68437,-19.00558],[-46.72579,-19.01978],[-46.75395,-19.00289],[-46.78346,-19.0478],[-46.78573,-19.07775],[-46.77623,-19.10456],[-46.80659,-19.15291],[-46.84112,-19.15412],[-46.85626,-19.18303],[-46.88651,-19.21414],[-46.90676,-19.22097],[-46.93612,-19.25493],[-46.95754,-19.26897]]]},"properties":{"GEOCODIGO":"3166808","NOME":"Serra do Salitre","UF":"MG"}},
{"type":"Feature","geometry":{"type":"Polygon","coordinates":[[[-46.87467,-20.88572],[-46.84515,-20.91538],[-46.80446,-20.92821],[-46.81256,-20.9532],[-46.79803,-20.976],[-46.77617,-20.96597],[-46.75184,-20.96818],[-46.75341,-20.9496],[-46.67853,-20.91171],[-46.67342,-20.8981],[-46.66851,-20.87844],[-46.69798,-20.86378],[-46.70584,-20.84115],[-46.72267,-20.82222],[-46.7469,-20.83338],[-46.76141,-20.84633],[-46.78137,-20.83843],[-46.79704,-20.81403],[-46.83707,-20.82096],[-46.85126,-20.86012],[-46.87467,-20.88572]]]},"properties":{"GEOCODIGO":"3126307","NOME":"Fortaleza de Minas","UF":"MG"}},
{"type":"Feature","geometry":{"type":"Polygon","coordinates":[[[-46.81998,-20.46224],[-46.8619,-20.46933],[-46.85162,-20.53225],[-46.82526,-20.53239],[-46.80259,-20.54904],[-46.834,-20.58097],[-46.84276,-20.61181],[-46.83201,-20.63072],[-46.80862,-20.6399],[-46.80828,-20.66844],[-46.76589,-20.66562],[-46.75256,-20.68633],[-46.73515,-20.69244],[-46.73575,-20.73594],[-46.71565,-20.79006],[-46.69524,-20.82759],[-46.70584,-20.84115],[-46.69798,-20.86378],[-46.66851,-20.87844],[-46.67342,-20.8981],[-46.65039,-20.89289],[-46.63701,-20.90704],[-46.64248,-20.93428],[-46.62229,-20.95161],[-46.61331,-20.97118],[-46.58934,-20.96324],[-46.57587,-20.98269],[-46.53284,-20.97016],[-46.52823,-20.93429],[-46.50417,-20.92545],[-46.46953,-20.88447],[-46.45399,-20.84319],[-46.4399,-20.83082],[-46.43078,-20.80519],[-46.41257,-20.80777],[-46.40154,-20.77649],[-46.38978,-20.70497],[-46.38141,-20.69163],[-46.39836,-20.67425],[-46.44275,-20.69084],[-46.46809,-20.66048],[-46.53051,-20.66001],[-46.55412,-20.64617],[-46.59126,-20.63567],[-46.59812,-20.62196],[-46.5857,-20.59586],[-46.59511,-20.56669],[-46.65517,-20.53534],[-46.69347,-20.49982],[-46.70759,-20.49337],[-46.78226,-20.48527],[-46.81998,-20.46224]]]},"properties":{"GEOCODIGO":"3147907","NOME":"Passos","UF":"MG"}},
{"type":"Feature","geometry":{"type":"Polygon","coordinates":[[[-46.83201,-20.63072],[-46.8454,-20.65827],[-46.84125,-20.68089],[-46.82126,-20.71457],[-46.80506,-20.71441],[-46.79476,-20.74975],[-46.80384,-20.78371],[-46.77526,-20.81339],[-46.7554,-20.81208],[-46.7469,-20.83338],[-46.72267,-20.82222],[-46.70584,-20.84115],[-46.69524,-20.82759],[-46.71565,-20.79006],[-46.73575,-20.73594],[-46.73515,-20.69244],[-46.75256,-20.68633],[-46.76589,-20.66562],[-46.80828,-20.66844],[-46.80862,-20.6399],[-46.83201,-20.63072]]]},"properties":{"GEOCODIGO":"3133758","NOME":"Itaú de Minas","UF":"MG"}},
{"type":"Feature","geometry":{"type":"Polygon","coordinates":[[[-46.95123,-18.2063],[-46.93052,-18.21447],[-46.93671,-18.2319],[-46.92006,-18.26433],[-46.8882,-18.28001],[-46.85066,-18.30839],[-46.81102,-18.32021],[-46.78571,-18.30223],[-46.76168,-18.3093],[-46.73184,-18.29723],[-46.70529,-18.30456],[-46.68462,-18.29038],[-46.64118,-18.29815],[-46.62051,-18.2735],[-46.60013,-18.26818],[-46.59826,-18.21868],[-46.58596,-18.20886],[-46.57931,-18.18273],[-46.54632,-18.17544],[-46.54979,-18.14659],[-46.54113,-18.10688],[-46.54688,-18.07838],[-46.57308,-18.0591],[-46.5781,-18.03066],[-46.60582,-17.9975],[-46.6016,-17.97188],[-46.6168,-17.95182],[-46.63581,-17.94463],[-46.66942,-17.9467],[-46.67783,-17.92287],[-46.66356,-17.89477],[-46.66973,-17.88218],[-46.62615,-17.82876],[-46.63115,-17.8126],[-46.6197,-17.78675],[-46.57545,-17.75907],[-46.57355,-17.74713],[-46.59909,-17.75158],[-46.63251,-17.73569],[-46.63696,-17.75358],[-46.68296,-17.78325],[-46.66093,-17.79358],[-46.68666,-17.83566],[-46.69616,-17.83639],[-46.73112,-17.86857],[-46.72805,-17.88182],[-46.7534,-17.89892],[-46.77588,-17.95314],[-46.84346,-18.0079],[-46.85435,-18.03593],[-46.86909,-18.05103],[-46.86493,-18.0726],[-46.85005,-18.09083],[-46.87232,-18.10297],[-46.88204,-18.07418],[-46.90779,-18.06818],[-46.93866,-18.10918],[-46.94663,-18.14385],[-46.95123,-18.2063]]]},"properties":{"GEOCODIGO":"3137106","NOME":"Lagamar","UF":"MG"}},
{"type":"Feature","geometry":{"type":"Polygon","coordinates":[[[-46.88675,-19.47236],[-46.88407,-19.49073],[-46.86229,-19.50492],[-46.85898,-19.54135],[-46.83457,-19.55065],[-46.81692,-19.57548],[-46.78957,-19.59549],[-46.74093,-19.61608],[-46.73907,-19.62725],[-46.75959,-19.65031],[-46.76163,-19.67442],[-46.78315,-19.70006],[-46.83762,-19.74769],[-46.82575,-19.77432],[-46.8141,-19.78915],[-46.75034,-19.81637],[-46.72001,-19.84171],[-46.71042,-19.86492],[-46.67809,-19.89659],[-46.66834,-19.87217],[-46.61799,-19.89991],[-46.59978,-19.92486],[-46.58559,-19.89751],[-46.57145,-19.89013],[-46.54753,-19.90701],[-46.54495,-19.8776],[-46.51573,-19.85797],[-46.49448,-19.82291],[-46.51353,-19.79227],[-46.54779,-19.77145],[-46.54956,-19.72344],[-46.57584,-19.70217],[-46.55892,-19.68077],[-46.528,-19.66712],[-46.48046,-19.65476],[-46.44915,-19.66776],[-46.44229,-19.69277],[-46.41824,-19.68742],[-46.39632,-19.66815],[-46.36273,-19.67557],[-46.3556,-19.64824],[-46.3259,-19.64202],[-46.30568,-19.6212],[-46.28525,-19.63214],[-46.27073,-19.56361],[-46.28798,-19.53571],[-46.32584,-19.49365],[-46.28373,-19.4639],[-46.2842,-19.44336],[-46.2664,-19.43221],[-46.28889,-19.43178],[-46.31079,-19.40236],[-46.31437,-19.38347],[-46.35251,-19.39887],[-46.39087,-19.40244],[-46.41265,-19.36751],[-46.41862,-19.33436],[-46.45073,-19.3112],[-46.49018,-19.32032],[-46.49575,-19.31322],[-46.54585,-19.33645],[-46.56162,-19.32612],[-46.61727,-19.31459],[-46.64379,-19.32841],[-46.65928,-19.31393],[-46.69557,-19.30849],[-46.73584,-19.29113],[-46.82284,-19.31611],[-46.83754,-19.30314],[-46.84657,-19.33377],[-46.84299,-19.35239],[-46.85996,-19.38174],[-46.84854,-19.3909],[-46.85371,-19.41677],[-46.84887,-19.44074],[-46.85582,-19.46616],[-46.88675,-19.47236]]]},"properties":{"GEOCODIGO":"3129509","NOME":"Ibiá","UF":"MG"}},
{"type":"Feature","geometry":{"type":"Polygon","coordinates":[[[-46.78245,-21.1575],[-46.7589,-21.16504],[-46.7302,-21.18744],[-46.72256,-21.18302],[-46.67298,-21.19333],[-46.65748,-21.17958],[-46.62698,-21.17888],[-46.6185,-21.19265],[-46.57004,-21.19657],[-46.56938,-21.16545],[-46.55123,-21.15177],[-46.53912,-21.13474],[-46.55108,-21.08666],[-46.56269,-21.06433],[-46.58432,-21.0478],[-46.60725,-21.04559],[-46.63212,-21.01323],[-46.65059,-21.0429],[-46.63659,-21.05033],[-46.65122,-21.09041],[-46.66811,-21.10967],[-46.76032,-21.1176],[-46.76303,-21.13501],[-46.78245,-21.1575]]]},"properties":{"GEOCODIGO":"3163904","NOME":"São Pedro da União","UF":"MG"}},
{"type":"Feature","geometry":{"type":"Polygon","coordinates":[[[-46.67947,-22.21628],[-46.69359,-22.24618],[-46.71044,-22.26346],[-46.70275,-22.28017],[-46.7175,-22.31646],[-46.67546,-22.36881],[-46.66047,-22.36556],[-46.63902,-22.38316],[-46.58305,-22.38593],[-46.57022,-22.38011],[-46.54478,-22.34717],[-46.50528,-22.34001],[-46.52817,-22.30579],[-46.52659,-22.27668],[-46.48311,-22.25718],[-46.48769,-22.23186],[-46.50561,-22.20848],[-46.48907,-22.18346],[-46.5331,-22.18528],[-46.56394,-22.20048],[-46.57526,-22.21905],[-46.59602,-22.22621],[-46.62889,-22.21523],[-46.6473,-22.22617],[-46.67947,-22.21628]]]},"properties":{"GEOCODIGO":"3134905","NOME":"Jacutinga","UF":"MG"}},
{"type":"Feature","geometry":{"type":"Polygon","coordinates":[[[-46.7302,-21.18744],[-46.73423,-21.22583],[-46.71329,-21.2288],[-46.71579,-21.25702],[-46.74478,-21.26628],[-46.75337,-21.27819],[-46.7527,-21.30917],[-46.76238,-21.32109],[-46.76426,-21.35958],[-46.76169,-21.37449],[-46.73853,-21.39209],[-46.71427,-21.39218],[-46.67505,-21.37462],[-46.64699,-21.37948],[-46.62742,-21.36472],[-46.62353,-21.3475],[-46.60084,-21.32529],[-46.61181,-21.29169],[-46.60942,-21.25796],[-46.62093,-21.24739],[-46.62473,-21.20139],[-46.6185,-21.19265],[-46.62698,-21.17888],[-46.65748,-21.17958],[-46.67298,-21.19333],[-46.72256,-21.18302],[-46.7302,-21.18744]]]},"properties":{"GEOCODIGO":"3128709","NOME":"Guaxupé","UF":"MG"}},
{"type":"Feature","geometry":{"type":"Polygon","coordinates":[[[-46.618,-21.99441],[-46.68498,-22.03682],[-46.66434,-22.06838],[-46.70567,-22.07849],[-46.70002,-22.09469],[-46.64631,-22.09141],[-46.62321,-22.10854],[-46.61259,-22.14977],[-46.64001,-22.15724],[-46.64514,-22.18016],[-46.56856,-22.17608],[-46.5331,-22.18528],[-46.48907,-22.18346],[-46.4258,-22.14787],[-46.43222,-22.12105],[-46.42817,-22.10858],[-46.45443,-22.09235],[-46.4495,-22.04755],[-46.43648,-22.03755],[-46.49115,-22.02173],[-46.51453,-21.96645],[-46.55996,-21.94589],[-46.56587,-21.93327],[-46.59253,-21.94213],[-46.618,-21.99441]]]},"properties":{"GEOCODIGO":"3102605","NOME":"Andradas","UF":"MG"}},
{"type":"Feature","geometry":{"type":"Polygon","coordinates":[[[-46.81088,-18.65046],[-46.81612,-18.66828],[-46.85098,-18.66795],[-46.8664,-18.70346],[-46.86612,-18.72942],[-46.85317,-18.73894],[-46.82826,-18.72623],[-46.81629,-18.7645],[-46.8347,-18.78584],[-46.80868,-18.79718],[-46.78527,-18.82422],[-46.81768,-18.85917],[-46.81529,-18.87631],[-46.79269,-18.90158],[-46.78413,-18.93147],[-46.7507,-18.94025],[-46.73282,-18.94265],[-46.71623,-18.92039],[-46.69424,-18.93309],[-46.66068,-18.91416],[-46.64476,-18.87468],[-46.62598,-18.85733],[-46.66651,-18.81244],[-46.71048,-18.80441],[-46.72907,-18.77357],[-46.74329,-18.76436],[-46.76048,-18.73117],[-46.77996,-18.66996],[-46.81088,-18.65046]]]},"properties":{"GEOCODIGO":"3128907","NOME":"Guimarânia","UF":"MG"}},
{"type":"Feature","geometry":{"type":"Polygon","coordinates":[[[-46.64514,-22.18016],[-46.67035,-22.18378],[-46.67947,-22.21628],[-46.6473,-22.22617],[-46.62889,-22.21523],[-46.59602,-22.22621],[-46.57526,-22.21905],[-46.56394,-22.20048],[-46.5331,-22.18528],[-46.56856,-22.17608],[-46.64514,-22.18016]]]},"properties":{"GEOCODIGO":"3101409","NOME":"Albertina","UF":"MG"}},
{"type":"Feature","geometry":{"type":"Polygon","coordinates":[[[-46.66047,-22.36556],[-46.6661,-22.41415],[-46.63116,-22.43535],[-46.55436,-22.44617],[-46.5417,-22.49387],[-46.45426,-22.52156],[-46.46,-22.51242],[-46.4393,-22.48253],[-46.43033,-22.45676],[-46.43236,-22.41708],[-46.42333,-22.39963],[-46.44239,-22.3784],[-46.42878,-22.35793],[-46.45828,-22.35353],[-46.46941,-22.33983],[-46.50528,-22.34001],[-46.54478,-22.34717],[-46.57022,-22.38011],[-46.58305,-22.38593],[-46.63902,-22.38316],[-46.66047,-22.36556]]]},"properties":{"GEOCODIGO":"3143401","NOME":"Monte Sião","UF":"MG"}},
{"type":"Feature","geometry":{"type":"Polygon","coordinates":[[[-46.55454,-21.653],[-46.56419,-21.6782],[-46.59259,-21.6827],[-46.62115,-21.67506],[-46.62887,-21.70501],[-46.62558,-21.76574],[-46.65354,-21.77876],[-46.65196,-21.7908],[-46.69052,-21.83648],[-46.66628,-21.84857],[-46.64709,-21.87998],[-46.67333,-21.91057],[-46.6532,-21.94122],[-46.64295,-21.97562],[-46.618,-21.99441],[-46.59253,-21.94213],[-46.56587,-21.93327],[-46.52337,-21.92153],[-46.52701,-21.87467],[-46.49045,-21.85073],[-46.489,-21.82677],[-46.42184,-21.79559],[-46.42503,-21.78213],[-46.39807,-21.75841],[-46.42242,-21.73231],[-46.44223,-21.75458],[-46.46197,-21.75719],[-46.46263,-21.71432],[-46.50815,-21.70297],[-46.52536,-21.68749],[-46.51694,-21.67356],[-46.53094,-21.64499],[-46.55454,-21.653]]]},"properties":{"GEOCODIGO":"3151800","NOME":"Poços de Caldas","UF":"MG"}},
{"type":"Feature","geometry":{"type":"Polygon","coordinates":[[[-46.50217,-15.0518],[-46.55089,-15.06343],[-46.57702,-15.08362],[-46.62501,-15.08907],[-46.65597,-15.08106],[-46.68124,-15.05817],[-46.72883,-15.03712],[-46.78543,-15.01791],[-46.82944,-15.00882],[-46.85647,-15.00982],[-46.92463,-15.05706],[-46.9256,-15.07312],[-46.89881,-15.09233],[-46.88801,-15.1152],[-46.93691,-15.20457],[-46.94043,-15.23025],[-46.92722,-15.25465],[-46.90591,-15.23617],[-46.89105,-15.23481],[-46.88889,-15.2818],[-46.87405,-15.28444],[-46.83546,-15.32609],[-46.84752,-15.34631],[-46.86741,-15.35684],[-46.84904,-15.37272],[-46.9115,-15.4111],[-46.93003,-15.44264],[-46.932,-15.48272],[-46.94378,-15.51774],[-46.9472,-15.56032],[-46.91731,-15.58956],[-46.85445,-15.61785],[-46.85527,-15.68267],[-46.84202,-15.71422],[-46.82735,-15.72822],[-46.82611,-15.75395],[-46.81271,-15.78675],[-46.82279,-15.82418],[-46.80507,-15.85895],[-46.80604,-15.87176],[-46.78297,-15.86331],[-46.76974,-15.84427],[-46.73938,-15.8287],[-46.73196,-15.81161],[-46.68488,-15.79873],[-46.66166,-15.78698],[-46.62882,-15.7927],[-46.61074,-15.81366],[-46.56188,-15.82603],[-46.52066,-15.8164],[-46.50688,-15.82853],[-46.46527,-15.84394],[-46.45268,-15.85464],[-46.41224,-15.83604],[-46.36396,-15.83516],[-46.32019,-15.82498],[-46.28554,-15.80421],[-46.25361,-15.79404],[-46.26699,-15.73393],[-46.26541,-15.68061],[-46.24977,-15.60748],[-46.25458,-15.57327],[-46.27825,-15.53914],[-46.29311,-15.50788],[-46.27307,-15.48772],[-46.28254,-15.44725],[-46.29313,-15.44249],[-46.28748,-15.41248],[-46.30192,-15.39427],[-46.30041,-15.35392],[-46.32182,-15.32095],[-46.34905,-15.29677],[-46.41868,-15.19664],[-46.40919,-15.17638],[-46.4396,-15.12871],[-46.42201,-15.12592],[-46.42649,-15.09091],[-46.46285,-15.06964],[-46.47682,-15.07424],[-46.50217,-15.0518]]]},"properties":{"GEOCODIGO":"3109303","NOME":"Buritis","UF":"MG"}},
{"type":"Feature","geometry":{"type":"Polygon","coordinates":[[[-46.7507,-18.94025],[-46.77623,-18.95816],[-46.7736,-18.98121],[-46.75395,-19.00289],[-46.72579,-19.01978],[-46.68437,-19.00558],[-46.66865,-19.02752],[-46.6377,-19.05072],[-46.62068,-19.0416],[-46.6201,-19.02234],[-46.59701,-19.01824],[-46.56785,-18.98869],[-46.59512,-19.00845],[-46.61245,-18.99988],[-46.60521,-18.98008],[-46.61861,-18.95884],[-46.61562,-18.94083],[-46.63054,-18.91023],[-46.63024,-18.87903],[-46.64476,-18.87468],[-46.66068,-18.91416],[-46.69424,-18.93309],[-46.71623,-18.92039],[-46.73282,-18.94265],[-46.7507,-18.94025]]]},"properties":{"GEOCODIGO":"3120706","NOME":"Cruzeiro da Fortaleza","UF":"MG"}},
{"type":"Feature","geometry":{"type":"Polygon","coordinates":[[[-46.64699,-21.37948],[-46.6369,-21.41021],[-46.60144,-21.44348],[-46.57607,-21.42648],[-46.55744,-21.44218],[-46.52017,-21.44696],[-46.50844,-21.48865],[-46.49427,-21.5108],[-46.46926,-21.4863],[-46.47011,-21.46563],[-46.48287,-21.44983],[-46.44613,-21.39126],[-46.43939,-21.38706],[-46.41531,-21.3057],[-46.40125,-21.27397],[-46.41126,-21.24717],[-46.45846,-21.23641],[-46.50222,-21.23842],[-46.524,-21.26039],[-46.54519,-21.27029],[-46.5467,-21.29196],[-46.57142,-21.30677],[-46.61181,-21.29169],[-46.60084,-21.32529],[-46.62353,-21.3475],[-46.62742,-21.36472],[-46.64699,-21.37948]]]},"properties":{"GEOCODIGO":"3144102","NOME":"Muzambinho","UF":"MG"}},
{"type":"Feature","geometry":{"type":"Polygon","coordinates":[[[-46.61331,-20.97118],[-46.62493,-20.98159],[-46.63212,-21.01323],[-46.60725,-21.04559],[-46.58432,-21.0478],[-46.56269,-21.06433],[-46.55108,-21.08666],[-46.52876,-21.07366],[-46.43879,-21.05972],[-46.42395,-21.03051],[-46.45858,-21.00696],[-46.45645,-20.97373],[-46.46895,-20.95361],[-46.50387,-20.93756],[-46.52823,-20.93429],[-46.53284,-20.97016],[-46.57587,-20.98269],[-46.58934,-20.96324],[-46.61331,-20.97118]]]},"properties":{"GEOCODIGO":"3107604","NOME":"Bom Jesus da Penha","UF":"MG"}},
{"type":"Feature","geometry":{"type":"Polygon","coordinates":[[[-46.76168,-18.3093],[-46.75013,-18.33022],[-46.67099,-18.36688],[-46.67368,-18.38096],[-46.65593,-18.39619],[-46.60713,-18.40538],[-46.53671,-18.46169],[-46.48124,-18.47234],[-46.44627,-18.49238],[-46.4277,-18.51259],[-46.38768,-18.51342],[-46.36043,-18.52892],[-46.35882,-18.56609],[-46.34037,-18.59595],[-46.31549,-18.57451],[-46.3037,-18.54981],[-46.27684,-18.53857],[-46.25538,-18.54479],[-46.23263,-18.52445],[-46.20617,-18.53898],[-46.14163,-18.5095],[-46.12599,-18.52182],[-46.10947,-18.51562],[-46.09554,-18.47354],[-46.1077,-18.45473],[-46.09153,-18.42319],[-46.07823,-18.42555],[-46.02132,-18.36633],[-46.00952,-18.32496],[-46.004,-18.32083],[-46.01032,-18.28909],[-46.00454,-18.22958],[-46.01658,-18.19978],[-46.06193,-18.14647],[-46.0921,-18.08709],[-46.12907,-18.08727],[-46.16445,-18.06799],[-46.18187,-18.07606],[-46.24258,-18.0583],[-46.26035,-18.04509],[-46.2662,-18.02423],[-46.26772,-17.96913],[-46.27461,-17.95878],[-46.26049,-17.9139],[-46.2687,-17.87943],[-46.28607,-17.86227],[-46.30586,-17.78728],[-46.32968,-17.76574],[-46.3109,-17.74958],[-46.33018,-17.73603],[-46.35925,-17.77351],[-46.3475,-17.80433],[-46.3416,-17.83953],[-46.36091,-17.84597],[-46.41163,-17.83918],[-46.40835,-17.87249],[-46.38695,-17.89285],[-46.39154,-17.91856],[-46.42664,-17.95165],[-46.44989,-17.95613],[-46.45809,-17.9727],[-46.48051,-17.96834],[-46.49515,-17.98505],[-46.56534,-17.96261],[-46.57556,-17.98787],[-46.6016,-17.97188],[-46.60582,-17.9975],[-46.5781,-18.03066],[-46.57308,-18.0591],[-46.54688,-18.07838],[-46.54113,-18.10688],[-46.54979,-18.14659],[-46.54632,-18.17544],[-46.57931,-18.18273],[-46.58596,-18.20886],[-46.59826,-18.21868],[-46.60013,-18.26818],[-46.62051,-18.2735],[-46.64118,-18.29815],[-46.68462,-18.29038],[-46.70529,-18.30456],[-46.73184,-18.29723],[-46.76168,-18.3093]]]},"properties":{"GEOCODIGO":"3153400","NOME":"Presidente Olegário","UF":"MG"}},
{"type":"Feature","geometry":{"type":"Polygon","coordinates":[[[-46.6185,-21.19265],[-46.62473,-21.20139],[-46.62093,-21.24739],[-46.60942,-21.25796],[-46.61181,-21.29169],[-46.57142,-21.30677],[-46.5467,-21.29196],[-46.54519,-21.27029],[-46.524,-21.26039],[-46.50222,-21.23842],[-46.45846,-21.23641],[-46.41126,-21.24717],[-46.40284,-21.22734],[-46.41589,-21.21711],[-46.41561,-21.19492],[-46.42496,-21.17032],[-46.48436,-21.16607],[-46.50875,-21.15538],[-46.53232,-21.15958],[-46.55123,-21.15177],[-46.56938,-21.16545],[-46.57004,-21.19657],[-46.6185,-21.19265]]]},"properties":{"GEOCODIGO":"3136900","NOME":"Juruaia","UF":"MG"}},
{"type":"Feature","geometry":{"type":"Polygon","coordinates":[[[-46.56587,-21.93327],[-46.55996,-21.94589],[-46.51453,-21.96645],[-46.49115,-22.02173],[-46.43648,-22.03755],[-46.39478,-22.0137],[-46.37075,-21.98446],[-46.33928,-22.00255],[-46.32859,-21.98438],[-46.33899,-21.95374],[-46.32381,-21.93298],[-46.2987,-21.95036],[-46.27091,-21.94014],[-46.25569,-21.91654],[-46.23989,-21.91769],[-46.20314,-21.90332],[-46.18139,-21.90464],[-46.13984,-21.89178],[-46.12995,-21.87431],[-46.15644,-21.85942],[-46.15918,-21.82772],[-46.17778,-21.83542],[-46.20634,-21.81054],[-46.21222,-21.79225],[-46.24751,-21.79685],[-46.25065,-21.78365],[-46.28826,-21.76844],[-46.31769,-21.78058],[-46.30645,-21.80791],[-46.32909,-21.81399],[-46.36231,-21.78085],[-46.38707,-21.78465],[-46.39634,-21.75936],[-46.39807,-21.75841],[-46.42503,-21.78213],[-46.42184,-21.79559],[-46.489,-21.82677],[-46.49045,-21.85073],[-46.52701,-21.87467],[-46.52337,-21.92153],[-46.56587,-21.93327]]]},"properties":{"GEOCODIGO":"3110301","NOME":"Caldas","UF":"MG"}},
{"type":"Feature","geometry":{"type":"Polygon","coordinates":[[[-46.48907,-22.18346],[-46.50561,-22.20848],[-46.48769,-22.23186],[-46.48311,-22.25718],[-46.52659,-22.27668],[-46.52817,-22.30579],[-46.50528,-22.34001],[-46.46941,-22.33983],[-46.45828,-22.35353],[-46.42878,-22.35793],[-46.44239,-22.3784],[-46.42333,-22.39963],[-46.38719,-22.39018],[-46.33451,-22.38755],[-46.3412,-22.34378],[-46.36019,-22.31318],[-46.30537,-22.29697],[-46.2985,-22.28082],[-46.26441,-22.27001],[-46.23479,-22.26797],[-46.22942,-22.24254],[-46.266,-22.22415],[-46.25603,-22.19289],[-46.23781,-22.18094],[-46.25219,-22.14541],[-46.25506,-22.14606],[-46.31342,-22.13908],[-46.38623,-22.1654],[-46.4258,-22.14787],[-46.48907,-22.18346]]]},"properties":{"GEOCODIGO":"3146008","NOME":"Ouro Fino","UF":"MG"}},
{"type":"Feature","geometry":{"type":"Polygon","coordinates":[[[-46.55454,-21.653],[-46.53094,-21.64499],[-46.51694,-21.67356],[-46.52536,-21.68749],[-46.50815,-21.70297],[-46.46263,-21.71432],[-46.46197,-21.75719],[-46.44223,-21.75458],[-46.42242,-21.73231],[-46.43583,-21.72672],[-46.4144,-21.6974],[-46.37391,-21.69354],[-46.35087,-21.68803],[-46.31346,-21.66177],[-46.29798,-21.62045],[-46.27828,-21.60993],[-46.29564,-21.58712],[-46.29587,-21.57217],[-46.32219,-21.5736],[-46.35719,-21.58826],[-46.37927,-21.57171],[-46.42026,-21.57023],[-46.42642,-21.54311],[-46.45023,-21.54703],[-46.46655,-21.57673],[-46.49508,-21.58942],[-46.51146,-21.56625],[-46.52398,-21.60048],[-46.51778,-21.61234],[-46.54604,-21.62955],[-46.55454,-21.653]]]},"properties":{"GEOCODIGO":"3108404","NOME":"Botelhos","UF":"MG"}},
{"type":"Feature","geometry":{"type":"Polygon","coordinates":[[[-46.59978,-19.92486],[-46.63032,-19.94047],[-46.6347,-19.95884],[-46.60229,-19.98729],[-46.6285,-19.99339],[-46.58218,-20.01194],[-46.56618,-19.99591],[-46.54134,-20.00678],[-46.5011,-20.00479],[-46.4807,-19.97014],[-46.45228,-19.98017],[-46.42254,-20.00665],[-46.40506,-19.99969],[-46.37518,-20.03363],[-46.3737,-20.04848],[-46.34899,-20.07734],[-46.29787,-20.15306],[-46.27212,-20.14409],[-46.25139,-20.16711],[-46.22563,-20.18436],[-46.21318,-20.15196],[-46.21631,-20.12386],[-46.16478,-20.11637],[-46.14631,-20.08772],[-46.11273,-20.06211],[-46.12251,-20.03904],[-46.14154,-20.03204],[-46.14945,-19.99461],[-46.12322,-19.98002],[-46.11709,-19.9606],[-46.14148,-19.96016],[-46.1577,-19.9402],[-46.22209,-19.90037],[-46.23623,-19.92165],[-46.27584,-19.91534],[-46.31129,-19.86291],[-46.38264,-19.87948],[-46.42437,-19.86721],[-46.45862,-19.8853],[-46.50262,-19.87027],[-46.51573,-19.85797],[-46.54495,-19.8776],[-46.54753,-19.90701],[-46.57145,-19.89013],[-46.58559,-19.89751],[-46.59978,-19.92486]]]},"properties":{"GEOCODIGO":"3141306","NOME":"Medeiros","UF":"MG"}},
{"type":"Feature","geometry":{"type":"Polygon","coordinates":[[[-46.59511,-20.56669],[-46.5857,-20.59586],[-46.59812,-20.62196],[-46.59126,-20.63567],[-46.55412,-20.64617],[-46.53051,-20.66001],[-46.46809,-20.66048],[-46.44275,-20.69084],[-46.39836,-20.67425],[-46.37673,-20.66628],[-46.35634,-20.68664],[-46.33011,-20.66863],[-46.27534,-20.66043],[-46.31014,-20.56662],[-46.33725,-20.55348],[-46.34757,-20.53142],[-46.36345,-20.52891],[-46.37392,-20.50817],[-46.41718,-20.4843],[-46.42303,-20.45084],[-46.43337,-20.43409],[-46.42251,-20.4145],[-46.4642,-20.39985],[-46.47348,-20.39078],[-46.49912,-20.37896],[-46.50068,-20.3924],[-46.47163,-20.41687],[-46.48287,-20.45772],[-46.46812,-20.47062],[-46.51992,-20.49215],[-46.51151,-20.51958],[-46.528,-20.5445],[-46.55662,-20.54907],[-46.59511,-20.56669]]]},"properties":{"GEOCODIGO":"3162203","NOME":"São João Batista do Glória","UF":"MG"}},
{"type":"Feature","geometry":{"type":"Polygon","coordinates":[[[-46.39261,-22.66249],[-46.46997,-22.67276],[-46.48019,-22.67783],[-46.43901,-22.72624],[-46.40619,-22.74043],[-46.38338,-22.74075],[-46.33212,-22.76563],[-46.32364,-22.74338],[-46.29998,-22.72193],[-46.30804,-22.692],[-46.33949,-22.67986],[-46.354,-22.65074],[-46.37238,-22.6649],[-46.39261,-22.66249]]]},"properties":{"GEOCODIGO":"3169109","NOME":"Toledo","UF":"MG"}},
{"type":"Feature","geometry":{"type":"Polygon","coordinates":[[[-46.55123,-21.15177],[-46.53232,-21.15958],[-46.50875,-21.15538],[-46.48436,-21.16607],[-46.42496,-21.17032],[-46.41561,-21.19492],[-46.39473,-21.20172],[-46.34917,-21.17946],[-46.32333,-21.18333],[-46.30159,-21.17469],[-46.29239,-21.15326],[-46.29339,-21.10999],[-46.32545,-21.10764],[-46.33178,-21.08448],[-46.34731,-21.0662],[-46.35045,-21.00644],[-46.35806,-20.98992],[-46.38588,-20.98115],[-46.41276,-20.96206],[-46.45645,-20.97373],[-46.45858,-21.00696],[-46.42395,-21.03051],[-46.43879,-21.05972],[-46.52876,-21.07366],[-46.55108,-21.08666],[-46.53912,-21.13474],[-46.55123,-21.15177]]]},"properties":{"GEOCODIGO":"3145109","NOME":"Nova Resende","UF":"MG"}},
{"type":"Feature","geometry":{"type":"Polygon","coordinates":[[[-46.50844,-21.48865],[-46.52253,-21.52946],[-46.50033,-21.54928],[-46.51146,-21.56625],[-46.49508,-21.58942],[-46.46655,-21.57673],[-46.45023,-21.54703],[-46.42642,-21.54311],[-46.42026,-21.57023],[-46.37927,-21.57171],[-46.35719,-21.58826],[-46.32219,-21.5736],[-46.33231,-21.57216],[-46.35865,-21.52898],[-46.33305,-21.51571],[-46.29925,-21.4715],[-46.26398,-21.4581],[-46.20972,-21.44667],[-46.24084,-21.42212],[-46.28227,-21.43179],[-46.29114,-21.41189],[-46.31747,-21.41888],[-46.34596,-21.41315],[-46.35531,-21.38039],[-46.41101,-21.39698],[-46.44613,-21.39126],[-46.48287,-21.44983],[-46.47011,-21.46563],[-46.46926,-21.4863],[-46.49427,-21.5108],[-46.50844,-21.48865]]]},"properties":{"GEOCODIGO":"3109501","NOME":"Cabo Verde","UF":"MG"}},
{"type":"Feature","geometry":{"type":"Polygon","coordinates":[[[-46.42333,-22.39963],[-46.43236,-22.41708],[-46.43033,-22.45676],[-46.4393,-22.48253],[-46.46,-22.51242],[-46.45426,-22.52156],[-46.41419,-22.55744],[-46.43328,-22.57408],[-46.42389,-22.59896],[-46.40891,-22.59963],[-46.39084,-22.58188],[-46.36937,-22.60109],[-46.34967,-22.58595],[-46.32735,-22.59283],[-46.29603,-22.57853],[-46.28956,-22.54387],[-46.29697,-22.51788],[-46.28208,-22.51498],[-46.25306,-22.45573],[-46.26056,-22.41944],[-46.28805,-22.38352],[-46.3085,-22.41062],[-46.33451,-22.38755],[-46.38719,-22.39018],[-46.42333,-22.39963]]]},"properties":{"GEOCODIGO":"3109105","NOME":"Bueno Brandão","UF":"MG"}},
{"type":"Feature","geometry":{"type":"Polygon","coordinates":[[[-46.57355,-17.74713],[-46.57545,-17.75907],[-46.6197,-17.78675],[-46.63115,-17.8126],[-46.62615,-17.82876],[-46.66973,-17.88218],[-46.66356,-17.89477],[-46.67783,-17.92287],[-46.66942,-17.9467],[-46.63581,-17.94463],[-46.6168,-17.95182],[-46.6016,-17.97188],[-46.57556,-17.98787],[-46.56534,-17.96261],[-46.49515,-17.98505],[-46.48051,-17.96834],[-46.45809,-17.9727],[-46.44989,-17.95613],[-46.42664,-17.95165],[-46.39154,-17.91856],[-46.38695,-17.89285],[-46.40835,-17.87249],[-46.41163,-17.83918],[-46.36091,-17.84597],[-46.3416,-17.83953],[-46.3475,-17.80433],[-46.35925,-17.77351],[-46.33018,-17.73603],[-46.33193,-17.71619],[-46.36436,-17.69286],[-46.35473,-17.66082],[-46.38141,-17.61291],[-46.42078,-17.59245],[-46.48202,-17.54751],[-46.48538,-17.53791],[-46.52794,-17.50037],[-46.54981,-17.48916],[-46.56697,-17.49416],[-46.58564,-17.5156],[-46.59591,-17.56802],[-46.58798,-17.59708],[-46.59544,-17.625],[-46.61216,-17.64902],[-46.61256,-17.67268],[-46.59406,-17.69024],[-46.60735,-17.71532],[-46.57355,-17.74713]]]},"properties":{"GEOCODIGO":"3137536","NOME":"Lagoa Grande","UF":"MG"}},
{"type":"Feature","geometry":{"type":"Polygon","coordinates":[[[-46.39836,-20.67425],[-46.38141,-20.69163],[-46.38978,-20.70497],[-46.40154,-20.77649],[-46.41257,-20.80777],[-46.43078,-20.80519],[-46.4399,-20.83082],[-46.45399,-20.84319],[-46.46953,-20.88447],[-46.50417,-20.92545],[-46.52823,-20.93429],[-46.50387,-20.93756],[-46.46895,-20.95361],[-46.45645,-20.97373],[-46.41276,-20.96206],[-46.38588,-20.98115],[-46.35806,-20.98992],[-46.33917,-20.96749],[-46.34879,-20.95118],[-46.33578,-20.93654],[-46.31186,-20.94855],[-46.28631,-20.94304],[-46.28556,-20.92819],[-46.24859,-20.89547],[-46.25628,-20.86768],[-46.31677,-20.85729],[-46.31537,-20.84306],[-46.29409,-20.81299],[-46.29556,-20.78731],[-46.32748,-20.74863],[-46.33148,-20.71943],[-46.35634,-20.68664],[-46.37673,-20.66628],[-46.39836,-20.67425]]]},"properties":{"GEOCODIGO":"3101904","NOME":"Alpinópolis","UF":"MG"}},
{"type":"Feature","geometry":{"type":"Polygon","coordinates":[[[-46.3259,-19.64202],[-46.3556,-19.64824],[-46.36273,-19.67557],[-46.39632,-19.66815],[-46.41824,-19.68742],[-46.44229,-19.69277],[-46.44915,-19.66776],[-46.48046,-19.65476],[-46.528,-19.66712],[-46.55892,-19.68077],[-46.57584,-19.70217],[-46.54956,-19.72344],[-46.54779,-19.77145],[-46.51353,-19.79227],[-46.49448,-19.82291],[-46.51573,-19.85797],[-46.50262,-19.87027],[-46.45862,-19.8853],[-46.42437,-19.86721],[-46.38264,-19.87948],[-46.31129,-19.86291],[-46.32304,-19.85179],[-46.31473,-19.8148],[-46.2819,-19.80517],[-46.24395,-19.78472],[-46.22542,-19.79659],[-46.22054,-19.7725],[-46.2439,-19.7571],[-46.25314,-19.70097],[-46.29601,-19.68428],[-46.29917,-19.66901],[-46.3259,-19.64202]]]},"properties":{"GEOCODIGO":"3153004","NOME":"Pratinha","UF":"MG"}},
{"type":"Feature","geometry":{"type":"Polygon","coordinates":[[[-46.43648,-22.03755],[-46.4495,-22.04755],[-46.45443,-22.09235],[-46.42817,-22.10858],[-46.43222,-22.12105],[-46.3824,-22.08747],[-46.35736,-22.07996],[-46.34748,-22.06043],[-46.36797,-22.04369],[-46.39531,-22.04383],[-46.40709,-22.02986],[-46.39478,-22.0137],[-46.43648,-22.03755]]]},"properties":{"GEOCODIGO":"3129905","NOME":"Ibitiúra de Minas","UF":"MG"}},
{"type":"Feature","geometry":{"type":"Polygon","coordinates":[[[-46.42389,-22.59896],[-46.40552,-22.62169],[-46.39261,-22.66249],[-46.37238,-22.6649],[-46.354,-22.65074],[-46.33949,-22.67986],[-46.30804,-22.692],[-46.28645,-22.69132],[-46.23123,-22.65653],[-46.21138,-22.65338],[-46.17445,-22.61427],[-46.15842,-22.6162],[-46.17095,-22.60558],[-46.20997,-22.61058],[-46.239,-22.59677],[-46.27356,-22.59516],[-46.29603,-22.57853],[-46.32735,-22.59283],[-46.34967,-22.58595],[-46.36937,-22.60109],[-46.39084,-22.58188],[-46.40891,-22.59963],[-46.42389,-22.59896]]]},"properties":{"GEOCODIGO":"3143807","NOME":"Munhoz","UF":"MG"}},
{"type":"Feature","geometry":{"type":"Polygon","coordinates":[[[-46.43222,-22.12105],[-46.4258,-22.14787],[-46.38623,-22.1654],[-46.31342,-22.13908],[-46.25506,-22.14606],[-46.23764,-22.10629],[-46.23933,-22.0739],[-46.22664,-22.0729],[-46.18122,-22.04208],[-46.18088,-22.00751],[-46.15172,-21.9968],[-46.13728,-21.97734],[-46.14114,-21.95826],[-46.11884,-21.91178],[-46.10192,-21.90118],[-46.09142,-21.87593],[-46.12995,-21.87431],[-46.13984,-21.89178],[-46.18139,-21.90464],[-46.20314,-21.90332],[-46.23989,-21.91769],[-46.25569,-21.91654],[-46.27091,-21.94014],[-46.2987,-21.95036],[-46.32381,-21.93298],[-46.33899,-21.95374],[-46.32859,-21.98438],[-46.33928,-22.00255],[-46.37075,-21.98446],[-46.39478,-22.0137],[-46.40709,-22.02986],[-46.39531,-22.04383],[-46.36797,-22.04369],[-46.34748,-22.06043],[-46.35736,-22.07996],[-46.3824,-22.08747],[-46.43222,-22.12105]]]},"properties":{"GEOCODIGO":"3159209","NOME":"Santa Rita de Caldas","UF":"MG"}},
{"type":"Feature","geometry":{"type":"Polygon","coordinates":[[[-46.33212,-22.76563],[-46.36125,-22.78845],[-46.37636,-22.82733],[-46.37584,-22.87659],[-46.35586,-22.89982],[-46.31727,-22.88721],[-46.29515,-22.8973],[-46.27858,-22.87786],[-46.25808,-22.89009],[-46.19175,-22.86474],[-46.16873,-22.84358],[-46.22897,-22.80662],[-46.25064,-22.77104],[-46.24769,-22.75939],[-46.29998,-22.72193],[-46.32364,-22.74338],[-46.33212,-22.76563]]]},"properties":{"GEOCODIGO":"3125101","NOME":"Extrema","UF":"MG"}},
{"type":"Feature","geometry":{"type":"Polygon","coordinates":[[[-46.37391,-21.69354],[-46.4144,-21.6974],[-46.43583,-21.72672],[-46.42242,-21.73231],[-46.39807,-21.75841],[-46.39634,-21.75936],[-46.3797,-21.7492],[-46.33039,-21.74187],[-46.37391,-21.69354]]]},"properties":{"GEOCODIGO":"3105301","NOME":"Bandeira do Sul","UF":"MG"}},
{"type":"Feature","geometry":{"type":"Polygon","coordinates":[[[-46.41126,-21.24717],[-46.40125,-21.27397],[-46.41531,-21.3057],[-46.43939,-21.38706],[-46.44613,-21.39126],[-46.41101,-21.39698],[-46.35531,-21.38039],[-46.34596,-21.41315],[-46.31747,-21.41888],[-46.29114,-21.41189],[-46.28227,-21.43179],[-46.24084,-21.42212],[-46.21728,-21.39557],[-46.21447,-21.37154],[-46.20206,-21.35052],[-46.23989,-21.32783],[-46.245,-21.30234],[-46.23719,-21.27621],[-46.24101,-21.25662],[-46.26061,-21.25707],[-46.28297,-21.2377],[-46.29261,-21.21824],[-46.33423,-21.20318],[-46.34917,-21.17946],[-46.39473,-21.20172],[-46.41561,-21.19492],[-46.41589,-21.21711],[-46.40284,-21.22734],[-46.41126,-21.24717]]]},"properties":{"GEOCODIGO":"3143005","NOME":"Monte Belo","UF":"MG"}},
{"type":"Feature","geometry":{"type":"Polygon","coordinates":[[[-46.41151,-19.06741],[-46.43067,-19.0891],[-46.47471,-19.104],[-46.4833,-19.1476],[-46.49817,-19.15932],[-46.52631,-19.15654],[-46.54084,-19.18873],[-46.52381,-19.21418],[-46.51004,-19.25973],[-46.51581,-19.27479],[-46.50677,-19.30573],[-46.49575,-19.31322],[-46.49018,-19.32032],[-46.45073,-19.3112],[-46.41862,-19.33436],[-46.41265,-19.36751],[-46.39087,-19.40244],[-46.35251,-19.39887],[-46.31437,-19.38347],[-46.31079,-19.40236],[-46.28889,-19.43178],[-46.2664,-19.43221],[-46.24662,-19.4451],[-46.21992,-19.42341],[-46.19389,-19.42708],[-46.15545,-19.41084],[-46.14684,-19.38416],[-46.12382,-19.36665],[-46.13662,-19.31756],[-46.12912,-19.27819],[-46.13239,-19.26216],[-46.10982,-19.1973],[-46.08157,-19.12947],[-46.0887,-19.10776],[-46.13663,-19.10888],[-46.15581,-19.09044],[-46.19531,-19.08102],[-46.21685,-19.0626],[-46.22487,-19.04829],[-46.26714,-19.06873],[-46.26277,-19.08737],[-46.28346,-19.10297],[-46.32773,-19.11454],[-46.3702,-19.11716],[-46.38354,-19.09881],[-46.40709,-19.09135],[-46.41151,-19.06741]]]},"properties":{"GEOCODIGO":"3155504","NOME":"Rio Paranaíba","UF":"MG"}},
{"type":"Feature","geometry":{"type":"Polygon","coordinates":[[[-46.47348,-20.39078],[-46.4642,-20.39985],[-46.42251,-20.4145],[-46.43337,-20.43409],[-46.42303,-20.45084],[-46.41718,-20.4843],[-46.37392,-20.50817],[-46.36345,-20.52891],[-46.34757,-20.53142],[-46.33725,-20.55348],[-46.28997,-20.56026],[-46.28636,-20.53517],[-46.26209,-20.52929],[-46.25293,-20.51004],[-46.22229,-20.50502],[-46.23437,-20.48762],[-46.21684,-20.47503],[-46.21329,-20.45656],[-46.23046,-20.44436],[-46.2442,-20.45881],[-46.26023,-20.45074],[-46.28779,-20.45397],[-46.28776,-20.43294],[-46.26762,-20.41686],[-46.26651,-20.38247],[-46.24107,-20.3651],[-46.22518,-20.36676],[-46.21541,-20.33806],[-46.2722,-20.33376],[-46.28337,-20.34612],[-46.3185,-20.3582],[-46.33557,-20.35547],[-46.38576,-20.32267],[-46.4301,-20.33008],[-46.4317,-20.3527],[-46.47348,-20.39078]]]},"properties":{"GEOCODIGO":"3170602","NOME":"Vargem Bonita","UF":"MG"}},
{"type":"Feature","geometry":{"type":"Polygon","coordinates":[[[-46.0634,-18.71906],[-46.09782,-18.70585],[-46.11826,-18.72944],[-46.14973,-18.74511],[-46.17795,-18.72093],[-46.21512,-18.722],[-46.2529,-18.7139],[-46.27954,-18.71827],[-46.29671,-18.70345],[-46.31752,-18.64032],[-46.39932,-18.62508],[-46.42445,-18.63613],[-46.43393,-18.68012],[-46.51223,-18.70675],[-46.5384,-18.72807],[-46.51757,-18.75345],[-46.51418,-18.77865],[-46.52917,-18.78974],[-46.51371,-18.84987],[-46.48815,-18.85981],[-46.46204,-18.85417],[-46.44299,-18.87358],[-46.42131,-18.86992],[-46.40223,-18.88214],[-46.37562,-18.89229],[-46.33495,-18.89746],[-46.29881,-18.89485],[-46.27571,-18.85902],[-46.24459,-18.85724],[-46.2432,-18.82997],[-46.19389,-18.82045],[-46.17756,-18.84075],[-46.11932,-18.80445],[-46.09556,-18.7605],[-46.0616,-18.74516],[-46.0634,-18.71906]]]},"properties":{"GEOCODIGO":"3137502","NOME":"Lagoa Formosa","UF":"MG"}},
{"type":"Feature","geometry":{"type":"Polygon","coordinates":[[[-46.39634,-21.75936],[-46.38707,-21.78465],[-46.36231,-21.78085],[-46.32909,-21.81399],[-46.30645,-21.80791],[-46.31769,-21.78058],[-46.28826,-21.76844],[-46.25065,-21.78365],[-46.24751,-21.79685],[-46.21222,-21.79225],[-46.20634,-21.81054],[-46.17778,-21.83542],[-46.15918,-21.82772],[-46.15644,-21.85942],[-46.12995,-21.87431],[-46.09142,-21.87593],[-46.08012,-21.85773],[-46.12425,-21.82241],[-46.14495,-21.79045],[-46.14356,-21.76652],[-46.10387,-21.74243],[-46.11489,-21.71322],[-46.10809,-21.70523],[-46.08408,-21.65286],[-46.12741,-21.63868],[-46.17441,-21.58184],[-46.22964,-21.59085],[-46.24578,-21.57704],[-46.25292,-21.55426],[-46.29587,-21.57217],[-46.29564,-21.58712],[-46.27828,-21.60993],[-46.29798,-21.62045],[-46.31346,-21.66177],[-46.35087,-21.68803],[-46.37391,-21.69354],[-46.33039,-21.74187],[-46.3797,-21.7492],[-46.39634,-21.75936]]]},"properties":{"GEOCODIGO":"3111002","NOME":"Campestre","UF":"MG"}},
{"type":"Feature","geometry":{"type":"Polygon","coordinates":[[[-46.23479,-22.26797],[-46.26441,-22.27001],[-46.2985,-22.28082],[-46.30537,-22.29697],[-46.36019,-22.31318],[-46.3412,-22.34378],[-46.33451,-22.38755],[-46.3085,-22.41062],[-46.28805,-22.38352],[-46.26056,-22.41944],[-46.24733,-22.40445],[-46.24413,-22.36325],[-46.23221,-22.34773],[-46.22152,-22.30616],[-46.23479,-22.26797]]]},"properties":{"GEOCODIGO":"3130606","NOME":"Inconfidentes","UF":"MG"}},
{"type":"Feature","geometry":{"type":"Polygon","coordinates":[[[-46.40223,-18.88214],[-46.41612,-18.90913],[-46.43879,-18.92078],[-46.4732,-18.92427],[-46.49726,-18.91022],[-46.50859,-18.91754],[-46.50376,-18.938],[-46.46743,-18.96717],[-46.4624,-18.98546],[-46.43301,-19.01787],[-46.42996,-19.04348],[-46.41151,-19.06741],[-46.40709,-19.09135],[-46.38354,-19.09881],[-46.3702,-19.11716],[-46.32773,-19.11454],[-46.28346,-19.10297],[-46.26277,-19.08737],[-46.26714,-19.06873],[-46.22487,-19.04829],[-46.21685,-19.0626],[-46.17576,-19.04489],[-46.14807,-19.01315],[-46.14351,-18.98784],[-46.12376,-18.95172],[-46.10198,-18.94991],[-46.09292,-18.99522],[-46.07346,-18.99912],[-46.03948,-18.99291],[-46.04389,-18.98172],[-46.01834,-18.935],[-45.97665,-18.89742],[-45.96246,-18.86969],[-45.97148,-18.84908],[-45.94621,-18.75367],[-45.89501,-18.72916],[-45.87082,-18.69914],[-45.85913,-18.67232],[-45.86206,-18.63959],[-45.88962,-18.6445],[-45.98445,-18.70112],[-46.01887,-18.69613],[-46.05223,-18.70791],[-46.0634,-18.71906],[-46.0616,-18.74516],[-46.09556,-18.7605],[-46.11932,-18.80445],[-46.17756,-18.84075],[-46.19389,-18.82045],[-46.2432,-18.82997],[-46.24459,-18.85724],[-46.27571,-18.85902],[-46.29881,-18.89485],[-46.33495,-18.89746],[-46.37562,-18.89229],[-46.40223,-18.88214]]]},"properties":{"GEOCODIGO":"3114303","NOME":"Carmo do Paranaíba","UF":"MG"}},
{"type":"Feature","geometry":{"type":"Polygon","coordinates":[[[-46.23813,-16.98296],[-46.22125,-17.00425],[-46.2368,-17.03902],[-46.27661,-17.07218],[-46.27108,-17.09905],[-46.29349,-17.1267],[-46.27855,-17.14151],[-46.28322,-17.20127],[-46.31072,-17.21322],[-46.33591,-17.18594],[-46.35924,-17.18421],[-46.36583,-17.22414],[-46.38627,-17.22647],[-46.39164,-17.25652],[-46.43069,-17.26546],[-46.43917,-17.25254],[-46.46743,-17.25368],[-46.46117,-17.27349],[-46.48014,-17.31074],[-46.46599,-17.31426],[-46.48755,-17.34605],[-46.4769,-17.35725],[-46.46941,-17.39996],[-46.49312,-17.399],[-46.54079,-17.41842],[-46.54637,-17.461],[-46.56377,-17.47629],[-46.54981,-17.48916],[-46.52794,-17.50037],[-46.48538,-17.53791],[-46.48202,-17.54751],[-46.42078,-17.59245],[-46.38141,-17.61291],[-46.35473,-17.66082],[-46.36436,-17.69286],[-46.33193,-17.71619],[-46.33018,-17.73603],[-46.3109,-17.74958],[-46.32968,-17.76574],[-46.30586,-17.78728],[-46.28607,-17.86227],[-46.2687,-17.87943],[-46.26049,-17.9139],[-46.27461,-17.95878],[-46.26772,-17.96913],[-46.2662,-18.02423],[-46.26035,-18.04509],[-46.24258,-18.0583],[-46.18187,-18.07606],[-46.16445,-18.06799],[-46.12907,-18.08727],[-46.0921,-18.08709],[-46.06193,-18.14647],[-46.01658,-18.19978],[-46.00454,-18.22958],[-46.01032,-18.28909],[-46.004,-18.32083],[-45.93256,-18.31269],[-45.91021,-18.31595],[-45.90195,-18.29198],[-45.82496,-18.20067],[-45.81229,-18.1806],[-45.7179,-18.1573],[-45.70687,-18.17054],[-45.69006,-18.14077],[-45.66696,-18.12493],[-45.63784,-18.06461],[-45.63929,-18.02894],[-45.6322,-18.01255],[-45.61392,-18.00945],[-45.59784,-17.99179],[-45.581,-17.93499],[-45.56754,-17.9247],[-45.56351,-17.89753],[-45.54818,-17.89733],[-45.51626,-17.86222],[-45.47193,-17.85612],[-45.45815,-17.8484],[-45.46834,-17.83335],[-45.4496,-17.81279],[-45.45132,-17.79219],[-45.4181,-17.78537],[-45.4339,-17.73813],[-45.41408,-17.71434],[-45.41557,-17.68181],[-45.40421,-17.66711],[-45.45743,-17.60709],[-45.4376,-17.5878],[-45.42159,-17.59424],[-45.38534,-17.57097],[-45.38262,-17.52575],[-45.41902,-17.4843],[-45.44204,-17.48835],[-45.49632,-17.45426],[-45.51718,-17.42261],[-45.5459,-17.41806],[-45.56195,-17.38459],[-45.54028,-17.37611],[-45.52132,-17.33738],[-45.50644,-17.32259],[-45.51026,-17.25428],[-45.49617,-17.25139],[-45.49223,-17.22124],[-45.47241,-17.1997],[-45.48636,-17.18222],[-45.44454,-17.14572],[-45.43518,-17.11886],[-45.44588,-17.10531],[-45.47167,-17.10858],[-45.48763,-17.09432],[-45.50257,-17.10262],[-45.52146,-17.09142],[-45.54201,-17.05988],[-45.55984,-17.0458],[-45.59501,-17.07305],[-45.61091,-17.09424],[-45.65018,-17.10185],[-45.66862,-17.11345],[-45.7133,-17.11665],[-45.73529,-17.15135],[-45.77559,-17.17715],[-45.80484,-17.14635],[-45.82715,-17.13846],[-45.83451,-17.15539],[-45.86443,-17.14395],[-45.89441,-17.14194],[-45.90619,-17.12331],[-45.90429,-17.09975],[-45.94781,-17.13216],[-45.97682,-17.17743],[-46.02701,-17.18225],[-46.0349,-17.19114],[-46.08084,-17.1848],[-46.07257,-17.1732],[-46.08402,-17.1449],[-46.12047,-17.14994],[-46.14755,-17.1346],[-46.15331,-17.10818],[-46.11993,-17.07509],[-46.09025,-17.05421],[-46.09865,-17.03504],[-46.12396,-17.04844],[-46.1301,-17.02505],[-46.14438,-17.02289],[-46.1614,-16.99761],[-46.20032,-17.00069],[-46.20577,-16.96238],[-46.23813,-16.98296]]]},"properties":{"GEOCODIGO":"3136306","NOME":"João Pinheiro","UF":"MG"}},
{"type":"Feature","geometry":{"type":"Polygon","coordinates":[[[-46.30804,-22.692],[-46.29998,-22.72193],[-46.24769,-22.75939],[-46.25064,-22.77104],[-46.22897,-22.80662],[-46.20067,-22.77697],[-46.21031,-22.7382],[-46.18241,-22.73851],[-46.16661,-22.7106],[-46.14964,-22.70562],[-46.12431,-22.66967],[-46.13947,-22.64612],[-46.13299,-22.62852],[-46.15289,-22.60778],[-46.15842,-22.6162],[-46.17445,-22.61427],[-46.21138,-22.65338],[-46.23123,-22.65653],[-46.28645,-22.69132],[-46.30804,-22.692]]]},"properties":{"GEOCODIGO":"3133600","NOME":"Itapeva","UF":"MG"}},
{"type":"Feature","geometry":{"type":"Polygon","coordinates":[[[-46.51134,-16.38128],[-46.52313,-16.38545],[-46.55854,-16.37481],[-46.53888,-16.44028],[-46.52835,-16.4576],[-46.54063,-16.49987],[-46.5778,-16.57664],[-46.56191,-16.58498],[-46.56135,-16.62234],[-46.54622,-16.64475],[-46.51421,-16.63509],[-46.50624,-16.65061],[-46.47719,-16.66229],[-46.48986,-16.67973],[-46.48366,-16.7069],[-46.46801,-16.70079],[-46.40941,-16.65988],[-46.37324,-16.6038],[-46.38043,-16.59872],[-46.39233,-16.51833],[-46.38335,-16.49976],[-46.40346,-16.47091],[-46.43057,-16.46371],[-46.43368,-16.44278],[-46.45291,-16.41791],[-46.49735,-16.4081],[-46.51134,-16.38128]]]},"properties":{"GEOCODIGO":"3144375","NOME":"Natalândia","UF":"MG"}},
{"type":"Feature","geometry":{"type":"Polygon","coordinates":[[[-46.20972,-21.44667],[-46.26398,-21.4581],[-46.29925,-21.4715],[-46.33305,-21.51571],[-46.35865,-21.52898],[-46.33231,-21.57216],[-46.32219,-21.5736],[-46.29587,-21.57217],[-46.25292,-21.55426],[-46.24578,-21.57704],[-46.22964,-21.59085],[-46.17441,-21.58184],[-46.19266,-21.5666],[-46.17293,-21.54905],[-46.18384,-21.53423],[-46.14162,-21.50407],[-46.14747,-21.48054],[-46.18938,-21.47482],[-46.18491,-21.44117],[-46.20972,-21.44667]]]},"properties":{"GEOCODIGO":"3122405","NOME":"Divisa Nova","UF":"MG"}},
{"type":"Feature","geometry":{"type":"Polygon","coordinates":[[[-46.28208,-22.51498],[-46.29697,-22.51788],[-46.28956,-22.54387],[-46.29603,-22.57853],[-46.27356,-22.59516],[-46.239,-22.59677],[-46.20997,-22.61058],[-46.17095,-22.60558],[-46.15842,-22.6162],[-46.15289,-22.60778],[-46.13866,-22.58815],[-46.14089,-22.56108],[-46.15731,-22.5477],[-46.14769,-22.51788],[-46.16725,-22.52012],[-46.19064,-22.50128],[-46.26116,-22.51729],[-46.28208,-22.51498]]]},"properties":{"GEOCODIGO":"3165578","NOME":"Senador Amaral","UF":"MG"}},
{"type":"Feature","geometry":{"type":"Polygon","coordinates":[[[-46.25219,-22.14541],[-46.23781,-22.18094],[-46.25603,-22.19289],[-46.266,-22.22415],[-46.22942,-22.24254],[-46.23479,-22.26797],[-46.22152,-22.30616],[-46.17306,-22.31088],[-46.17037,-22.32849],[-46.12733,-22.32854],[-46.09995,-22.33755],[-46.05611,-22.37403],[-46.03844,-22.36035],[-46.04067,-22.31571],[-46.05644,-22.307],[-46.06397,-22.27858],[-46.06347,-22.24712],[-46.04436,-22.23154],[-46.08486,-22.22356],[-46.11685,-22.21001],[-46.13912,-22.21927],[-46.18689,-22.17661],[-46.19926,-22.13693],[-46.25219,-22.14541]]]},"properties":{"GEOCODIGO":"3108305","NOME":"Borda da Mata","UF":"MG"}},
{"type":"Feature","geometry":{"type":"Polygon","coordinates":[[[-46.28208,-22.51498],[-46.26116,-22.51729],[-46.19064,-22.50128],[-46.16725,-22.52012],[-46.14769,-22.51788],[-46.11577,-22.49535],[-46.09628,-22.45134],[-46.09683,-22.39397],[-46.13544,-22.39507],[-46.15208,-22.4076],[-46.16134,-22.37703],[-46.24413,-22.36325],[-46.24733,-22.40445],[-46.26056,-22.41944],[-46.25306,-22.45573],[-46.28208,-22.51498]]]},"properties":{"GEOCODIGO":"3107901","NOME":"Bom Repouso","UF":"MG"}},
{"type":"Feature","geometry":{"type":"Polygon","coordinates":[[[-46.35045,-21.00644],[-46.34731,-21.0662],[-46.33178,-21.08448],[-46.32545,-21.10764],[-46.29339,-21.10999],[-46.29239,-21.15326],[-46.24364,-21.18588],[-46.23337,-21.17635],[-46.17576,-21.1972],[-46.17476,-21.18468],[-46.14159,-21.15265],[-46.11272,-21.14588],[-46.07012,-21.14718],[-46.08472,-21.11248],[-46.12034,-21.09729],[-46.1347,-21.08032],[-46.14274,-21.05297],[-46.17103,-21.0515],[-46.21603,-21.03763],[-46.23234,-21.04029],[-46.25151,-21.01557],[-46.28779,-21.00677],[-46.35045,-21.00644]]]},"properties":{"GEOCODIGO":"3117108","NOME":"Conceição da Aparecida","UF":"MG"}},
{"type":"Feature","geometry":{"type":"Polygon","coordinates":[[[-46.34917,-21.17946],[-46.33423,-21.20318],[-46.29261,-21.21824],[-46.28297,-21.2377],[-46.26061,-21.25707],[-46.24101,-21.25662],[-46.19189,-21.27762],[-46.17556,-21.27593],[-46.13003,-21.31743],[-46.10786,-21.31884],[-46.05604,-21.3084],[-46.03426,-21.26137],[-46.01403,-21.25109],[-46.04641,-21.21292],[-46.04361,-21.19231],[-46.04167,-21.17392],[-46.07012,-21.14718],[-46.11272,-21.14588],[-46.14159,-21.15265],[-46.17476,-21.18468],[-46.17576,-21.1972],[-46.23337,-21.17635],[-46.24364,-21.18588],[-46.29239,-21.15326],[-46.30159,-21.17469],[-46.32333,-21.18333],[-46.34917,-21.17946]]]},"properties":{"GEOCODIGO":"3102001","NOME":"Alterosa","UF":"MG"}},
{"type":"Feature","geometry":{"type":"Polygon","coordinates":[[[-46.35806,-20.98992],[-46.35045,-21.00644],[-46.28779,-21.00677],[-46.25151,-21.01557],[-46.23234,-21.04029],[-46.21603,-21.03763],[-46.17103,-21.0515],[-46.14274,-21.05297],[-46.1347,-21.08032],[-46.12034,-21.09729],[-46.08472,-21.11248],[-46.07012,-21.14718],[-46.04167,-21.17392],[-46.04361,-21.19231],[-46.01536,-21.18508],[-46.01651,-21.17065],[-45.98166,-21.15586],[-45.97364,-21.14064],[-45.9607,-21.08029],[-45.9234,-21.04313],[-45.9047,-21.01552],[-45.92636,-21.00465],[-45.90761,-20.97058],[-45.88784,-20.9425],[-45.90539,-20.92163],[-45.92931,-20.92972],[-45.94298,-20.91644],[-45.94066,-20.89057],[-45.97278,-20.87291],[-46.02423,-20.85843],[-46.05184,-20.86152],[-46.06059,-20.82454],[-46.11962,-20.81537],[-46.16271,-20.8452],[-46.17389,-20.83909],[-46.16634,-20.80055],[-46.19128,-20.79817],[-46.22827,-20.83021],[-46.24422,-20.83013],[-46.25902,-20.84934],[-46.25628,-20.86768],[-46.24859,-20.89547],[-46.28556,-20.92819],[-46.28631,-20.94304],[-46.31186,-20.94855],[-46.33578,-20.93654],[-46.34879,-20.95118],[-46.33917,-20.96749],[-46.35806,-20.98992]]]},"properties":{"GEOCODIGO":"3114402","NOME":"Carmo do Rio Claro","UF":"MG"}},
{"type":"Feature","geometry":{"type":"Polygon","coordinates":[[[-46.35634,-20.68664],[-46.33148,-20.71943],[-46.32748,-20.74863],[-46.29556,-20.78731],[-46.29409,-20.81299],[-46.31537,-20.84306],[-46.31677,-20.85729],[-46.25628,-20.86768],[-46.25902,-20.84934],[-46.24422,-20.83013],[-46.22827,-20.83021],[-46.19128,-20.79817],[-46.16634,-20.80055],[-46.14689,-20.78307],[-46.13611,-20.75971],[-46.12856,-20.71703],[-46.15101,-20.69419],[-46.19291,-20.69753],[-46.20707,-20.68402],[-46.24381,-20.68712],[-46.25492,-20.65291],[-46.27534,-20.66043],[-46.33011,-20.66863],[-46.35634,-20.68664]]]},"properties":{"GEOCODIGO":"3162948","NOME":"São José da Barra","UF":"MG"}},
{"type":"Feature","geometry":{"type":"Polygon","coordinates":[[[-46.22897,-22.80662],[-46.16873,-22.84358],[-46.19175,-22.86474],[-46.15488,-22.86368],[-46.13783,-22.89448],[-46.13865,-22.92227],[-46.09477,-22.89394],[-46.04779,-22.89514],[-46.02688,-22.88418],[-46.008,-22.88874],[-45.99191,-22.86911],[-45.95586,-22.8498],[-45.95747,-22.81325],[-45.97039,-22.7526],[-45.92102,-22.7204],[-45.95094,-22.69299],[-45.95883,-22.68962],[-46.01349,-22.69951],[-46.01987,-22.68053],[-46.05387,-22.68749],[-46.06969,-22.69154],[-46.10484,-22.68217],[-46.12431,-22.66967],[-46.14964,-22.70562],[-46.16661,-22.7106],[-46.18241,-22.73851],[-46.21031,-22.7382],[-46.20067,-22.77697],[-46.22897,-22.80662]]]},"properties":{"GEOCODIGO":"3110509","NOME":"Camanducaia","UF":"MG"}},
{"type":"Feature","geometry":{"type":"Polygon","coordinates":[[[-46.22152,-22.30616],[-46.23221,-22.34773],[-46.24413,-22.36325],[-46.16134,-22.37703],[-46.15208,-22.4076],[-46.13544,-22.39507],[-46.09683,-22.39397],[-46.04978,-22.38826],[-46.05611,-22.37403],[-46.09995,-22.33755],[-46.12733,-22.32854],[-46.17037,-22.32849],[-46.17306,-22.31088],[-46.22152,-22.30616]]]},"properties":{"GEOCODIGO":"3169059","NOME":"Tocos do Moji","UF":"MG"}},
{"type":"Feature","geometry":{"type":"Polygon","coordinates":[[[-46.33725,-20.55348],[-46.31014,-20.56662],[-46.27534,-20.66043],[-46.25492,-20.65291],[-46.24381,-20.68712],[-46.20707,-20.68402],[-46.19291,-20.69753],[-46.15101,-20.69419],[-46.12856,-20.71703],[-46.09538,-20.69534],[-46.07533,-20.69074],[-46.0455,-20.70218],[-46.02003,-20.68668],[-46.00231,-20.65591],[-45.9904,-20.6154],[-45.96775,-20.58895],[-45.96464,-20.57617],[-45.99001,-20.55812],[-46.02854,-20.55523],[-46.04445,-20.53824],[-46.06815,-20.55422],[-46.10254,-20.53232],[-46.14757,-20.56861],[-46.1712,-20.54936],[-46.20037,-20.53896],[-46.22229,-20.50502],[-46.25293,-20.51004],[-46.26209,-20.52929],[-46.28636,-20.53517],[-46.28997,-20.56026],[-46.33725,-20.55348]]]},"properties":{"GEOCODIGO":"3112802","NOME":"Capitólio","UF":"MG"}},
{"type":"Feature","geometry":{"type":"Polygon","coordinates":[[[-46.09142,-21.87593],[-46.10192,-21.90118],[-46.11884,-21.91178],[-46.14114,-21.95826],[-46.13728,-21.97734],[-46.15172,-21.9968],[-46.18088,-22.00751],[-46.18122,-22.04208],[-46.22664,-22.0729],[-46.23933,-22.0739],[-46.23764,-22.10629],[-46.25506,-22.14606],[-46.25219,-22.14541],[-46.19926,-22.13693],[-46.14171,-22.10339],[-46.09916,-22.1007],[-46.06247,-22.08097],[-46.0507,-22.03574],[-46.05156,-21.96072],[-46.07194,-21.90563],[-46.06203,-21.87489],[-46.08012,-21.85773],[-46.09142,-21.87593]]]},"properties":{"GEOCODIGO":"3131505","NOME":"Ipuiúna","UF":"MG"}},
{"type":"Feature","geometry":{"type":"Polygon","coordinates":[[[-46.51134,-16.38128],[-46.49735,-16.4081],[-46.45291,-16.41791],[-46.43368,-16.44278],[-46.43057,-16.46371],[-46.40346,-16.47091],[-46.38335,-16.49976],[-46.39233,-16.51833],[-46.38043,-16.59872],[-46.37324,-16.6038],[-46.34501,-16.58836],[-46.34557,-16.57565],[-46.32024,-16.54657],[-46.2956,-16.55212],[-46.28538,-16.57973],[-46.26457,-16.6009],[-46.24341,-16.60247],[-46.22458,-16.62253],[-46.20155,-16.63133],[-46.19435,-16.65253],[-46.17272,-16.65048],[-46.14232,-16.67796],[-46.15474,-16.69822],[-46.13927,-16.72158],[-46.16004,-16.73559],[-46.16838,-16.77833],[-46.14993,-16.78263],[-46.12399,-16.76384],[-46.10049,-16.75958],[-46.07052,-16.71321],[-46.03466,-16.71511],[-45.99262,-16.69007],[-46.00561,-16.66416],[-46.01157,-16.62656],[-45.98696,-16.62251],[-45.95229,-16.55367],[-45.90996,-16.53032],[-45.92104,-16.49068],[-45.95878,-16.44583],[-45.96523,-16.40042],[-45.99368,-16.38354],[-46.04583,-16.38607],[-46.06318,-16.39402],[-46.0854,-16.36996],[-46.10276,-16.36689],[-46.11827,-16.37948],[-46.14782,-16.37777],[-46.16521,-16.36403],[-46.18946,-16.35861],[-46.20262,-16.33714],[-46.22318,-16.34442],[-46.26449,-16.3348],[-46.27788,-16.3232],[-46.30415,-16.31112],[-46.30818,-16.29875],[-46.32463,-16.29478],[-46.34235,-16.27282],[-46.36543,-16.27321],[-46.3954,-16.2609],[-46.4181,-16.27529],[-46.44235,-16.27804],[-46.5119,-16.3193],[-46.50246,-16.34121],[-46.51255,-16.359],[-46.51134,-16.38128]]]},"properties":{"GEOCODIGO":"3108206","NOME":"Bonfinópolis de Minas","UF":"MG"}},
{"type":"Feature","geometry":{"type":"Polygon","coordinates":[[[-45.73926,-15.12],[-45.78346,-15.11401],[-45.82497,-15.11593],[-45.83457,-15.13691],[-45.85841,-15.14393],[-45.87082,-15.15836],[-45.9183,-15.13292],[-45.95332,-15.13908],[-45.96693,-15.14949],[-45.98408,-15.19551],[-46.0291,-15.20136],[-46.05769,-15.26229],[-46.09666,-15.24266],[-46.09839,-15.21634],[-46.11608,-15.20437],[-46.0783,-15.17506],[-46.04735,-15.16328],[-46.04329,-15.11768],[-46.02805,-15.11366],[-46.01158,-15.07184],[-45.97705,-15.04079],[-45.96566,-14.9652],[-45.99541,-14.92702],[-46.00346,-14.90184],[-46.03715,-14.87421],[-46.0517,-14.88364],[-46.06191,-14.90754],[-46.0791,-14.90455],[-46.08772,-14.93595],[-46.10997,-14.93657],[-46.11866,-14.92012],[-46.16113,-14.9306],[-46.17512,-14.94898],[-46.21088,-14.93652],[-46.2318,-14.92185],[-46.25968,-14.92958],[-46.28644,-14.9277],[-46.29338,-14.90966],[-46.31891,-14.89999],[-46.31774,-14.88281],[-46.30004,-14.85763],[-46.32466,-14.84518],[-46.32177,-14.81414],[-46.35458,-14.79376],[-46.36536,-14.79496],[-46.4041,-14.75989],[-46.42338,-14.75553],[-46.44693,-14.73123],[-46.46271,-14.73073],[-46.47447,-14.70474],[-46.5093,-14.71563],[-46.50985,-14.73782],[-46.54376,-14.75257],[-46.5428,-14.76823],[-46.56341,-14.78294],[-46.55808,-14.82171],[-46.5315,-14.82985],[-46.52113,-14.85073],[-46.52999,-14.88326],[-46.54192,-14.89558],[-46.54561,-14.92845],[-46.54041,-14.95116],[-46.52058,-14.96695],[-46.53038,-15.00483],[-46.52024,-15.01329],[-46.50217,-15.0518],[-46.47682,-15.07424],[-46.46285,-15.06964],[-46.42649,-15.09091],[-46.42201,-15.12592],[-46.4396,-15.12871],[-46.40919,-15.17638],[-46.41868,-15.19664],[-46.34905,-15.29677],[-46.32182,-15.32095],[-46.30041,-15.35392],[-46.30192,-15.39427],[-46.28748,-15.41248],[-46.26708,-15.40543],[-46.19191,-15.4247],[-46.19566,-15.4071],[-46.17327,-15.40182],[-46.13533,-15.41189],[-46.06143,-15.41866],[-46.02949,-15.39885],[-46.0288,-15.37454],[-46.01388,-15.36133],[-45.9872,-15.38343],[-45.95544,-15.37237],[-45.93168,-15.38695],[-45.92284,-15.40917],[-45.89899,-15.42365],[-45.83715,-15.42055],[-45.78552,-15.3759],[-45.7429,-15.35296],[-45.72252,-15.32845],[-45.67545,-15.31014],[-45.62968,-15.25433],[-45.60616,-15.23256],[-45.61016,-15.2119],[-45.63732,-15.22906],[-45.66561,-15.23581],[-45.67788,-15.22925],[-45.69922,-15.2424],[-45.72699,-15.23847],[-45.75492,-15.20941],[-45.76666,-15.1744],[-45.73942,-15.13498],[-45.73926,-15.12]]]},"properties":{"GEOCODIGO":"3126208","NOME":"Formoso","UF":"MG"}},
{"type":"Feature","geometry":{"type":"Polygon","coordinates":[[[-46.46801,-16.70079],[-46.43132,-16.72093],[-46.40602,-16.75294],[-46.41435,-16.76726],[-46.39002,-16.81782],[-46.33257,-16.85005],[-46.32121,-16.87229],[-46.29593,-16.88358],[-46.29841,-16.90585],[-46.26346,-16.89898],[-46.26869,-16.92119],[-46.24504,-16.91885],[-46.23971,-16.93221],[-46.20471,-16.93832],[-46.18066,-16.91263],[-46.18744,-16.8785],[-46.20604,-16.855],[-46.19894,-16.84331],[-46.19424,-16.79986],[-46.16838,-16.77833],[-46.16004,-16.73559],[-46.13927,-16.72158],[-46.15474,-16.69822],[-46.14232,-16.67796],[-46.17272,-16.65048],[-46.19435,-16.65253],[-46.20155,-16.63133],[-46.22458,-16.62253],[-46.24341,-16.60247],[-46.26457,-16.6009],[-46.28538,-16.57973],[-46.2956,-16.55212],[-46.32024,-16.54657],[-46.34557,-16.57565],[-46.34501,-16.58836],[-46.37324,-16.6038],[-46.40941,-16.65988],[-46.46801,-16.70079]]]},"properties":{"GEOCODIGO":"3122470","NOME":"Dom Bosco","UF":"MG"}},
{"type":"Feature","geometry":{"type":"Polygon","coordinates":[[[-46.22542,-19.79659],[-46.24395,-19.78472],[-46.2819,-19.80517],[-46.31473,-19.8148],[-46.32304,-19.85179],[-46.31129,-19.86291],[-46.27584,-19.91534],[-46.23623,-19.92165],[-46.22209,-19.90037],[-46.1577,-19.9402],[-46.14148,-19.96016],[-46.11709,-19.9606],[-46.10048,-19.96374],[-46.05731,-19.9512],[-46.03945,-19.95491],[-45.99048,-19.95032],[-45.98949,-19.9124],[-46.02492,-19.87364],[-46.06346,-19.8671],[-46.09067,-19.8338],[-46.13248,-19.8049],[-46.17387,-19.80044],[-46.20817,-19.80432],[-46.22542,-19.79659]]]},"properties":{"GEOCODIGO":"3168200","NOME":"Tapiraí","UF":"MG"}},
{"type":"Feature","geometry":{"type":"Polygon","coordinates":[[[-46.21541,-20.33806],[-46.22518,-20.36676],[-46.24107,-20.3651],[-46.26651,-20.38247],[-46.26762,-20.41686],[-46.28776,-20.43294],[-46.28779,-20.45397],[-46.26023,-20.45074],[-46.2442,-20.45881],[-46.23046,-20.44436],[-46.21329,-20.45656],[-46.21684,-20.47503],[-46.23437,-20.48762],[-46.22229,-20.50502],[-46.20037,-20.53896],[-46.1712,-20.54936],[-46.14757,-20.56861],[-46.10254,-20.53232],[-46.06815,-20.55422],[-46.04445,-20.53824],[-46.02854,-20.55523],[-45.99001,-20.55812],[-45.96464,-20.57617],[-45.96775,-20.58895],[-45.94153,-20.54922],[-45.90864,-20.53512],[-45.88945,-20.53944],[-45.88783,-20.45198],[-45.8585,-20.42842],[-45.83603,-20.42491],[-45.82901,-20.38919],[-45.83463,-20.35777],[-45.8347,-20.35187],[-45.86808,-20.34286],[-45.8812,-20.3314],[-45.91125,-20.33113],[-45.958,-20.35136],[-45.97636,-20.33785],[-46.01157,-20.33601],[-46.02464,-20.35559],[-46.08007,-20.33868],[-46.14097,-20.33769],[-46.16206,-20.35839],[-46.1774,-20.34316],[-46.21541,-20.33806]]]},"properties":{"GEOCODIGO":"3151503","NOME":"Piumhi","UF":"MG"}},
{"type":"Feature","geometry":{"type":"Polygon","coordinates":[[[-46.24084,-21.42212],[-46.20972,-21.44667],[-46.18491,-21.44117],[-46.13829,-21.41349],[-46.07761,-21.40989],[-46.05403,-21.41658],[-46.03636,-21.38863],[-46.03804,-21.35661],[-46.01802,-21.31078],[-46.05604,-21.3084],[-46.10786,-21.31884],[-46.13003,-21.31743],[-46.17556,-21.27593],[-46.19189,-21.27762],[-46.24101,-21.25662],[-46.23719,-21.27621],[-46.245,-21.30234],[-46.23989,-21.32783],[-46.20206,-21.35052],[-46.21447,-21.37154],[-46.21728,-21.39557],[-46.24084,-21.42212]]]},"properties":{"GEOCODIGO":"3104304","NOME":"Areado","UF":"MG"}},
{"type":"Feature","geometry":{"type":"Polygon","coordinates":[[[-46.19926,-22.13693],[-46.18689,-22.17661],[-46.13912,-22.21927],[-46.11685,-22.21001],[-46.10084,-22.1867],[-46.09661,-22.15067],[-46.10244,-22.1293],[-46.09916,-22.1007],[-46.14171,-22.10339],[-46.19926,-22.13693]]]},"properties":{"GEOCODIGO":"3165800","NOME":"Senador José Bento","UF":"MG"}},
{"type":"Feature","geometry":{"type":"Polygon","coordinates":[[[-46.3259,-19.64202],[-46.29917,-19.66901],[-46.29601,-19.68428],[-46.25314,-19.70097],[-46.2439,-19.7571],[-46.22054,-19.7725],[-46.22542,-19.79659],[-46.20817,-19.80432],[-46.17387,-19.80044],[-46.13248,-19.8049],[-46.11256,-19.72749],[-46.1044,-19.72337],[-46.09487,-19.67933],[-46.07025,-19.65042],[-46.06709,-19.63461],[-46.10806,-19.61125],[-46.10276,-19.59436],[-46.11484,-19.57048],[-46.13884,-19.54585],[-46.10601,-19.52951],[-46.13379,-19.4986],[-46.1102,-19.47791],[-46.13159,-19.46327],[-46.15545,-19.41084],[-46.19389,-19.42708],[-46.21992,-19.42341],[-46.24662,-19.4451],[-46.2664,-19.43221],[-46.2842,-19.44336],[-46.28373,-19.4639],[-46.32584,-19.49365],[-46.28798,-19.53571],[-46.27073,-19.56361],[-46.28525,-19.63214],[-46.30568,-19.6212],[-46.3259,-19.64202]]]},"properties":{"GEOCODIGO":"3111507","NOME":"Campos Altos","UF":"MG"}},
{"type":"Feature","geometry":{"type":"Polygon","coordinates":[[[-46.14769,-22.51788],[-46.15731,-22.5477],[-46.14089,-22.56108],[-46.13866,-22.58815],[-46.15289,-22.60778],[-46.13299,-22.62852],[-46.13947,-22.64612],[-46.12431,-22.66967],[-46.10484,-22.68217],[-46.06969,-22.69154],[-46.05387,-22.68749],[-46.06194,-22.6611],[-46.04012,-22.6516],[-46.03289,-22.5989],[-45.9913,-22.56712],[-45.94852,-22.55181],[-45.95619,-22.53483],[-45.97745,-22.54965],[-46.0122,-22.52944],[-46.01873,-22.5186],[-46.06305,-22.51601],[-46.08805,-22.49777],[-46.11577,-22.49535],[-46.14769,-22.51788]]]},"properties":{"GEOCODIGO":"3110608","NOME":"Cambuí","UF":"MG"}},
{"type":"Feature","geometry":{"type":"Polygon","coordinates":[[[-46.44367,-15.87769],[-46.45034,-15.92659],[-46.43005,-15.93542],[-46.41995,-15.95212],[-46.39829,-15.96354],[-46.39354,-15.99439],[-46.43363,-16.04208],[-46.41242,-16.05841],[-46.41005,-16.08847],[-46.38727,-16.12491],[-46.37694,-16.17492],[-46.37806,-16.19267],[-46.34502,-16.23645],[-46.34416,-16.2489],[-46.31416,-16.25334],[-46.30818,-16.29875],[-46.30415,-16.31112],[-46.27788,-16.3232],[-46.25869,-16.29113],[-46.23693,-16.28556],[-46.22049,-16.26851],[-46.23074,-16.23574],[-46.25594,-16.22572],[-46.29369,-16.17472],[-46.29238,-16.15066],[-46.24866,-16.14607],[-46.23387,-16.13008],[-46.2171,-16.07897],[-46.20972,-16.02924],[-46.23777,-15.99545],[-46.27896,-15.97308],[-46.30318,-15.97653],[-46.34418,-15.95917],[-46.36638,-15.95658],[-46.37555,-15.93756],[-46.44367,-15.87769]]]},"properties":{"GEOCODIGO":"3170479","NOME":"Uruana de Minas","UF":"MG"}},
{"type":"Feature","geometry":{"type":"Polygon","coordinates":[[[-46.45268,-15.85464],[-46.44367,-15.87769],[-46.37555,-15.93756],[-46.36638,-15.95658],[-46.34418,-15.95917],[-46.30318,-15.97653],[-46.27896,-15.97308],[-46.23777,-15.99545],[-46.20972,-16.02924],[-46.2171,-16.07897],[-46.23387,-16.13008],[-46.24866,-16.14607],[-46.29238,-16.15066],[-46.29369,-16.17472],[-46.25594,-16.22572],[-46.23074,-16.23574],[-46.19265,-16.23957],[-46.15004,-16.23492],[-46.12837,-16.24497],[-46.10104,-16.23001],[-46.09785,-16.21296],[-46.07863,-16.20208],[-46.08038,-16.17672],[-46.05235,-16.12375],[-46.03487,-16.04636],[-45.99149,-16.03119],[-45.98744,-16.01669],[-45.94679,-16.03977],[-45.91471,-16.08138],[-45.90618,-16.10714],[-45.89216,-16.10797],[-45.8542,-16.09367],[-45.80916,-16.06606],[-45.7761,-15.96928],[-45.77294,-15.93915],[-45.73123,-15.89835],[-45.71631,-15.85793],[-45.65179,-15.78313],[-45.61469,-15.75213],[-45.5893,-15.71797],[-45.57262,-15.69463],[-45.56562,-15.67068],[-45.57979,-15.64495],[-45.58198,-15.60621],[-45.57535,-15.5751],[-45.59596,-15.53594],[-45.57684,-15.5127],[-45.58858,-15.49977],[-45.59579,-15.45605],[-45.60411,-15.439],[-45.6302,-15.43319],[-45.66117,-15.41763],[-45.74219,-15.43523],[-45.7521,-15.40384],[-45.78552,-15.3759],[-45.83715,-15.42055],[-45.89899,-15.42365],[-45.92284,-15.40917],[-45.93168,-15.38695],[-45.95544,-15.37237],[-45.9872,-15.38343],[-46.01388,-15.36133],[-46.0288,-15.37454],[-46.02949,-15.39885],[-46.06143,-15.41866],[-46.13533,-15.41189],[-46.17327,-15.40182],[-46.19566,-15.4071],[-46.19191,-15.4247],[-46.26708,-15.40543],[-46.28748,-15.41248],[-46.29313,-15.44249],[-46.28254,-15.44725],[-46.27307,-15.48772],[-46.29311,-15.50788],[-46.27825,-15.53914],[-46.25458,-15.57327],[-46.24977,-15.60748],[-46.26541,-15.68061],[-46.26699,-15.73393],[-46.25361,-15.79404],[-46.28554,-15.80421],[-46.32019,-15.82498],[-46.36396,-15.83516],[-46.41224,-15.83604],[-46.45268,-15.85464]]]},"properties":{"GEOCODIGO":"3104502","NOME":"Arinos","UF":"MG"}},
{"type":"Feature","geometry":{"type":"Polygon","coordinates":[[[-46.14162,-21.50407],[-46.18384,-21.53423],[-46.17293,-21.54905],[-46.19266,-21.5666],[-46.17441,-21.58184],[-46.12741,-21.63868],[-46.08408,-21.65286],[-46.08428,-21.63107],[-46.11398,-21.61398],[-46.06147,-21.58571],[-46.03211,-21.5752],[-46.00575,-21.57879],[-46.00144,-21.55235],[-45.98148,-21.53103],[-46.00323,-21.52075],[-46.01939,-21.49876],[-46.04339,-21.50002],[-46.06389,-21.48963],[-46.11355,-21.49357],[-46.14162,-21.50407]]]},"properties":{"GEOCODIGO":"3166907","NOME":"Serrania","UF":"MG"}},
{"type":"Feature","geometry":{"type":"Polygon","coordinates":[[[-46.18491,-21.44117],[-46.18938,-21.47482],[-46.14747,-21.48054],[-46.14162,-21.50407],[-46.11355,-21.49357],[-46.06389,-21.48963],[-46.04339,-21.50002],[-46.01939,-21.49876],[-46.00323,-21.52075],[-45.98148,-21.53103],[-45.94995,-21.55542],[-45.92008,-21.55896],[-45.90455,-21.55145],[-45.88776,-21.56913],[-45.85317,-21.58668],[-45.84815,-21.5702],[-45.85694,-21.51789],[-45.86599,-21.50471],[-45.85914,-21.47818],[-45.83767,-21.46741],[-45.83171,-21.43582],[-45.84502,-21.41645],[-45.83097,-21.39359],[-45.82284,-21.33126],[-45.8522,-21.28606],[-45.90978,-21.26867],[-45.93223,-21.24854],[-45.95492,-21.24666],[-45.94777,-21.16529],[-45.97364,-21.14064],[-45.98166,-21.15586],[-46.01651,-21.17065],[-46.01536,-21.18508],[-46.04361,-21.19231],[-46.04641,-21.21292],[-46.01403,-21.25109],[-46.03426,-21.26137],[-46.05604,-21.3084],[-46.01802,-21.31078],[-46.03804,-21.35661],[-46.03636,-21.38863],[-46.05403,-21.41658],[-46.07761,-21.40989],[-46.13829,-21.41349],[-46.18491,-21.44117]]]},"properties":{"GEOCODIGO":"3101607","NOME":"Alfenas","UF":"MG"}},
{"type":"Feature","geometry":{"type":"Polygon","coordinates":[[[-46.09683,-22.39397],[-46.09628,-22.45134],[-46.11577,-22.49535],[-46.08805,-22.49777],[-46.06305,-22.51601],[-46.01873,-22.5186],[-46.0122,-22.52944],[-45.97745,-22.54965],[-45.95619,-22.53483],[-45.94586,-22.50205],[-45.9235,-22.47246],[-45.93298,-22.45814],[-45.9183,-22.4318],[-45.91914,-22.40833],[-45.9475,-22.41472],[-46.01048,-22.3987],[-46.02023,-22.37152],[-46.03844,-22.36035],[-46.05611,-22.37403],[-46.04978,-22.38826],[-46.09683,-22.39397]]]},"properties":{"GEOCODIGO":"3124500","NOME":"Estiva","UF":"MG"}},
{"type":"Feature","geometry":{"type":"Polygon","coordinates":[[[-46.10809,-21.70523],[-46.11489,-21.71322],[-46.10387,-21.74243],[-46.14356,-21.76652],[-46.14495,-21.79045],[-46.12425,-21.82241],[-46.08012,-21.85773],[-46.06203,-21.87489],[-46.032,-21.88613],[-46.01281,-21.87364],[-45.98284,-21.88775],[-45.9705,-21.91421],[-45.94573,-21.91918],[-45.88023,-21.90816],[-45.85945,-21.894],[-45.86989,-21.88063],[-45.87534,-21.84742],[-45.84904,-21.80853],[-45.89726,-21.77727],[-45.92178,-21.75419],[-45.9282,-21.72146],[-45.98922,-21.69539],[-46.01714,-21.69495],[-46.02839,-21.72093],[-46.08328,-21.71694],[-46.10809,-21.70523]]]},"properties":{"GEOCODIGO":"3151701","NOME":"Poço Fundo","UF":"MG"}},
{"type":"Feature","geometry":{"type":"Polygon","coordinates":[[[-46.22563,-20.18436],[-46.22356,-20.21914],[-46.20287,-20.24433],[-46.1916,-20.23917],[-46.16778,-20.25543],[-46.17004,-20.27566],[-46.15037,-20.28993],[-46.11017,-20.30025],[-46.08007,-20.33868],[-46.02464,-20.35559],[-46.01157,-20.33601],[-45.97636,-20.33785],[-45.92795,-20.30356],[-45.95653,-20.29681],[-45.9345,-20.24761],[-45.89039,-20.21734],[-45.88664,-20.19468],[-45.85476,-20.14471],[-45.84118,-20.1074],[-45.84273,-20.0864],[-45.80944,-20.05588],[-45.78114,-20.0424],[-45.79623,-20.00045],[-45.75967,-19.97258],[-45.76584,-19.9506],[-45.79895,-19.91453],[-45.8484,-19.89819],[-45.88453,-19.90798],[-45.93381,-19.90115],[-45.94361,-19.91079],[-45.97923,-19.89194],[-45.98949,-19.9124],[-45.99048,-19.95032],[-46.03945,-19.95491],[-46.05731,-19.9512],[-46.10048,-19.96374],[-46.11709,-19.9606],[-46.12322,-19.98002],[-46.14945,-19.99461],[-46.14154,-20.03204],[-46.12251,-20.03904],[-46.11273,-20.06211],[-46.14631,-20.08772],[-46.16478,-20.11637],[-46.21631,-20.12386],[-46.21318,-20.15196],[-46.22563,-20.18436]]]},"properties":{"GEOCODIGO":"3105103","NOME":"Bambuí","UF":"MG"}},
{"type":"Feature","geometry":{"type":"Polygon","coordinates":[[[-46.11685,-22.21001],[-46.08486,-22.22356],[-46.04436,-22.23154],[-46.02283,-22.22987],[-45.99422,-22.20765],[-45.99811,-22.19175],[-45.9881,-22.16643],[-45.95958,-22.12806],[-45.96963,-22.10581],[-46.007,-22.10709],[-46.00397,-22.08113],[-46.01422,-22.04591],[-46.0507,-22.03574],[-46.06247,-22.08097],[-46.09916,-22.1007],[-46.10244,-22.1293],[-46.09661,-22.15067],[-46.10084,-22.1867],[-46.11685,-22.21001]]]},"properties":{"GEOCODIGO":"3117900","NOME":"Congonhal","UF":"MG"}},
{"type":"Feature","geometry":{"type":"Polygon","coordinates":[[[-46.16634,-20.80055],[-46.17389,-20.83909],[-46.16271,-20.8452],[-46.11962,-20.81537],[-46.06059,-20.82454],[-46.05184,-20.86152],[-46.02423,-20.85843],[-45.97278,-20.87291],[-45.94066,-20.89057],[-45.88301,-20.85323],[-45.86148,-20.86548],[-45.84069,-20.86482],[-45.82117,-20.84413],[-45.78784,-20.83598],[-45.75006,-20.872],[-45.73457,-20.86745],[-45.69137,-20.89719],[-45.67945,-20.86115],[-45.68489,-20.84771],[-45.67483,-20.80725],[-45.70116,-20.79502],[-45.73301,-20.76158],[-45.73407,-20.73515],[-45.7569,-20.71414],[-45.79729,-20.71073],[-45.83236,-20.66703],[-45.87592,-20.65153],[-45.87654,-20.63375],[-45.908,-20.62335],[-45.92021,-20.60764],[-45.96134,-20.60412],[-45.96775,-20.58895],[-45.9904,-20.6154],[-46.00231,-20.65591],[-46.02003,-20.68668],[-46.0455,-20.70218],[-46.07533,-20.69074],[-46.09538,-20.69534],[-46.12856,-20.71703],[-46.13611,-20.75971],[-46.14689,-20.78307],[-46.16634,-20.80055]]]},"properties":{"GEOCODIGO":"3128105","NOME":"Guapé","UF":"MG"}},
{"type":"Feature","geometry":{"type":"Polygon","coordinates":[[[-45.94852,-22.55181],[-45.9913,-22.56712],[-46.03289,-22.5989],[-46.04012,-22.6516],[-46.06194,-22.6611],[-46.05387,-22.68749],[-46.01987,-22.68053],[-46.01349,-22.69951],[-45.95883,-22.68962],[-45.93247,-22.64485],[-45.96028,-22.60634],[-45.95143,-22.58782],[-45.9593,-22.57028],[-45.94852,-22.55181]]]},"properties":{"GEOCODIGO":"3119906","NOME":"Córrego do Bom Jesus","UF":"MG"}},
{"type":"Feature","geometry":{"type":"Polygon","coordinates":[[[-46.08408,-21.65286],[-46.10809,-21.70523],[-46.08328,-21.71694],[-46.02839,-21.72093],[-46.01714,-21.69495],[-45.98922,-21.69539],[-45.9282,-21.72146],[-45.92178,-21.75419],[-45.89726,-21.77727],[-45.896,-21.76312],[-45.86759,-21.74167],[-45.81478,-21.72263],[-45.80101,-21.76699],[-45.76569,-21.77673],[-45.78795,-21.79905],[-45.78749,-21.82321],[-45.73144,-21.80536],[-45.70455,-21.77547],[-45.70672,-21.7525],[-45.72907,-21.72596],[-45.729,-21.70811],[-45.7792,-21.70556],[-45.782,-21.68568],[-45.82303,-21.66909],[-45.82561,-21.61762],[-45.85317,-21.58668],[-45.88776,-21.56913],[-45.90455,-21.55145],[-45.92008,-21.55896],[-45.94995,-21.55542],[-45.98148,-21.53103],[-46.00144,-21.55235],[-46.00575,-21.57879],[-46.03211,-21.5752],[-46.06147,-21.58571],[-46.11398,-21.61398],[-46.08428,-21.63107],[-46.08408,-21.65286]]]},"properties":{"GEOCODIGO":"3139003","NOME":"Machado","UF":"MG"}},
{"type":"Feature","geometry":{"type":"Polygon","coordinates":[[[-46.04436,-22.23154],[-46.06347,-22.24712],[-46.06397,-22.27858],[-46.05644,-22.307],[-46.04067,-22.31571],[-46.03844,-22.36035],[-46.02023,-22.37152],[-46.01048,-22.3987],[-45.9475,-22.41472],[-45.91914,-22.40833],[-45.88233,-22.36449],[-45.85084,-22.3539],[-45.85396,-22.31593],[-45.84201,-22.28429],[-45.85373,-22.23601],[-45.86836,-22.22127],[-45.85952,-22.18142],[-45.83103,-22.14787],[-45.81683,-22.11547],[-45.86189,-22.11057],[-45.8817,-22.11828],[-45.90322,-22.11054],[-45.95958,-22.12806],[-45.9881,-22.16643],[-45.99811,-22.19175],[-45.99422,-22.20765],[-46.02283,-22.22987],[-46.04436,-22.23154]]]},"properties":{"GEOCODIGO":"3152501","NOME":"Pouso Alegre","UF":"MG"}},
{"type":"Feature","geometry":{"type":"Polygon","coordinates":[[[-46.06203,-21.87489],[-46.07194,-21.90563],[-46.05156,-21.96072],[-46.0507,-22.03574],[-46.01422,-22.04591],[-46.00397,-22.08113],[-46.007,-22.10709],[-45.96963,-22.10581],[-45.95958,-22.12806],[-45.90322,-22.11054],[-45.90028,-22.08601],[-45.92823,-22.0846],[-45.90875,-22.05973],[-45.90598,-22.0213],[-45.90367,-22.00195],[-45.92761,-21.98571],[-45.95956,-21.98852],[-45.96672,-21.96157],[-45.98231,-21.95309],[-45.98739,-21.91051],[-46.032,-21.88613],[-46.06203,-21.87489]]]},"properties":{"GEOCODIGO":"3124401","NOME":"Espírito Santo do Dourado","UF":"MG"}},
{"type":"Feature","geometry":{"type":"Polygon","coordinates":[[[-46.21685,-19.0626],[-46.19531,-19.08102],[-46.15581,-19.09044],[-46.13663,-19.10888],[-46.0887,-19.10776],[-46.07381,-19.08243],[-46.05548,-19.07935],[-46.04023,-19.03263],[-46.03948,-18.99291],[-46.07346,-18.99912],[-46.09292,-18.99522],[-46.10198,-18.94991],[-46.12376,-18.95172],[-46.14351,-18.98784],[-46.14807,-19.01315],[-46.17576,-19.04489],[-46.21685,-19.0626]]]},"properties":{"GEOCODIGO":"3103801","NOME":"Arapuá","UF":"MG"}},
{"type":"Feature","geometry":{"type":"Polygon","coordinates":[[[-46.032,-21.88613],[-45.98739,-21.91051],[-45.98231,-21.95309],[-45.96672,-21.96157],[-45.95956,-21.98852],[-45.92761,-21.98571],[-45.90367,-22.00195],[-45.90598,-22.0213],[-45.89233,-21.98675],[-45.87,-21.98257],[-45.84906,-21.96485],[-45.86158,-21.93356],[-45.84789,-21.9219],[-45.85945,-21.894],[-45.88023,-21.90816],[-45.94573,-21.91918],[-45.9705,-21.91421],[-45.98284,-21.88775],[-46.01281,-21.87364],[-46.032,-21.88613]]]},"properties":{"GEOCODIGO":"3162302","NOME":"São João da Mata","UF":"MG"}},
{"type":"Feature","geometry":{"type":"Polygon","coordinates":[[[-46.15545,-19.41084],[-46.13159,-19.46327],[-46.1102,-19.47791],[-46.13379,-19.4986],[-46.10601,-19.52951],[-46.09493,-19.53956],[-46.06467,-19.53539],[-46.0459,-19.54966],[-46.03484,-19.53123],[-46.01101,-19.52828],[-46.00529,-19.50545],[-45.98951,-19.48877],[-45.98334,-19.463],[-45.9532,-19.45871],[-45.92343,-19.47353],[-45.90335,-19.46602],[-45.89861,-19.43983],[-45.88643,-19.42095],[-45.88998,-19.40104],[-45.86598,-19.34482],[-45.84844,-19.32401],[-45.84343,-19.29021],[-45.81448,-19.26048],[-45.81315,-19.21124],[-45.80445,-19.19579],[-45.83776,-19.17851],[-45.86492,-19.17634],[-45.87231,-19.1988],[-45.92092,-19.21515],[-45.92146,-19.25889],[-45.93199,-19.28868],[-45.98428,-19.26707],[-46.00031,-19.26758],[-46.03332,-19.24577],[-46.06834,-19.23499],[-46.06617,-19.21973],[-46.10982,-19.1973],[-46.13239,-19.26216],[-46.12912,-19.27819],[-46.13662,-19.31756],[-46.12382,-19.36665],[-46.14684,-19.38416],[-46.15545,-19.41084]]]},"properties":{"GEOCODIGO":"3162104","NOME":"São Gotardo","UF":"MG"}},
{"type":"Feature","geometry":{"type":"Polygon","coordinates":[[[-45.92102,-22.7204],[-45.97039,-22.7526],[-45.95747,-22.81325],[-45.95586,-22.8498],[-45.9365,-22.84476],[-45.91222,-22.81611],[-45.89344,-22.84799],[-45.88699,-22.87144],[-45.86341,-22.86822],[-45.84768,-22.83734],[-45.82292,-22.8294],[-45.80241,-22.8333],[-45.79041,-22.85812],[-45.76668,-22.84094],[-45.7705,-22.80544],[-45.75447,-22.79242],[-45.71148,-22.77274],[-45.71297,-22.75646],[-45.73211,-22.72151],[-45.75602,-22.72055],[-45.79519,-22.73853],[-45.80539,-22.73649],[-45.84802,-22.75601],[-45.87269,-22.72594],[-45.92102,-22.7204]]]},"properties":{"GEOCODIGO":"3165404","NOME":"Sapucaí-Mirim","UF":"MG"}},
{"type":"Feature","geometry":{"type":"Polygon","coordinates":[[[-46.13248,-19.8049],[-46.09067,-19.8338],[-46.06346,-19.8671],[-46.02492,-19.87364],[-45.98949,-19.9124],[-45.97923,-19.89194],[-45.94361,-19.91079],[-45.93381,-19.90115],[-45.88453,-19.90798],[-45.8484,-19.89819],[-45.79895,-19.91453],[-45.82617,-19.88355],[-45.80851,-19.84718],[-45.82648,-19.82775],[-45.85078,-19.82061],[-45.89092,-19.75867],[-45.92925,-19.71807],[-45.92613,-19.70075],[-45.94135,-19.69645],[-45.93534,-19.63849],[-45.94745,-19.60611],[-45.98761,-19.6442],[-46.01267,-19.6551],[-46.03601,-19.64646],[-46.07025,-19.65042],[-46.09487,-19.67933],[-46.1044,-19.72337],[-46.11256,-19.72749],[-46.13248,-19.8049]]]},"properties":{"GEOCODIGO":"3119807","NOME":"Córrego Danta","UF":"MG"}},
{"type":"Feature","geometry":{"type":"Polygon","coordinates":[[[-46.10601,-19.52951],[-46.13884,-19.54585],[-46.11484,-19.57048],[-46.10276,-19.59436],[-46.10806,-19.61125],[-46.06709,-19.63461],[-46.07025,-19.65042],[-46.03601,-19.64646],[-46.01267,-19.6551],[-45.98761,-19.6442],[-45.94745,-19.60611],[-45.94472,-19.58984],[-45.9252,-19.5699],[-45.92348,-19.54992],[-45.90303,-19.53887],[-45.89296,-19.48667],[-45.90335,-19.46602],[-45.92343,-19.47353],[-45.9532,-19.45871],[-45.98334,-19.463],[-45.98951,-19.48877],[-46.00529,-19.50545],[-46.01101,-19.52828],[-46.03484,-19.53123],[-46.0459,-19.54966],[-46.06467,-19.53539],[-46.09493,-19.53956],[-46.10601,-19.52951]]]},"properties":{"GEOCODIGO":"3159704","NOME":"Santa Rosa da Serra","UF":"MG"}},
{"type":"Feature","geometry":{"type":"Polygon","coordinates":[[[-46.27788,-16.3232],[-46.26449,-16.3348],[-46.22318,-16.34442],[-46.20262,-16.33714],[-46.18946,-16.35861],[-46.16521,-16.36403],[-46.14782,-16.37777],[-46.11827,-16.37948],[-46.10276,-16.36689],[-46.0854,-16.36996],[-46.06318,-16.39402],[-46.04583,-16.38607],[-45.99368,-16.38354],[-45.96523,-16.40042],[-45.95878,-16.44583],[-45.92104,-16.49068],[-45.90996,-16.53032],[-45.8591,-16.50769],[-45.82986,-16.50591],[-45.77491,-16.45813],[-45.75251,-16.45038],[-45.74285,-16.4308],[-45.71571,-16.41721],[-45.72026,-16.37421],[-45.69999,-16.36255],[-45.70838,-16.33175],[-45.70747,-16.30333],[-45.67441,-16.23758],[-45.67408,-16.19645],[-45.65626,-16.18257],[-45.66734,-16.16899],[-45.72369,-16.14765],[-45.74843,-16.13101],[-45.76205,-16.14702],[-45.80002,-16.17417],[-45.82789,-16.15565],[-45.86274,-16.17005],[-45.89833,-16.14677],[-45.90618,-16.10714],[-45.91471,-16.08138],[-45.94679,-16.03977],[-45.98744,-16.01669],[-45.99149,-16.03119],[-46.03487,-16.04636],[-46.05235,-16.12375],[-46.08038,-16.17672],[-46.07863,-16.20208],[-46.09785,-16.21296],[-46.10104,-16.23001],[-46.12837,-16.24497],[-46.15004,-16.23492],[-46.19265,-16.23957],[-46.23074,-16.23574],[-46.22049,-16.26851],[-46.23693,-16.28556],[-46.25869,-16.29113],[-46.27788,-16.3232]]]},"properties":{"GEOCODIGO":"3154457","NOME":"Riachinho","UF":"MG"}},
{"type":"Feature","geometry":{"type":"Polygon","coordinates":[[[-45.95883,-22.68962],[-45.95094,-22.69299],[-45.9354,-22.69471],[-45.88505,-22.67589],[-45.87772,-22.6577],[-45.87786,-22.60773],[-45.83821,-22.62869],[-45.81038,-22.61118],[-45.74999,-22.62512],[-45.72962,-22.61823],[-45.72635,-22.58654],[-45.695,-22.58585],[-45.67827,-22.5728],[-45.68808,-22.56075],[-45.70073,-22.50076],[-45.77952,-22.47074],[-45.78491,-22.48813],[-45.81155,-22.49504],[-45.82749,-22.50864],[-45.84965,-22.48973],[-45.8834,-22.50054],[-45.87106,-22.52594],[-45.90375,-22.60091],[-45.91752,-22.60302],[-45.95143,-22.58782],[-45.96028,-22.60634],[-45.93247,-22.64485],[-45.95883,-22.68962]]]},"properties":{"GEOCODIGO":"3147303","NOME":"Paraisópolis","UF":"MG"}},
{"type":"Feature","geometry":{"type":"Polygon","coordinates":[[[-45.94852,-22.55181],[-45.9593,-22.57028],[-45.95143,-22.58782],[-45.91752,-22.60302],[-45.90375,-22.60091],[-45.87106,-22.52594],[-45.8834,-22.50054],[-45.89984,-22.48355],[-45.88589,-22.46807],[-45.9235,-22.47246],[-45.94586,-22.50205],[-45.95619,-22.53483],[-45.94852,-22.55181]]]},"properties":{"GEOCODIGO":"3118502","NOME":"Consolação","UF":"MG"}},
{"type":"Feature","geometry":{"type":"Polygon","coordinates":[[[-45.95094,-22.69299],[-45.92102,-22.7204],[-45.87269,-22.72594],[-45.84802,-22.75601],[-45.80539,-22.73649],[-45.81948,-22.72223],[-45.8112,-22.69822],[-45.78742,-22.69287],[-45.75011,-22.67075],[-45.74236,-22.65868],[-45.7164,-22.66136],[-45.69751,-22.64928],[-45.71703,-22.62052],[-45.72962,-22.61823],[-45.74999,-22.62512],[-45.81038,-22.61118],[-45.83821,-22.62869],[-45.87786,-22.60773],[-45.87772,-22.6577],[-45.88505,-22.67589],[-45.9354,-22.69471],[-45.95094,-22.69299]]]},"properties":{"GEOCODIGO":"3127404","NOME":"Gonçalves","UF":"MG"}},
{"type":"Feature","geometry":{"type":"Polygon","coordinates":[[[-46.20471,-16.93832],[-46.20577,-16.96238],[-46.20032,-17.00069],[-46.1614,-16.99761],[-46.14438,-17.02289],[-46.1301,-17.02505],[-46.12396,-17.04844],[-46.09865,-17.03504],[-46.09025,-17.05421],[-46.11993,-17.07509],[-46.15331,-17.10818],[-46.14755,-17.1346],[-46.12047,-17.14994],[-46.08402,-17.1449],[-46.07257,-17.1732],[-46.08084,-17.1848],[-46.0349,-17.19114],[-46.02701,-17.18225],[-45.97682,-17.17743],[-45.94781,-17.13216],[-45.90429,-17.09975],[-45.90619,-17.12331],[-45.89441,-17.14194],[-45.86443,-17.14395],[-45.83451,-17.15539],[-45.82715,-17.13846],[-45.80484,-17.14635],[-45.77559,-17.17715],[-45.73529,-17.15135],[-45.7133,-17.11665],[-45.66862,-17.11345],[-45.65018,-17.10185],[-45.61091,-17.09424],[-45.59501,-17.07305],[-45.55984,-17.0458],[-45.54854,-17.03238],[-45.51043,-17.0367],[-45.50459,-16.99247],[-45.5058,-16.96098],[-45.52063,-16.9387],[-45.56733,-16.94001],[-45.59293,-16.88695],[-45.61515,-16.87318],[-45.66205,-16.88362],[-45.69376,-16.88102],[-45.70948,-16.89775],[-45.75135,-16.87683],[-45.75998,-16.85323],[-45.77952,-16.85456],[-45.80112,-16.83149],[-45.83349,-16.82941],[-45.85796,-16.80698],[-45.85874,-16.76558],[-45.8869,-16.72462],[-45.88794,-16.70444],[-45.92096,-16.70696],[-45.93829,-16.72254],[-45.96476,-16.69747],[-45.99262,-16.69007],[-46.03466,-16.71511],[-46.07052,-16.71321],[-46.10049,-16.75958],[-46.12399,-16.76384],[-46.14993,-16.78263],[-46.16838,-16.77833],[-46.19424,-16.79986],[-46.19894,-16.84331],[-46.20604,-16.855],[-46.18744,-16.8785],[-46.18066,-16.91263],[-46.20471,-16.93832]]]},"properties":{"GEOCODIGO":"3108552","NOME":"Brasilândia de Minas","UF":"MG"}},
{"type":"Feature","geometry":{"type":"Polygon","coordinates":[[[-46.0887,-19.10776],[-46.08157,-19.12947],[-46.10982,-19.1973],[-46.06617,-19.21973],[-46.06834,-19.23499],[-46.03332,-19.24577],[-46.00031,-19.26758],[-45.98428,-19.26707],[-45.93199,-19.28868],[-45.92146,-19.25889],[-45.92092,-19.21515],[-45.87231,-19.1988],[-45.86492,-19.17634],[-45.83776,-19.17851],[-45.8566,-19.15904],[-45.8754,-19.15436],[-45.92843,-19.15468],[-45.95412,-19.17394],[-45.97406,-19.20505],[-46.00326,-19.17819],[-46.01162,-19.14788],[-46.0279,-19.13565],[-46.05368,-19.09343],[-46.05548,-19.07935],[-46.07381,-19.08243],[-46.0887,-19.10776]]]},"properties":{"GEOCODIGO":"3141207","NOME":"Matutina","UF":"MG"}},
{"type":"Feature","geometry":{"type":"Polygon","coordinates":[[[-45.91914,-22.40833],[-45.9183,-22.4318],[-45.93298,-22.45814],[-45.9235,-22.47246],[-45.88589,-22.46807],[-45.84963,-22.45506],[-45.84772,-22.41849],[-45.83147,-22.40321],[-45.80911,-22.39756],[-45.76058,-22.39907],[-45.72138,-22.40708],[-45.69855,-22.38056],[-45.67892,-22.37474],[-45.67202,-22.33807],[-45.65919,-22.31066],[-45.65994,-22.27768],[-45.70181,-22.27313],[-45.7212,-22.29933],[-45.73962,-22.29314],[-45.75922,-22.30161],[-45.77317,-22.2721],[-45.82153,-22.29697],[-45.84201,-22.28429],[-45.85396,-22.31593],[-45.85084,-22.3539],[-45.88233,-22.36449],[-45.91914,-22.40833]]]},"properties":{"GEOCODIGO":"3109709","NOME":"Cachoeira de Minas","UF":"MG"}},
{"type":"Feature","geometry":{"type":"Polygon","coordinates":[[[-45.90598,-22.0213],[-45.90875,-22.05973],[-45.92823,-22.0846],[-45.90028,-22.08601],[-45.90322,-22.11054],[-45.8817,-22.11828],[-45.86189,-22.11057],[-45.81683,-22.11547],[-45.8062,-22.09853],[-45.77108,-22.10641],[-45.74324,-22.10374],[-45.73135,-22.07999],[-45.70029,-22.05403],[-45.70194,-22.03466],[-45.67773,-22.0301],[-45.69664,-22.00466],[-45.71634,-21.99406],[-45.71219,-21.9714],[-45.73093,-21.95491],[-45.77533,-21.96314],[-45.84906,-21.96485],[-45.87,-21.98257],[-45.89233,-21.98675],[-45.90598,-22.0213]]]},"properties":{"GEOCODIGO":"3167400","NOME":"Silvianópolis","UF":"MG"}},
{"type":"Feature","geometry":{"type":"Polygon","coordinates":[[[-46.10947,-18.51562],[-46.10649,-18.52977],[-46.06477,-18.52676],[-46.01712,-18.54419],[-46.01606,-18.55497],[-45.96529,-18.53186],[-45.93749,-18.56848],[-45.91618,-18.56295],[-45.90237,-18.57546],[-45.87504,-18.57887],[-45.86209,-18.59236],[-45.8294,-18.58809],[-45.81709,-18.5772],[-45.8029,-18.53979],[-45.80456,-18.51738],[-45.79185,-18.50327],[-45.80198,-18.48137],[-45.77301,-18.46652],[-45.78517,-18.45825],[-45.75254,-18.41587],[-45.74754,-18.39935],[-45.8144,-18.40125],[-45.81615,-18.39156],[-45.86457,-18.39369],[-45.88095,-18.38038],[-45.92612,-18.37687],[-45.97384,-18.34397],[-46.00952,-18.32496],[-46.02132,-18.36633],[-46.07823,-18.42555],[-46.09153,-18.42319],[-46.1077,-18.45473],[-46.09554,-18.47354],[-46.10947,-18.51562]]]},"properties":{"GEOCODIGO":"3170750","NOME":"Varjão de Minas","UF":"MG"}},
{"type":"Feature","geometry":{"type":"Polygon","coordinates":[[[-45.88589,-22.46807],[-45.89984,-22.48355],[-45.8834,-22.50054],[-45.84965,-22.48973],[-45.82749,-22.50864],[-45.81155,-22.49504],[-45.78491,-22.48813],[-45.77952,-22.47074],[-45.70073,-22.50076],[-45.69892,-22.48053],[-45.6818,-22.46256],[-45.6906,-22.39735],[-45.67892,-22.37474],[-45.69855,-22.38056],[-45.72138,-22.40708],[-45.76058,-22.39907],[-45.80911,-22.39756],[-45.83147,-22.40321],[-45.84772,-22.41849],[-45.84963,-22.45506],[-45.88589,-22.46807]]]},"properties":{"GEOCODIGO":"3117801","NOME":"Conceição dos Ouros","UF":"MG"}},
{"type":"Feature","geometry":{"type":"Polygon","coordinates":[[[-45.97364,-21.14064],[-45.94777,-21.16529],[-45.90038,-21.17589],[-45.85533,-21.16549],[-45.8549,-21.15123],[-45.79903,-21.16735],[-45.7563,-21.16761],[-45.72981,-21.12892],[-45.67765,-21.1366],[-45.70675,-21.09155],[-45.73028,-21.08304],[-45.76386,-21.08948],[-45.77728,-21.07776],[-45.81976,-21.06875],[-45.84437,-21.07099],[-45.87269,-21.05709],[-45.9234,-21.04313],[-45.9607,-21.08029],[-45.97364,-21.14064]]]},"properties":{"GEOCODIGO":"3111309","NOME":"Campo do Meio","UF":"MG"}},
{"type":"Feature","geometry":{"type":"Polygon","coordinates":[[[-45.94777,-21.16529],[-45.95492,-21.24666],[-45.93223,-21.24854],[-45.90978,-21.26867],[-45.8522,-21.28606],[-45.82284,-21.33126],[-45.83097,-21.39359],[-45.77714,-21.41127],[-45.76454,-21.42298],[-45.73609,-21.42302],[-45.71462,-21.44722],[-45.69638,-21.43852],[-45.69811,-21.41784],[-45.67456,-21.41331],[-45.70109,-21.37746],[-45.69642,-21.34468],[-45.68483,-21.33465],[-45.61292,-21.30923],[-45.60103,-21.31487],[-45.59839,-21.2981],[-45.61017,-21.27121],[-45.60384,-21.23138],[-45.60961,-21.20149],[-45.58664,-21.18306],[-45.57662,-21.16184],[-45.59429,-21.14495],[-45.64498,-21.1461],[-45.67765,-21.1366],[-45.72981,-21.12892],[-45.7563,-21.16761],[-45.79903,-21.16735],[-45.8549,-21.15123],[-45.85533,-21.16549],[-45.90038,-21.17589],[-45.94777,-21.16529]]]},"properties":{"GEOCODIGO":"3111606","NOME":"Campos Gerais","UF":"MG"}},
{"type":"Feature","geometry":{"type":"Polygon","coordinates":[[[-46.03948,-18.99291],[-46.04023,-19.03263],[-46.05548,-19.07935],[-46.05368,-19.09343],[-46.0279,-19.13565],[-46.01162,-19.14788],[-46.00326,-19.17819],[-45.97406,-19.20505],[-45.95412,-19.17394],[-45.92843,-19.15468],[-45.8754,-19.15436],[-45.8566,-19.15904],[-45.83776,-19.17851],[-45.80445,-19.19579],[-45.78396,-19.15753],[-45.77198,-19.11904],[-45.75798,-19.11742],[-45.74953,-19.07574],[-45.73757,-19.06548],[-45.73915,-19.04389],[-45.71339,-19.03113],[-45.71264,-18.99457],[-45.69927,-18.98638],[-45.71478,-18.97161],[-45.69273,-18.9311],[-45.69215,-18.9168],[-45.66815,-18.88135],[-45.67021,-18.84548],[-45.64717,-18.83755],[-45.63765,-18.79211],[-45.7009,-18.75916],[-45.69137,-18.70839],[-45.66857,-18.69831],[-45.66256,-18.68021],[-45.64065,-18.66568],[-45.63315,-18.62532],[-45.63428,-18.59939],[-45.61698,-18.57264],[-45.6221,-18.52258],[-45.63584,-18.50928],[-45.64426,-18.48184],[-45.67734,-18.49371],[-45.70593,-18.49078],[-45.7237,-18.50843],[-45.77301,-18.46652],[-45.80198,-18.48137],[-45.79185,-18.50327],[-45.80456,-18.51738],[-45.8029,-18.53979],[-45.81709,-18.5772],[-45.8294,-18.58809],[-45.8327,-18.61149],[-45.86206,-18.63959],[-45.85913,-18.67232],[-45.87082,-18.69914],[-45.89501,-18.72916],[-45.94621,-18.75367],[-45.97148,-18.84908],[-45.96246,-18.86969],[-45.97665,-18.89742],[-46.01834,-18.935],[-46.04389,-18.98172],[-46.03948,-18.99291]]]},"properties":{"GEOCODIGO":"3168903","NOME":"Tiros","UF":"MG"}},
{"type":"Feature","geometry":{"type":"Polygon","coordinates":[[[-45.96775,-20.58895],[-45.96134,-20.60412],[-45.92021,-20.60764],[-45.908,-20.62335],[-45.87654,-20.63375],[-45.87592,-20.65153],[-45.83236,-20.66703],[-45.7997,-20.62928],[-45.78398,-20.58888],[-45.75498,-20.57198],[-45.74201,-20.53327],[-45.71953,-20.5347],[-45.71573,-20.50903],[-45.72611,-20.48227],[-45.75073,-20.46637],[-45.74823,-20.43747],[-45.76631,-20.41924],[-45.78114,-20.42569],[-45.80048,-20.41071],[-45.81706,-20.37331],[-45.83463,-20.35777],[-45.82901,-20.38919],[-45.83603,-20.42491],[-45.8585,-20.42842],[-45.88783,-20.45198],[-45.88945,-20.53944],[-45.90864,-20.53512],[-45.94153,-20.54922],[-45.96775,-20.58895]]]},"properties":{"GEOCODIGO":"3150505","NOME":"Pimenta","UF":"MG"}},
{"type":"Feature","geometry":{"type":"Polygon","coordinates":[[[-45.81683,-22.11547],[-45.83103,-22.14787],[-45.85952,-22.18142],[-45.86836,-22.22127],[-45.85373,-22.23601],[-45.84572,-22.21138],[-45.80833,-22.20543],[-45.74345,-22.20795],[-45.66481,-22.16774],[-45.69206,-22.13638],[-45.71831,-22.13605],[-45.74324,-22.10374],[-45.77108,-22.10641],[-45.8062,-22.09853],[-45.81683,-22.11547]]]},"properties":{"GEOCODIGO":"3164407","NOME":"São Sebastião da Bela Vista","UF":"MG"}},
{"type":"Feature","geometry":{"type":"Polygon","coordinates":[[[-45.97636,-20.33785],[-45.958,-20.35136],[-45.91125,-20.33113],[-45.8812,-20.3314],[-45.86808,-20.34286],[-45.8347,-20.35187],[-45.80681,-20.32418],[-45.80114,-20.30791],[-45.82059,-20.28864],[-45.84295,-20.26938],[-45.86532,-20.23171],[-45.89039,-20.21734],[-45.9345,-20.24761],[-45.95653,-20.29681],[-45.92795,-20.30356],[-45.97636,-20.33785]]]},"properties":{"GEOCODIGO":"3123403","NOME":"Doresópolis","UF":"MG"}},
{"type":"Feature","geometry":{"type":"Polygon","coordinates":[[[-45.94066,-20.89057],[-45.94298,-20.91644],[-45.92931,-20.92972],[-45.90539,-20.92163],[-45.88784,-20.9425],[-45.90761,-20.97058],[-45.8662,-20.98494],[-45.8602,-21.00051],[-45.80179,-21.01741],[-45.77631,-21.03569],[-45.75803,-21.01504],[-45.73778,-21.01702],[-45.68109,-20.96019],[-45.68067,-20.92189],[-45.69137,-20.89719],[-45.73457,-20.86745],[-45.75006,-20.872],[-45.78784,-20.83598],[-45.82117,-20.84413],[-45.84069,-20.86482],[-45.86148,-20.86548],[-45.88301,-20.85323],[-45.94066,-20.89057]]]},"properties":{"GEOCODIGO":"3130507","NOME":"Ilicínea","UF":"MG"}},
{"type":"Feature","geometry":{"type":"Polygon","coordinates":[[[-45.89726,-21.77727],[-45.84904,-21.80853],[-45.83387,-21.7905],[-45.81759,-21.81548],[-45.78749,-21.82321],[-45.78795,-21.79905],[-45.76569,-21.77673],[-45.80101,-21.76699],[-45.81478,-21.72263],[-45.86759,-21.74167],[-45.896,-21.76312],[-45.89726,-21.77727]]]},"properties":{"GEOCODIGO":"3114709","NOME":"Carvalhópolis","UF":"MG"}},
{"type":"Feature","geometry":{"type":"Polygon","coordinates":[[[-45.90761,-20.97058],[-45.92636,-21.00465],[-45.9047,-21.01552],[-45.9234,-21.04313],[-45.87269,-21.05709],[-45.84437,-21.07099],[-45.81976,-21.06875],[-45.77728,-21.07776],[-45.76386,-21.08948],[-45.73028,-21.08304],[-45.70675,-21.09155],[-45.67765,-21.1366],[-45.64498,-21.1461],[-45.59429,-21.14495],[-45.57662,-21.16184],[-45.58664,-21.18306],[-45.60961,-21.20149],[-45.60384,-21.23138],[-45.56448,-21.253],[-45.53541,-21.22558],[-45.51697,-21.21865],[-45.53095,-21.17557],[-45.52232,-21.16717],[-45.52956,-21.13584],[-45.51531,-21.12183],[-45.46861,-21.12919],[-45.45225,-21.14251],[-45.43297,-21.14047],[-45.43309,-21.09056],[-45.41936,-21.07923],[-45.3945,-21.07789],[-45.41444,-21.03118],[-45.47375,-21.02144],[-45.49768,-20.99377],[-45.5234,-20.97394],[-45.5374,-20.93847],[-45.58303,-20.93791],[-45.59992,-20.9264],[-45.60636,-20.88555],[-45.61968,-20.86565],[-45.66078,-20.8738],[-45.67945,-20.86115],[-45.69137,-20.89719],[-45.68067,-20.92189],[-45.68109,-20.96019],[-45.73778,-21.01702],[-45.75803,-21.01504],[-45.77631,-21.03569],[-45.80179,-21.01741],[-45.8602,-21.00051],[-45.8662,-20.98494],[-45.90761,-20.97058]]]},"properties":{"GEOCODIGO":"3107109","NOME":"Boa Esperança","UF":"MG"}},
{"type":"Feature","geometry":{"type":"Polygon","coordinates":[[[-45.66481,-22.16774],[-45.74345,-22.20795],[-45.80833,-22.20543],[-45.84572,-22.21138],[-45.85373,-22.23601],[-45.84201,-22.28429],[-45.82153,-22.29697],[-45.77317,-22.2721],[-45.75922,-22.30161],[-45.73962,-22.29314],[-45.7212,-22.29933],[-45.70181,-22.27313],[-45.65994,-22.27768],[-45.645,-22.28767],[-45.61089,-22.28992],[-45.57476,-22.32224],[-45.57189,-22.29634],[-45.55192,-22.28311],[-45.551,-22.2621],[-45.55558,-22.24705],[-45.51802,-22.21689],[-45.54272,-22.20085],[-45.57716,-22.18934],[-45.59113,-22.16691],[-45.61666,-22.16001],[-45.63949,-22.15849],[-45.66481,-22.16774]]]},"properties":{"GEOCODIGO":"3159605","NOME":"Santa Rita do Sapucaí","UF":"MG"}},
{"type":"Feature","geometry":{"type":"Polygon","coordinates":[[[-45.84904,-21.80853],[-45.87534,-21.84742],[-45.86989,-21.88063],[-45.85945,-21.894],[-45.84789,-21.9219],[-45.86158,-21.93356],[-45.84906,-21.96485],[-45.77533,-21.96314],[-45.73093,-21.95491],[-45.74458,-21.93491],[-45.73836,-21.89597],[-45.71545,-21.87146],[-45.73918,-21.86193],[-45.74089,-21.83287],[-45.73144,-21.80536],[-45.78749,-21.82321],[-45.81759,-21.81548],[-45.83387,-21.7905],[-45.84904,-21.80853]]]},"properties":{"GEOCODIGO":"3169802","NOME":"Turvolândia","UF":"MG"}},
{"type":"Feature","geometry":{"type":"Polygon","coordinates":[[[-45.83097,-21.39359],[-45.84502,-21.41645],[-45.83171,-21.43582],[-45.83767,-21.46741],[-45.85914,-21.47818],[-45.86599,-21.50471],[-45.85694,-21.51789],[-45.813,-21.53219],[-45.78483,-21.48934],[-45.76454,-21.42298],[-45.77714,-21.41127],[-45.83097,-21.39359]]]},"properties":{"GEOCODIGO":"3125200","NOME":"Fama","UF":"MG"}},
{"type":"Feature","geometry":{"type":"Polygon","coordinates":[[[-45.85694,-21.51789],[-45.84815,-21.5702],[-45.85317,-21.58668],[-45.82561,-21.61762],[-45.82303,-21.66909],[-45.782,-21.68568],[-45.7792,-21.70556],[-45.729,-21.70811],[-45.70486,-21.67804],[-45.72372,-21.65677],[-45.68567,-21.6555],[-45.68048,-21.62546],[-45.66775,-21.60339],[-45.66592,-21.57184],[-45.67447,-21.53938],[-45.66484,-21.52901],[-45.67,-21.4958],[-45.66261,-21.45956],[-45.67736,-21.44188],[-45.69638,-21.43852],[-45.71462,-21.44722],[-45.73609,-21.42302],[-45.76454,-21.42298],[-45.78483,-21.48934],[-45.813,-21.53219],[-45.85694,-21.51789]]]},"properties":{"GEOCODIGO":"3147204","NOME":"Paraguaçu","UF":"MG"}},
{"type":"Feature","geometry":{"type":"Polygon","coordinates":[[[-46.00952,-18.32496],[-45.97384,-18.34397],[-45.92612,-18.37687],[-45.88095,-18.38038],[-45.86457,-18.39369],[-45.81615,-18.39156],[-45.8144,-18.40125],[-45.74754,-18.39935],[-45.75254,-18.41587],[-45.78517,-18.45825],[-45.77301,-18.46652],[-45.7237,-18.50843],[-45.70593,-18.49078],[-45.67734,-18.49371],[-45.64426,-18.48184],[-45.64251,-18.46138],[-45.62739,-18.43976],[-45.63051,-18.42426],[-45.61212,-18.41218],[-45.60007,-18.38628],[-45.57285,-18.37226],[-45.57321,-18.35787],[-45.51562,-18.32674],[-45.50881,-18.31636],[-45.44994,-18.32378],[-45.40624,-18.31699],[-45.3942,-18.2944],[-45.37037,-18.28568],[-45.36132,-18.26669],[-45.3444,-18.261],[-45.33587,-18.24149],[-45.30483,-18.21486],[-45.28923,-18.21118],[-45.25955,-18.22275],[-45.2504,-18.18533],[-45.22815,-18.15925],[-45.22815,-18.13609],[-45.25001,-18.12439],[-45.23234,-18.10796],[-45.19074,-18.12778],[-45.18165,-18.09108],[-45.2084,-18.05673],[-45.17993,-18.03077],[-45.18096,-18.00722],[-45.19779,-17.99115],[-45.2222,-17.97902],[-45.25584,-17.98698],[-45.27796,-17.98342],[-45.28788,-17.96511],[-45.3416,-17.93721],[-45.34579,-17.91112],[-45.39015,-17.90213],[-45.41766,-17.9063],[-45.4456,-17.92063],[-45.46926,-17.89747],[-45.45815,-17.8484],[-45.47193,-17.85612],[-45.51626,-17.86222],[-45.54818,-17.89733],[-45.56351,-17.89753],[-45.56754,-17.9247],[-45.581,-17.93499],[-45.59784,-17.99179],[-45.61392,-18.00945],[-45.6322,-18.01255],[-45.63929,-18.02894],[-45.63784,-18.06461],[-45.66696,-18.12493],[-45.69006,-18.14077],[-45.70687,-18.17054],[-45.7179,-18.1573],[-45.81229,-18.1806],[-45.82496,-18.20067],[-45.90195,-18.29198],[-45.91021,-18.31595],[-45.93256,-18.31269],[-46.004,-18.32083],[-46.00952,-18.32496]]]},"properties":{"GEOCODIGO":"3161700","NOME":"São Gonçalo do Abaeté","UF":"MG"}},
{"type":"Feature","geometry":{"type":"Polygon","coordinates":[[[-45.94745,-19.60611],[-45.93534,-19.63849],[-45.94135,-19.69645],[-45.92613,-19.70075],[-45.8979,-19.70421],[-45.85354,-19.68132],[-45.8245,-19.7091],[-45.80478,-19.70116],[-45.7872,-19.70738],[-45.77101,-19.69315],[-45.74134,-19.70519],[-45.73226,-19.68918],[-45.69122,-19.69062],[-45.66634,-19.66883],[-45.63712,-19.66264],[-45.65309,-19.64363],[-45.66268,-19.60667],[-45.68606,-19.58889],[-45.70106,-19.59393],[-45.71115,-19.57016],[-45.6849,-19.53629],[-45.71214,-19.51672],[-45.71387,-19.49664],[-45.74464,-19.49163],[-45.77282,-19.47907],[-45.79764,-19.4804],[-45.84051,-19.45503],[-45.86245,-19.43036],[-45.89861,-19.43983],[-45.90335,-19.46602],[-45.89296,-19.48667],[-45.90303,-19.53887],[-45.92348,-19.54992],[-45.9252,-19.5699],[-45.94472,-19.58984],[-45.94745,-19.60611]]]},"properties":{"GEOCODIGO":"3124708","NOME":"Estrela do Indaiá","UF":"MG"}},
{"type":"Feature","geometry":{"type":"Polygon","coordinates":[[[-45.92613,-19.70075],[-45.92925,-19.71807],[-45.89092,-19.75867],[-45.85078,-19.82061],[-45.82648,-19.82775],[-45.80851,-19.84718],[-45.82617,-19.88355],[-45.79895,-19.91453],[-45.76584,-19.9506],[-45.75967,-19.97258],[-45.73425,-19.97529],[-45.69811,-20.02826],[-45.64073,-20.05313],[-45.63273,-20.07291],[-45.62412,-20.07413],[-45.60331,-20.07225],[-45.61379,-20.03328],[-45.60617,-19.98697],[-45.57865,-19.9793],[-45.58667,-19.95727],[-45.57295,-19.9494],[-45.5626,-19.92466],[-45.58006,-19.9164],[-45.54075,-19.88591],[-45.51976,-19.84657],[-45.50481,-19.84887],[-45.48603,-19.82653],[-45.49959,-19.79862],[-45.49497,-19.77248],[-45.47741,-19.75678],[-45.48259,-19.72959],[-45.5106,-19.69891],[-45.54037,-19.69261],[-45.56106,-19.66219],[-45.59714,-19.65564],[-45.60872,-19.66705],[-45.63712,-19.66264],[-45.66634,-19.66883],[-45.69122,-19.69062],[-45.73226,-19.68918],[-45.74134,-19.70519],[-45.77101,-19.69315],[-45.7872,-19.70738],[-45.80478,-19.70116],[-45.8245,-19.7091],[-45.85354,-19.68132],[-45.8979,-19.70421],[-45.92613,-19.70075]]]},"properties":{"GEOCODIGO":"3138807","NOME":"Luz","UF":"MG"}},
{"type":"Feature","geometry":{"type":"Polygon","coordinates":[[[-45.89039,-20.21734],[-45.86532,-20.23171],[-45.84295,-20.26938],[-45.82059,-20.28864],[-45.79286,-20.29916],[-45.75878,-20.30359],[-45.69537,-20.28784],[-45.66061,-20.29629],[-45.6655,-20.24503],[-45.65179,-20.20753],[-45.65767,-20.18902],[-45.65256,-20.11956],[-45.63584,-20.09769],[-45.63273,-20.07291],[-45.64073,-20.05313],[-45.69811,-20.02826],[-45.73425,-19.97529],[-45.75967,-19.97258],[-45.79623,-20.00045],[-45.78114,-20.0424],[-45.80944,-20.05588],[-45.84273,-20.0864],[-45.84118,-20.1074],[-45.85476,-20.14471],[-45.88664,-20.19468],[-45.89039,-20.21734]]]},"properties":{"GEOCODIGO":"3130309","NOME":"Iguatama","UF":"MG"}},
{"type":"Feature","geometry":{"type":"Polygon","coordinates":[[[-45.84844,-19.32401],[-45.86598,-19.34482],[-45.88998,-19.40104],[-45.88643,-19.42095],[-45.89861,-19.43983],[-45.86245,-19.43036],[-45.84051,-19.45503],[-45.79764,-19.4804],[-45.77282,-19.47907],[-45.74464,-19.49163],[-45.74565,-19.48179],[-45.7157,-19.46356],[-45.732,-19.45137],[-45.70609,-19.41768],[-45.69329,-19.41893],[-45.67565,-19.39423],[-45.68179,-19.34353],[-45.70104,-19.33824],[-45.71263,-19.31327],[-45.73554,-19.30654],[-45.73965,-19.28446],[-45.77329,-19.26509],[-45.79115,-19.29928],[-45.81178,-19.3175],[-45.81801,-19.34241],[-45.83867,-19.34362],[-45.84844,-19.32401]]]},"properties":{"GEOCODIGO":"3166600","NOME":"Serra da Saudade","UF":"MG"}},
{"type":"Feature","geometry":{"type":"Polygon","coordinates":[[[-45.83236,-20.66703],[-45.79729,-20.71073],[-45.7569,-20.71414],[-45.73407,-20.73515],[-45.72163,-20.73627],[-45.65995,-20.71273],[-45.64156,-20.69722],[-45.61439,-20.70382],[-45.58342,-20.68679],[-45.55305,-20.69539],[-45.53529,-20.68863],[-45.51298,-20.69638],[-45.49261,-20.69241],[-45.48589,-20.67202],[-45.45622,-20.67104],[-45.41095,-20.65882],[-45.35706,-20.67443],[-45.31639,-20.65596],[-45.29464,-20.67024],[-45.26017,-20.65117],[-45.25533,-20.63332],[-45.29244,-20.59081],[-45.26381,-20.56435],[-45.26231,-20.54741],[-45.29983,-20.52735],[-45.29964,-20.47426],[-45.32012,-20.46446],[-45.32192,-20.43688],[-45.31187,-20.4193],[-45.30448,-20.37686],[-45.31983,-20.35135],[-45.33703,-20.33412],[-45.34953,-20.32209],[-45.3859,-20.31908],[-45.39045,-20.33129],[-45.41867,-20.34386],[-45.42786,-20.36065],[-45.44754,-20.34776],[-45.46626,-20.3192],[-45.48302,-20.34092],[-45.50556,-20.34541],[-45.50467,-20.38487],[-45.51073,-20.39378],[-45.48864,-20.43602],[-45.49394,-20.451],[-45.48367,-20.49434],[-45.48853,-20.50861],[-45.53639,-20.5179],[-45.53847,-20.49673],[-45.5617,-20.4773],[-45.58822,-20.46609],[-45.60693,-20.47784],[-45.63233,-20.46866],[-45.67006,-20.43998],[-45.6872,-20.44835],[-45.68445,-20.46757],[-45.71573,-20.50903],[-45.71953,-20.5347],[-45.74201,-20.53327],[-45.75498,-20.57198],[-45.78398,-20.58888],[-45.7997,-20.62928],[-45.83236,-20.66703]]]},"properties":{"GEOCODIGO":"3126109","NOME":"Formiga","UF":"MG"}},
{"type":"Feature","geometry":{"type":"Polygon","coordinates":[[[-45.90996,-16.53032],[-45.95229,-16.55367],[-45.98696,-16.62251],[-46.01157,-16.62656],[-46.00561,-16.66416],[-45.99262,-16.69007],[-45.96476,-16.69747],[-45.93829,-16.72254],[-45.92096,-16.70696],[-45.88794,-16.70444],[-45.8869,-16.72462],[-45.85874,-16.76558],[-45.85796,-16.80698],[-45.83349,-16.82941],[-45.80112,-16.83149],[-45.77952,-16.85456],[-45.75998,-16.85323],[-45.75135,-16.87683],[-45.70948,-16.89775],[-45.69376,-16.88102],[-45.66205,-16.88362],[-45.61515,-16.87318],[-45.59293,-16.88695],[-45.56733,-16.94001],[-45.52063,-16.9387],[-45.5058,-16.96098],[-45.49843,-16.95432],[-45.46197,-16.96405],[-45.44068,-16.94926],[-45.43326,-16.918],[-45.39475,-16.9037],[-45.36121,-16.9054],[-45.33443,-16.91955],[-45.33248,-16.88568],[-45.30251,-16.87642],[-45.30959,-16.84791],[-45.29724,-16.81564],[-45.30765,-16.78927],[-45.28512,-16.76077],[-45.24179,-16.76257],[-45.25246,-16.73844],[-45.23471,-16.72251],[-45.24121,-16.69387],[-45.2189,-16.67535],[-45.19593,-16.68437],[-45.16959,-16.62308],[-45.14888,-16.62338],[-45.1384,-16.59154],[-45.1039,-16.56613],[-45.10302,-16.53622],[-45.11668,-16.51228],[-45.18523,-16.5231],[-45.26227,-16.54246],[-45.30968,-16.56353],[-45.33584,-16.54567],[-45.32819,-16.50746],[-45.37082,-16.53097],[-45.38999,-16.5304],[-45.4173,-16.50354],[-45.46018,-16.50429],[-45.50587,-16.51983],[-45.52474,-16.56222],[-45.56102,-16.57081],[-45.59438,-16.57059],[-45.62338,-16.60747],[-45.64979,-16.61123],[-45.69163,-16.56571],[-45.70835,-16.56529],[-45.76004,-16.53144],[-45.77117,-16.5487],[-45.79707,-16.53994],[-45.82986,-16.50591],[-45.8591,-16.50769],[-45.90996,-16.53032]]]},"properties":{"GEOCODIGO":"3157609","NOME":"Santa Fé de Minas","UF":"MG"}},
{"type":"Feature","geometry":{"type":"Polygon","coordinates":[[[-45.74324,-22.10374],[-45.71831,-22.13605],[-45.69206,-22.13638],[-45.66481,-22.16774],[-45.63949,-22.15849],[-45.61666,-22.16001],[-45.6168,-22.12065],[-45.59782,-22.1028],[-45.60392,-22.07548],[-45.64058,-22.03284],[-45.61878,-22.01951],[-45.63952,-21.98817],[-45.6858,-21.98068],[-45.69363,-21.99548],[-45.71634,-21.99406],[-45.69664,-22.00466],[-45.67773,-22.0301],[-45.70194,-22.03466],[-45.70029,-22.05403],[-45.73135,-22.07999],[-45.74324,-22.10374]]]},"properties":{"GEOCODIGO":"3113602","NOME":"Careaçu","UF":"MG"}},
{"type":"Feature","geometry":{"type":"Polygon","coordinates":[[[-45.8347,-20.35187],[-45.83463,-20.35777],[-45.81706,-20.37331],[-45.80048,-20.41071],[-45.78114,-20.42569],[-45.76631,-20.41924],[-45.74823,-20.43747],[-45.75073,-20.46637],[-45.72611,-20.48227],[-45.71573,-20.50903],[-45.68445,-20.46757],[-45.6872,-20.44835],[-45.67006,-20.43998],[-45.63233,-20.46866],[-45.60693,-20.47784],[-45.58822,-20.46609],[-45.56959,-20.39795],[-45.57661,-20.38191],[-45.59168,-20.32642],[-45.61336,-20.32922],[-45.62862,-20.30435],[-45.66061,-20.29629],[-45.69537,-20.28784],[-45.75878,-20.30359],[-45.79286,-20.29916],[-45.82059,-20.28864],[-45.80114,-20.30791],[-45.80681,-20.32418],[-45.8347,-20.35187]]]},"properties":{"GEOCODIGO":"3146503","NOME":"Pains","UF":"MG"}},
{"type":"Feature","geometry":{"type":"Polygon","coordinates":[[[-45.73918,-21.86193],[-45.71545,-21.87146],[-45.73836,-21.89597],[-45.74458,-21.93491],[-45.73093,-21.95491],[-45.71219,-21.9714],[-45.71634,-21.99406],[-45.69363,-21.99548],[-45.6858,-21.98068],[-45.63952,-21.98817],[-45.61878,-22.01951],[-45.59175,-22.01597],[-45.47708,-21.98987],[-45.43646,-21.97787],[-45.44147,-21.95919],[-45.46916,-21.94142],[-45.48777,-21.90427],[-45.48953,-21.86471],[-45.50514,-21.83662],[-45.49295,-21.81334],[-45.5027,-21.79791],[-45.55497,-21.78965],[-45.58503,-21.79077],[-45.60561,-21.80948],[-45.59178,-21.82216],[-45.60875,-21.848],[-45.6415,-21.8499],[-45.69698,-21.82948],[-45.72596,-21.84366],[-45.73918,-21.86193]]]},"properties":{"GEOCODIGO":"3162005","NOME":"São Gonçalo do Sapucaí","UF":"MG"}},
{"type":"Feature","geometry":{"type":"Polygon","coordinates":[[[-45.73144,-21.80536],[-45.74089,-21.83287],[-45.73918,-21.86193],[-45.72596,-21.84366],[-45.69698,-21.82948],[-45.6415,-21.8499],[-45.60875,-21.848],[-45.59178,-21.82216],[-45.60561,-21.80948],[-45.58503,-21.79077],[-45.55497,-21.78965],[-45.56865,-21.78421],[-45.56961,-21.75124],[-45.619,-21.7598],[-45.65498,-21.73314],[-45.66121,-21.71636],[-45.686,-21.71774],[-45.70486,-21.67804],[-45.729,-21.70811],[-45.72907,-21.72596],[-45.70672,-21.7525],[-45.70455,-21.77547],[-45.73144,-21.80536]]]},"properties":{"GEOCODIGO":"3119005","NOME":"Cordislândia","UF":"MG"}},
{"type":"Feature","geometry":{"type":"Polygon","coordinates":[[[-45.70073,-22.50076],[-45.68808,-22.56075],[-45.67827,-22.5728],[-45.66245,-22.57633],[-45.65942,-22.59854],[-45.68064,-22.63585],[-45.66574,-22.65071],[-45.61769,-22.63743],[-45.57608,-22.60121],[-45.58345,-22.54697],[-45.55466,-22.50506],[-45.55061,-22.48335],[-45.54291,-22.46712],[-45.55034,-22.43226],[-45.57902,-22.4267],[-45.56802,-22.39656],[-45.60284,-22.37592],[-45.63055,-22.37771],[-45.67202,-22.33807],[-45.67892,-22.37474],[-45.6906,-22.39735],[-45.6818,-22.46256],[-45.69892,-22.48053],[-45.70073,-22.50076]]]},"properties":{"GEOCODIGO":"3108909","NOME":"Brasópolis","UF":"MG"}},
{"type":"Feature","geometry":{"type":"Polygon","coordinates":[[[-45.80445,-19.19579],[-45.81315,-19.21124],[-45.81448,-19.26048],[-45.84343,-19.29021],[-45.84844,-19.32401],[-45.83867,-19.34362],[-45.81801,-19.34241],[-45.81178,-19.3175],[-45.79115,-19.29928],[-45.77329,-19.26509],[-45.73965,-19.28446],[-45.73554,-19.30654],[-45.71263,-19.31327],[-45.68931,-19.29573],[-45.65709,-19.31383],[-45.63998,-19.34408],[-45.6229,-19.35636],[-45.59798,-19.34753],[-45.55956,-19.362],[-45.4925,-19.35055],[-45.49139,-19.34038],[-45.45353,-19.32811],[-45.42339,-19.33022],[-45.3645,-19.35927],[-45.33871,-19.34495],[-45.33534,-19.31731],[-45.35826,-19.31382],[-45.37331,-19.29394],[-45.39192,-19.29548],[-45.40429,-19.26783],[-45.45184,-19.25654],[-45.50576,-19.2602],[-45.51754,-19.25257],[-45.5024,-19.21934],[-45.5247,-19.20143],[-45.57859,-19.22298],[-45.60834,-19.22775],[-45.65748,-19.21695],[-45.6509,-19.20084],[-45.67851,-19.19927],[-45.69562,-19.20969],[-45.71676,-19.20325],[-45.73298,-19.22952],[-45.7754,-19.21558],[-45.76893,-19.17529],[-45.78396,-19.15753],[-45.80445,-19.19579]]]},"properties":{"GEOCODIGO":"3153707","NOME":"Quartel Geral","UF":"MG"}},
{"type":"Feature","geometry":{"type":"Polygon","coordinates":[[[-45.66261,-21.45956],[-45.67,-21.4958],[-45.66484,-21.52901],[-45.67447,-21.53938],[-45.66592,-21.57184],[-45.66775,-21.60339],[-45.68048,-21.62546],[-45.68567,-21.6555],[-45.72372,-21.65677],[-45.70486,-21.67804],[-45.686,-21.71774],[-45.66121,-21.71636],[-45.65498,-21.73314],[-45.619,-21.7598],[-45.56961,-21.75124],[-45.57847,-21.72432],[-45.52053,-21.68268],[-45.5038,-21.68213],[-45.46117,-21.65791],[-45.44738,-21.63902],[-45.45705,-21.62093],[-45.51905,-21.6024],[-45.52693,-21.57528],[-45.54464,-21.57072],[-45.54819,-21.54544],[-45.53208,-21.53198],[-45.54476,-21.49843],[-45.55936,-21.50337],[-45.58111,-21.48753],[-45.59014,-21.4629],[-45.62958,-21.44718],[-45.66261,-21.45956]]]},"properties":{"GEOCODIGO":"3123601","NOME":"Elói Mendes","UF":"MG"}},
{"type":"Feature","geometry":{"type":"Polygon","coordinates":[[[-45.65994,-22.27768],[-45.65919,-22.31066],[-45.67202,-22.33807],[-45.63055,-22.37771],[-45.60284,-22.37592],[-45.56802,-22.39656],[-45.57902,-22.4267],[-45.55034,-22.43226],[-45.54291,-22.46712],[-45.55061,-22.48335],[-45.52403,-22.46035],[-45.51659,-22.43618],[-45.5301,-22.40293],[-45.51183,-22.37261],[-45.54609,-22.36935],[-45.57476,-22.32224],[-45.61089,-22.28992],[-45.645,-22.28767],[-45.65994,-22.27768]]]},"properties":{"GEOCODIGO":"3151008","NOME":"Piranguinho","UF":"MG"}},
{"type":"Feature","geometry":{"type":"Polygon","coordinates":[[[-45.60103,-21.31487],[-45.61292,-21.30923],[-45.68483,-21.33465],[-45.69642,-21.34468],[-45.70109,-21.37746],[-45.67456,-21.41331],[-45.69811,-21.41784],[-45.69638,-21.43852],[-45.67736,-21.44188],[-45.66261,-21.45956],[-45.62958,-21.44718],[-45.59014,-21.4629],[-45.58111,-21.48753],[-45.55936,-21.50337],[-45.54476,-21.49843],[-45.51277,-21.51236],[-45.48453,-21.512],[-45.4883,-21.47814],[-45.47945,-21.46818],[-45.43284,-21.46337],[-45.36486,-21.48139],[-45.36747,-21.46599],[-45.31712,-21.45023],[-45.33364,-21.41731],[-45.31194,-21.39682],[-45.27283,-21.37678],[-45.30436,-21.34354],[-45.32786,-21.32863],[-45.35817,-21.32396],[-45.37767,-21.31072],[-45.39766,-21.31398],[-45.44045,-21.30254],[-45.45539,-21.31895],[-45.48305,-21.2964],[-45.51408,-21.32019],[-45.52533,-21.31115],[-45.56079,-21.3143],[-45.56942,-21.29574],[-45.60103,-21.31487]]]},"properties":{"GEOCODIGO":"3169406","NOME":"Três Pontas","UF":"MG"}},
{"type":"Feature","geometry":{"type":"Polygon","coordinates":[[[-45.73407,-20.73515],[-45.73301,-20.76158],[-45.70116,-20.79502],[-45.67483,-20.80725],[-45.68489,-20.84771],[-45.67945,-20.86115],[-45.66078,-20.8738],[-45.61968,-20.86565],[-45.60636,-20.88555],[-45.59992,-20.9264],[-45.58303,-20.93791],[-45.5374,-20.93847],[-45.50428,-20.93928],[-45.4654,-20.92631],[-45.44592,-20.89569],[-45.43136,-20.8909],[-45.40203,-20.87664],[-45.38958,-20.84771],[-45.39084,-20.83185],[-45.42275,-20.80332],[-45.45523,-20.7618],[-45.50186,-20.71516],[-45.51298,-20.69638],[-45.53529,-20.68863],[-45.55305,-20.69539],[-45.58342,-20.68679],[-45.61439,-20.70382],[-45.64156,-20.69722],[-45.65995,-20.71273],[-45.72163,-20.73627],[-45.73407,-20.73515]]]},"properties":{"GEOCODIGO":"3120201","NOME":"Cristais","UF":"MG"}},
{"type":"Feature","geometry":{"type":"Polygon","coordinates":[[[-45.61878,-22.01951],[-45.64058,-22.03284],[-45.60392,-22.07548],[-45.59782,-22.1028],[-45.57728,-22.10257],[-45.52813,-22.08836],[-45.45794,-22.08172],[-45.45175,-22.06288],[-45.46741,-22.02443],[-45.48994,-22.00708],[-45.47708,-21.98987],[-45.59175,-22.01597],[-45.61878,-22.01951]]]},"properties":{"GEOCODIGO":"3129202","NOME":"Heliodora","UF":"MG"}},
{"type":"Feature","geometry":{"type":"Polygon","coordinates":[[[-45.59782,-22.1028],[-45.6168,-22.12065],[-45.61666,-22.16001],[-45.59113,-22.16691],[-45.57716,-22.18934],[-45.54272,-22.20085],[-45.51802,-22.21689],[-45.50803,-22.19178],[-45.50919,-22.17698],[-45.48706,-22.1581],[-45.50156,-22.1394],[-45.46897,-22.13349],[-45.44536,-22.11945],[-45.41694,-22.12067],[-45.40488,-22.10895],[-45.37561,-22.10754],[-45.35809,-22.09203],[-45.36403,-22.07437],[-45.3988,-22.0718],[-45.45794,-22.08172],[-45.52813,-22.08836],[-45.57728,-22.10257],[-45.59782,-22.1028]]]},"properties":{"GEOCODIGO":"3144409","NOME":"Natércia","UF":"MG"}},
{"type":"Feature","geometry":{"type":"Polygon","coordinates":[[[-45.78396,-19.15753],[-45.76893,-19.17529],[-45.7754,-19.21558],[-45.73298,-19.22952],[-45.71676,-19.20325],[-45.69562,-19.20969],[-45.67851,-19.19927],[-45.6509,-19.20084],[-45.63017,-19.18231],[-45.62642,-19.15483],[-45.5875,-19.15411],[-45.58254,-19.13531],[-45.62439,-19.13255],[-45.6469,-19.12122],[-45.66115,-19.09748],[-45.63526,-19.04112],[-45.65593,-19.01624],[-45.69927,-18.98638],[-45.71264,-18.99457],[-45.71339,-19.03113],[-45.73915,-19.04389],[-45.73757,-19.06548],[-45.74953,-19.07574],[-45.75798,-19.11742],[-45.77198,-19.11904],[-45.78396,-19.15753]]]},"properties":{"GEOCODIGO":"3115607","NOME":"Cedro do Abaeté","UF":"MG"}},
{"type":"Feature","geometry":{"type":"Polygon","coordinates":[[[-45.90618,-16.10714],[-45.89833,-16.14677],[-45.86274,-16.17005],[-45.82789,-16.15565],[-45.80002,-16.17417],[-45.76205,-16.14702],[-45.74843,-16.13101],[-45.72369,-16.14765],[-45.66734,-16.16899],[-45.65626,-16.18257],[-45.63185,-16.17253],[-45.61401,-16.17757],[-45.60635,-16.19715],[-45.58555,-16.21385],[-45.5403,-16.22945],[-45.50541,-16.25768],[-45.48822,-16.29456],[-45.45007,-16.29895],[-45.42451,-16.27943],[-45.39919,-16.30178],[-45.37785,-16.30407],[-45.36666,-16.32376],[-45.30304,-16.26837],[-45.32181,-16.26511],[-45.3619,-16.22313],[-45.36544,-16.191],[-45.3796,-16.14718],[-45.39446,-16.12502],[-45.3682,-16.09099],[-45.38479,-16.04849],[-45.43896,-15.98138],[-45.41634,-15.9273],[-45.3662,-15.88954],[-45.38765,-15.88836],[-45.39673,-15.86317],[-45.4182,-15.84048],[-45.44543,-15.82335],[-45.46641,-15.78075],[-45.49976,-15.78713],[-45.50619,-15.76617],[-45.52794,-15.75498],[-45.54823,-15.73398],[-45.5893,-15.71797],[-45.61469,-15.75213],[-45.65179,-15.78313],[-45.71631,-15.85793],[-45.73123,-15.89835],[-45.77294,-15.93915],[-45.7761,-15.96928],[-45.80916,-16.06606],[-45.8542,-16.09367],[-45.89216,-16.10797],[-45.90618,-16.10714]]]},"properties":{"GEOCODIGO":"3170529","NOME":"Urucuia","UF":"MG"}},
{"type":"Feature","geometry":{"type":"Polygon","coordinates":[[[-45.57608,-22.60121],[-45.5595,-22.62711],[-45.56552,-22.65603],[-45.48871,-22.6282],[-45.47433,-22.59902],[-45.48063,-22.59032],[-45.4618,-22.57735],[-45.41963,-22.52711],[-45.43114,-22.49956],[-45.45491,-22.50798],[-45.47656,-22.48508],[-45.50628,-22.478],[-45.52403,-22.46035],[-45.55061,-22.48335],[-45.55466,-22.50506],[-45.58345,-22.54697],[-45.57608,-22.60121]]]},"properties":{"GEOCODIGO":"3150901","NOME":"Piranguçu","UF":"MG"}},
{"type":"Feature","geometry":{"type":"Polygon","coordinates":[[[-45.71263,-19.31327],[-45.70104,-19.33824],[-45.68179,-19.34353],[-45.67565,-19.39423],[-45.69329,-19.41893],[-45.70609,-19.41768],[-45.732,-19.45137],[-45.7157,-19.46356],[-45.74565,-19.48179],[-45.74464,-19.49163],[-45.71387,-19.49664],[-45.71214,-19.51672],[-45.6849,-19.53629],[-45.71115,-19.57016],[-45.70106,-19.59393],[-45.68606,-19.58889],[-45.66268,-19.60667],[-45.65309,-19.64363],[-45.63712,-19.66264],[-45.60872,-19.66705],[-45.59714,-19.65564],[-45.56106,-19.66219],[-45.54037,-19.69261],[-45.5106,-19.69891],[-45.49235,-19.70092],[-45.48234,-19.64393],[-45.44,-19.61557],[-45.41334,-19.56054],[-45.42551,-19.50577],[-45.39157,-19.50219],[-45.40301,-19.49453],[-45.39267,-19.45355],[-45.37014,-19.42686],[-45.37192,-19.40427],[-45.35087,-19.40401],[-45.33129,-19.35758],[-45.33871,-19.34495],[-45.3645,-19.35927],[-45.42339,-19.33022],[-45.45353,-19.32811],[-45.49139,-19.34038],[-45.4925,-19.35055],[-45.55956,-19.362],[-45.59798,-19.34753],[-45.6229,-19.35636],[-45.63998,-19.34408],[-45.65709,-19.31383],[-45.68931,-19.29573],[-45.71263,-19.31327]]]},"properties":{"GEOCODIGO":"3123205","NOME":"Dores do Indaiá","UF":"MG"}},
{"type":"Feature","geometry":{"type":"Polygon","coordinates":[[[-45.551,-22.2621],[-45.55192,-22.28311],[-45.57189,-22.29634],[-45.57476,-22.32224],[-45.54609,-22.36935],[-45.51183,-22.37261],[-45.48211,-22.3784],[-45.48342,-22.3557],[-45.44696,-22.35469],[-45.44954,-22.32569],[-45.5245,-22.30328],[-45.521,-22.28666],[-45.551,-22.2621]]]},"properties":{"GEOCODIGO":"3163201","NOME":"São José do Alegre","UF":"MG"}},
{"type":"Feature","geometry":{"type":"Polygon","coordinates":[[[-45.51802,-22.21689],[-45.55558,-22.24705],[-45.551,-22.2621],[-45.521,-22.28666],[-45.5245,-22.30328],[-45.44954,-22.32569],[-45.41572,-22.31516],[-45.40303,-22.28717],[-45.3747,-22.26956],[-45.36394,-22.22495],[-45.38508,-22.21662],[-45.37814,-22.1954],[-45.39299,-22.1679],[-45.46939,-22.19506],[-45.50803,-22.19178],[-45.51802,-22.21689]]]},"properties":{"GEOCODIGO":"3149101","NOME":"Pedralva","UF":"MG"}},
{"type":"Feature","geometry":{"type":"Polygon","coordinates":[[[-45.63273,-20.07291],[-45.63584,-20.09769],[-45.65256,-20.11956],[-45.65767,-20.18902],[-45.65179,-20.20753],[-45.6655,-20.24503],[-45.66061,-20.29629],[-45.62862,-20.30435],[-45.61336,-20.32922],[-45.59168,-20.32642],[-45.57661,-20.38191],[-45.55181,-20.37972],[-45.5252,-20.39935],[-45.51073,-20.39378],[-45.50467,-20.38487],[-45.50556,-20.34541],[-45.48302,-20.34092],[-45.46626,-20.3192],[-45.44754,-20.34776],[-45.42786,-20.36065],[-45.41867,-20.34386],[-45.39045,-20.33129],[-45.3859,-20.31908],[-45.41053,-20.28762],[-45.4565,-20.2059],[-45.49287,-20.19004],[-45.51161,-20.19424],[-45.52948,-20.17402],[-45.5659,-20.15883],[-45.589,-20.16598],[-45.60953,-20.1473],[-45.60248,-20.11137],[-45.62615,-20.08897],[-45.62412,-20.07413],[-45.63273,-20.07291]]]},"properties":{"GEOCODIGO":"3104205","NOME":"Arcos","UF":"MG"}},
{"type":"Feature","geometry":{"type":"Polygon","coordinates":[[[-45.60384,-21.23138],[-45.61017,-21.27121],[-45.59839,-21.2981],[-45.60103,-21.31487],[-45.56942,-21.29574],[-45.56079,-21.3143],[-45.52533,-21.31115],[-45.51408,-21.32019],[-45.48305,-21.2964],[-45.45539,-21.31895],[-45.44045,-21.30254],[-45.39766,-21.31398],[-45.37767,-21.31072],[-45.39299,-21.29192],[-45.4347,-21.25069],[-45.45587,-21.23792],[-45.46453,-21.20606],[-45.4862,-21.22329],[-45.51697,-21.21865],[-45.53541,-21.22558],[-45.56448,-21.253],[-45.60384,-21.23138]]]},"properties":{"GEOCODIGO":"3158300","NOME":"Santana da Vargem","UF":"MG"}},
{"type":"Feature","geometry":{"type":"Polygon","coordinates":[[[-45.46117,-21.65791],[-45.5038,-21.68213],[-45.52053,-21.68268],[-45.57847,-21.72432],[-45.56961,-21.75124],[-45.56865,-21.78421],[-45.55497,-21.78965],[-45.5027,-21.79791],[-45.49295,-21.81334],[-45.41313,-21.75463],[-45.37931,-21.70969],[-45.40346,-21.68291],[-45.41728,-21.66755],[-45.4281,-21.68175],[-45.46117,-21.65791]]]},"properties":{"GEOCODIGO":"3142601","NOME":"Monsenhor Paulo","UF":"MG"}},
{"type":"Feature","geometry":{"type":"Polygon","coordinates":[[[-45.51183,-22.37261],[-45.5301,-22.40293],[-45.51659,-22.43618],[-45.52403,-22.46035],[-45.50628,-22.478],[-45.47656,-22.48508],[-45.45491,-22.50798],[-45.43114,-22.49956],[-45.41963,-22.52711],[-45.39943,-22.5317],[-45.39692,-22.50884],[-45.37119,-22.47028],[-45.35928,-22.46749],[-45.38244,-22.4559],[-45.33649,-22.40758],[-45.30443,-22.40152],[-45.26206,-22.37799],[-45.26411,-22.35678],[-45.288,-22.35551],[-45.34003,-22.33871],[-45.39282,-22.37456],[-45.42114,-22.37877],[-45.44696,-22.35469],[-45.48342,-22.3557],[-45.48211,-22.3784],[-45.51183,-22.37261]]]},"properties":{"GEOCODIGO":"3132404","NOME":"Itajubá","UF":"MG"}},
{"type":"Feature","geometry":{"type":"Polygon","coordinates":[[[-45.82986,-16.50591],[-45.79707,-16.53994],[-45.77117,-16.5487],[-45.76004,-16.53144],[-45.70835,-16.56529],[-45.69163,-16.56571],[-45.64979,-16.61123],[-45.62338,-16.60747],[-45.59438,-16.57059],[-45.56102,-16.57081],[-45.52474,-16.56222],[-45.50587,-16.51983],[-45.46018,-16.50429],[-45.4173,-16.50354],[-45.38999,-16.5304],[-45.37082,-16.53097],[-45.32819,-16.50746],[-45.33584,-16.54567],[-45.30968,-16.56353],[-45.26227,-16.54246],[-45.18523,-16.5231],[-45.11668,-16.51228],[-45.11409,-16.47932],[-45.09059,-16.46872],[-45.07041,-16.47131],[-45.04899,-16.45238],[-45.03773,-16.42792],[-45.05954,-16.41323],[-45.07298,-16.38377],[-45.05591,-16.36266],[-45.06143,-16.30421],[-45.04816,-16.23933],[-45.05468,-16.19841],[-45.06826,-16.17989],[-45.07899,-16.14057],[-45.08041,-16.1228],[-45.10116,-16.11426],[-45.12022,-16.16275],[-45.14479,-16.16628],[-45.17418,-16.16068],[-45.18475,-16.17323],[-45.16993,-16.20382],[-45.20034,-16.23439],[-45.22175,-16.24001],[-45.23653,-16.26774],[-45.27787,-16.27356],[-45.30304,-16.26837],[-45.36666,-16.32376],[-45.37785,-16.30407],[-45.39919,-16.30178],[-45.42451,-16.27943],[-45.45007,-16.29895],[-45.48822,-16.29456],[-45.50541,-16.25768],[-45.5403,-16.22945],[-45.58555,-16.21385],[-45.60635,-16.19715],[-45.61401,-16.17757],[-45.63185,-16.17253],[-45.65626,-16.18257],[-45.67408,-16.19645],[-45.67441,-16.23758],[-45.70747,-16.30333],[-45.70838,-16.33175],[-45.69999,-16.36255],[-45.72026,-16.37421],[-45.71571,-16.41721],[-45.74285,-16.4308],[-45.75251,-16.45038],[-45.77491,-16.45813],[-45.82986,-16.50591]]]},"properties":{"GEOCODIGO":"3164209","NOME":"São Romão","UF":"MG"}},
{"type":"Feature","geometry":{"type":"Polygon","coordinates":[[[-45.63765,-18.79211],[-45.64717,-18.83755],[-45.67021,-18.84548],[-45.66815,-18.88135],[-45.69215,-18.9168],[-45.69273,-18.9311],[-45.71478,-18.97161],[-45.69927,-18.98638],[-45.65593,-19.01624],[-45.65965,-18.99241],[-45.64734,-18.95989],[-45.62001,-18.94447],[-45.59687,-18.95984],[-45.56354,-18.96584],[-45.54015,-18.99467],[-45.49828,-19.00116],[-45.4792,-18.9957],[-45.46212,-19.01431],[-45.44246,-19.00767],[-45.42862,-19.01822],[-45.37429,-18.99757],[-45.36407,-18.98015],[-45.33962,-18.98291],[-45.30254,-18.9513],[-45.27398,-18.94301],[-45.25248,-18.91558],[-45.20775,-18.93083],[-45.20315,-18.90086],[-45.18713,-18.88042],[-45.25023,-18.87833],[-45.2782,-18.88412],[-45.32539,-18.91529],[-45.35939,-18.88796],[-45.42431,-18.87081],[-45.43779,-18.89249],[-45.46201,-18.87515],[-45.46287,-18.85471],[-45.48362,-18.84246],[-45.51686,-18.85529],[-45.5332,-18.85412],[-45.59642,-18.80716],[-45.63765,-18.79211]]]},"properties":{"GEOCODIGO":"3146404","NOME":"Paineiras","UF":"MG"}},
{"type":"Feature","geometry":{"type":"Polygon","coordinates":[[[-45.64065,-18.66568],[-45.66256,-18.68021],[-45.66857,-18.69831],[-45.69137,-18.70839],[-45.7009,-18.75916],[-45.63765,-18.79211],[-45.59642,-18.80716],[-45.5332,-18.85412],[-45.51686,-18.85529],[-45.48362,-18.84246],[-45.46287,-18.85471],[-45.46201,-18.87515],[-45.45104,-18.84712],[-45.40268,-18.81021],[-45.40087,-18.79349],[-45.37845,-18.75987],[-45.40734,-18.73505],[-45.45104,-18.73376],[-45.48443,-18.69565],[-45.51548,-18.68494],[-45.52964,-18.68885],[-45.56562,-18.66835],[-45.60068,-18.66967],[-45.61973,-18.6561],[-45.64065,-18.66568]]]},"properties":{"GEOCODIGO":"3107000","NOME":"Biquinhas","UF":"MG"}},
{"type":"Feature","geometry":{"type":"Polygon","coordinates":[[[-45.54476,-21.49843],[-45.53208,-21.53198],[-45.54819,-21.54544],[-45.54464,-21.57072],[-45.52693,-21.57528],[-45.51905,-21.6024],[-45.45705,-21.62093],[-45.44738,-21.63902],[-45.46117,-21.65791],[-45.4281,-21.68175],[-45.41728,-21.66755],[-45.39018,-21.62967],[-45.34614,-21.63079],[-45.34464,-21.60685],[-45.33028,-21.58347],[-45.30642,-21.59862],[-45.28473,-21.60054],[-45.25175,-21.56703],[-45.25467,-21.55407],[-45.29877,-21.51511],[-45.32328,-21.50738],[-45.36486,-21.48139],[-45.43284,-21.46337],[-45.47945,-21.46818],[-45.4883,-21.47814],[-45.48453,-21.512],[-45.51277,-21.51236],[-45.54476,-21.49843]]]},"properties":{"GEOCODIGO":"3170701","NOME":"Varginha","UF":"MG"}},
{"type":"Feature","geometry":{"type":"Polygon","coordinates":[[[-45.35809,-22.09203],[-45.37561,-22.10754],[-45.40488,-22.10895],[-45.41694,-22.12067],[-45.44536,-22.11945],[-45.46897,-22.13349],[-45.50156,-22.1394],[-45.48706,-22.1581],[-45.50919,-22.17698],[-45.50803,-22.19178],[-45.46939,-22.19506],[-45.39299,-22.1679],[-45.37008,-22.15976],[-45.37513,-22.14172],[-45.33441,-22.11868],[-45.33817,-22.09835],[-45.35809,-22.09203]]]},"properties":{"GEOCODIGO":"3117207","NOME":"Conceição das Pedras","UF":"MG"}},
{"type":"Feature","geometry":{"type":"Polygon","coordinates":[[[-45.62412,-20.07413],[-45.62615,-20.08897],[-45.60248,-20.11137],[-45.60953,-20.1473],[-45.589,-20.16598],[-45.5659,-20.15883],[-45.52948,-20.17402],[-45.51161,-20.19424],[-45.49287,-20.19004],[-45.4565,-20.2059],[-45.43926,-20.17397],[-45.45597,-20.14651],[-45.45948,-20.12527],[-45.47215,-20.09981],[-45.5044,-20.09284],[-45.52498,-20.07499],[-45.54786,-20.07259],[-45.57783,-20.09363],[-45.60331,-20.07225],[-45.62412,-20.07413]]]},"properties":{"GEOCODIGO":"3135308","NOME":"Japaraíba","UF":"MG"}},
{"type":"Feature","geometry":{"type":"Polygon","coordinates":[[[-45.48063,-22.59032],[-45.42096,-22.62056],[-45.39559,-22.61091],[-45.3768,-22.58295],[-45.37138,-22.55502],[-45.35588,-22.5512],[-45.33666,-22.51827],[-45.35125,-22.49676],[-45.37005,-22.48763],[-45.35928,-22.46749],[-45.37119,-22.47028],[-45.39692,-22.50884],[-45.39943,-22.5317],[-45.41963,-22.52711],[-45.4618,-22.57735],[-45.48063,-22.59032]]]},"properties":{"GEOCODIGO":"3172202","NOME":"Wenceslau Braz","UF":"MG"}},
{"type":"Feature","geometry":{"type":"Polygon","coordinates":[[[-45.50481,-19.84887],[-45.51976,-19.84657],[-45.54075,-19.88591],[-45.58006,-19.9164],[-45.5626,-19.92466],[-45.57295,-19.9494],[-45.58667,-19.95727],[-45.57865,-19.9793],[-45.60617,-19.98697],[-45.61379,-20.03328],[-45.60331,-20.07225],[-45.57783,-20.09363],[-45.54786,-20.07259],[-45.52498,-20.07499],[-45.5044,-20.09284],[-45.47215,-20.09981],[-45.45948,-20.12527],[-45.40604,-20.15178],[-45.40184,-20.13707],[-45.37379,-20.12165],[-45.38656,-20.08331],[-45.4027,-20.06605],[-45.38159,-20.0246],[-45.41228,-20.00027],[-45.41649,-19.98208],[-45.43583,-19.96822],[-45.43581,-19.94793],[-45.45729,-19.93448],[-45.47415,-19.9092],[-45.50243,-19.89257],[-45.50389,-19.85467],[-45.50481,-19.84887]]]},"properties":{"GEOCODIGO":"3137205","NOME":"Lagoa da Prata","UF":"MG"}},
{"type":"Feature","geometry":{"type":"Polygon","coordinates":[[[-45.6509,-19.20084],[-45.65748,-19.21695],[-45.60834,-19.22775],[-45.57859,-19.22298],[-45.5247,-19.20143],[-45.5024,-19.21934],[-45.51754,-19.25257],[-45.50576,-19.2602],[-45.45184,-19.25654],[-45.40429,-19.26783],[-45.39192,-19.29548],[-45.37331,-19.29394],[-45.35826,-19.31382],[-45.33534,-19.31731],[-45.31845,-19.31592],[-45.2954,-19.28224],[-45.25431,-19.27721],[-45.23511,-19.26818],[-45.22879,-19.24197],[-45.21323,-19.22125],[-45.1929,-19.23519],[-45.13926,-19.20971],[-45.12287,-19.19546],[-45.11881,-19.17141],[-45.0959,-19.1512],[-45.1059,-19.11004],[-45.08112,-19.08747],[-45.09484,-19.06067],[-45.11659,-19.06155],[-45.10923,-19.00242],[-45.11768,-18.9759],[-45.11068,-18.96016],[-45.12681,-18.9348],[-45.11442,-18.90971],[-45.11976,-18.89774],[-45.14956,-18.88538],[-45.17314,-18.88957],[-45.18713,-18.88042],[-45.20315,-18.90086],[-45.20775,-18.93083],[-45.25248,-18.91558],[-45.27398,-18.94301],[-45.30254,-18.9513],[-45.33962,-18.98291],[-45.36407,-18.98015],[-45.37429,-18.99757],[-45.42862,-19.01822],[-45.44246,-19.00767],[-45.46212,-19.01431],[-45.4792,-18.9957],[-45.49828,-19.00116],[-45.54015,-18.99467],[-45.56354,-18.96584],[-45.59687,-18.95984],[-45.62001,-18.94447],[-45.64734,-18.95989],[-45.65965,-18.99241],[-45.65593,-19.01624],[-45.63526,-19.04112],[-45.66115,-19.09748],[-45.6469,-19.12122],[-45.62439,-19.13255],[-45.58254,-19.13531],[-45.5875,-19.15411],[-45.62642,-19.15483],[-45.63017,-19.18231],[-45.6509,-19.20084]]]},"properties":{"GEOCODIGO":"3100203","NOME":"Abaeté","UF":"MG"}},
{"type":"Feature","geometry":{"type":"Polygon","coordinates":[[[-45.58822,-20.46609],[-45.5617,-20.4773],[-45.53847,-20.49673],[-45.53639,-20.5179],[-45.48853,-20.50861],[-45.48367,-20.49434],[-45.49394,-20.451],[-45.48864,-20.43602],[-45.51073,-20.39378],[-45.5252,-20.39935],[-45.55181,-20.37972],[-45.57661,-20.38191],[-45.56959,-20.39795],[-45.58822,-20.46609]]]},"properties":{"GEOCODIGO":"3119955","NOME":"Córrego Fundo","UF":"MG"}},
{"type":"Feature","geometry":{"type":"Polygon","coordinates":[[[-45.49295,-21.81334],[-45.50514,-21.83662],[-45.48953,-21.86471],[-45.48777,-21.90427],[-45.46916,-21.94142],[-45.44147,-21.95919],[-45.43646,-21.97787],[-45.41313,-21.96269],[-45.35452,-21.94432],[-45.3408,-21.93145],[-45.34725,-21.87008],[-45.3635,-21.84565],[-45.35694,-21.8168],[-45.328,-21.79656],[-45.34642,-21.76209],[-45.33933,-21.7153],[-45.35532,-21.71064],[-45.36467,-21.66756],[-45.40346,-21.68291],[-45.37931,-21.70969],[-45.41313,-21.75463],[-45.49295,-21.81334]]]},"properties":{"GEOCODIGO":"3110905","NOME":"Campanha","UF":"MG"}},
{"type":"Feature","geometry":{"type":"Polygon","coordinates":[[[-45.47708,-21.98987],[-45.48994,-22.00708],[-45.46741,-22.02443],[-45.45175,-22.06288],[-45.45794,-22.08172],[-45.3988,-22.0718],[-45.36403,-22.07437],[-45.36499,-22.06656],[-45.32483,-22.03434],[-45.31769,-21.98791],[-45.30223,-21.96867],[-45.27039,-21.94846],[-45.26259,-21.93461],[-45.27002,-21.90916],[-45.35452,-21.94432],[-45.41313,-21.96269],[-45.43646,-21.97787],[-45.47708,-21.98987]]]},"properties":{"GEOCODIGO":"3137809","NOME":"Lambari","UF":"MG"}},
{"type":"Feature","geometry":{"type":"Polygon","coordinates":[[[-45.3945,-21.07789],[-45.41936,-21.07923],[-45.43309,-21.09056],[-45.43297,-21.14047],[-45.45225,-21.14251],[-45.46861,-21.12919],[-45.51531,-21.12183],[-45.52956,-21.13584],[-45.52232,-21.16717],[-45.53095,-21.17557],[-45.51697,-21.21865],[-45.4862,-21.22329],[-45.46453,-21.20606],[-45.45587,-21.23792],[-45.4347,-21.25069],[-45.39299,-21.29192],[-45.36375,-21.2562],[-45.38625,-21.24402],[-45.36309,-21.21729],[-45.34797,-21.18762],[-45.31708,-21.18608],[-45.30887,-21.1649],[-45.33028,-21.14826],[-45.3383,-21.13058],[-45.34217,-21.06705],[-45.36156,-21.06534],[-45.3945,-21.07789]]]},"properties":{"GEOCODIGO":"3118700","NOME":"Coqueiral","UF":"MG"}},
{"type":"Feature","geometry":{"type":"Polygon","coordinates":[[[-45.5374,-20.93847],[-45.5234,-20.97394],[-45.49768,-20.99377],[-45.47375,-21.02144],[-45.41444,-21.03118],[-45.3945,-21.07789],[-45.36156,-21.06534],[-45.34217,-21.06705],[-45.34957,-21.04124],[-45.34887,-20.9847],[-45.36373,-20.9127],[-45.37836,-20.89833],[-45.41912,-20.88647],[-45.43136,-20.8909],[-45.44592,-20.89569],[-45.4654,-20.92631],[-45.50428,-20.93928],[-45.5374,-20.93847]]]},"properties":{"GEOCODIGO":"3100807","NOME":"Aguanil","UF":"MG"}},
{"type":"Feature","geometry":{"type":"Polygon","coordinates":[[[-45.44696,-22.35469],[-45.42114,-22.37877],[-45.39282,-22.37456],[-45.34003,-22.33871],[-45.288,-22.35551],[-45.26411,-22.35678],[-45.26206,-22.37799],[-45.22329,-22.36977],[-45.20458,-22.34911],[-45.21413,-22.32968],[-45.19794,-22.30735],[-45.15877,-22.31731],[-45.17377,-22.28786],[-45.21866,-22.26846],[-45.24335,-22.28197],[-45.25283,-22.30221],[-45.27999,-22.31096],[-45.29074,-22.30171],[-45.32395,-22.3012],[-45.33135,-22.27309],[-45.3747,-22.26956],[-45.40303,-22.28717],[-45.41572,-22.31516],[-45.44954,-22.32569],[-45.44696,-22.35469]]]},"properties":{"GEOCODIGO":"3139904","NOME":"Maria da Fé","UF":"MG"}},
{"type":"Feature","geometry":{"type":"Polygon","coordinates":[[[-45.42096,-22.62056],[-45.39744,-22.65293],[-45.36052,-22.63827],[-45.33252,-22.61715],[-45.27543,-22.61647],[-45.26094,-22.60567],[-45.2541,-22.58113],[-45.17675,-22.54622],[-45.16633,-22.5302],[-45.19349,-22.4983],[-45.19797,-22.481],[-45.22127,-22.4837],[-45.24661,-22.47326],[-45.2405,-22.44366],[-45.17026,-22.40046],[-45.18977,-22.38536],[-45.20463,-22.39001],[-45.22329,-22.36977],[-45.26206,-22.37799],[-45.30443,-22.40152],[-45.33649,-22.40758],[-45.38244,-22.4559],[-45.35928,-22.46749],[-45.37005,-22.48763],[-45.35125,-22.49676],[-45.33666,-22.51827],[-45.35588,-22.5512],[-45.37138,-22.55502],[-45.3768,-22.58295],[-45.39559,-22.61091],[-45.42096,-22.62056]]]},"properties":{"GEOCODIGO":"3121100","NOME":"Delfim Moreira","UF":"MG"}},
{"type":"Feature","geometry":{"type":"Polygon","coordinates":[[[-45.64065,-18.66568],[-45.61973,-18.6561],[-45.60068,-18.66967],[-45.56562,-18.66835],[-45.52964,-18.68885],[-45.51548,-18.68494],[-45.48443,-18.69565],[-45.45104,-18.73376],[-45.40734,-18.73505],[-45.37845,-18.75987],[-45.40087,-18.79349],[-45.40268,-18.81021],[-45.45104,-18.84712],[-45.46201,-18.87515],[-45.43779,-18.89249],[-45.42431,-18.87081],[-45.35939,-18.88796],[-45.32539,-18.91529],[-45.2782,-18.88412],[-45.25023,-18.87833],[-45.18713,-18.88042],[-45.16251,-18.86017],[-45.18429,-18.81554],[-45.20662,-18.78137],[-45.1904,-18.73475],[-45.20831,-18.69234],[-45.24248,-18.65069],[-45.24593,-18.62431],[-45.23159,-18.59582],[-45.23856,-18.56362],[-45.21745,-18.54116],[-45.22526,-18.52067],[-45.25607,-18.52452],[-45.29768,-18.48736],[-45.34412,-18.47792],[-45.35956,-18.46232],[-45.35623,-18.44303],[-45.30115,-18.41182],[-45.30195,-18.37893],[-45.28929,-18.34125],[-45.30993,-18.31636],[-45.30509,-18.28854],[-45.26863,-18.25415],[-45.25955,-18.22275],[-45.28923,-18.21118],[-45.30483,-18.21486],[-45.33587,-18.24149],[-45.3444,-18.261],[-45.36132,-18.26669],[-45.37037,-18.28568],[-45.3942,-18.2944],[-45.40624,-18.31699],[-45.44994,-18.32378],[-45.50881,-18.31636],[-45.51562,-18.32674],[-45.57321,-18.35787],[-45.57285,-18.37226],[-45.60007,-18.38628],[-45.61212,-18.41218],[-45.63051,-18.42426],[-45.62739,-18.43976],[-45.64251,-18.46138],[-45.64426,-18.48184],[-45.63584,-18.50928],[-45.6221,-18.52258],[-45.61698,-18.57264],[-45.63428,-18.59939],[-45.63315,-18.62532],[-45.64065,-18.66568]]]},"properties":{"GEOCODIGO":"3143500","NOME":"Morada Nova de Minas","UF":"MG"}},
{"type":"Feature","geometry":{"type":"Polygon","coordinates":[[[-45.78552,-15.3759],[-45.7521,-15.40384],[-45.74219,-15.43523],[-45.66117,-15.41763],[-45.6302,-15.43319],[-45.60411,-15.439],[-45.59579,-15.45605],[-45.58858,-15.49977],[-45.57684,-15.5127],[-45.59596,-15.53594],[-45.57535,-15.5751],[-45.58198,-15.60621],[-45.57979,-15.64495],[-45.56562,-15.67068],[-45.57262,-15.69463],[-45.5893,-15.71797],[-45.54823,-15.73398],[-45.52794,-15.75498],[-45.50619,-15.76617],[-45.49976,-15.78713],[-45.46641,-15.78075],[-45.44543,-15.82335],[-45.4182,-15.84048],[-45.39673,-15.86317],[-45.38765,-15.88836],[-45.3662,-15.88954],[-45.33989,-15.89704],[-45.3332,-15.88335],[-45.30898,-15.90051],[-45.26616,-15.87259],[-45.24541,-15.85026],[-45.22565,-15.84332],[-45.23342,-15.83322],[-45.25598,-15.75506],[-45.24253,-15.7243],[-45.21954,-15.71343],[-45.17502,-15.66199],[-45.12181,-15.62679],[-45.10722,-15.59618],[-45.09414,-15.5876],[-45.13238,-15.57375],[-45.15001,-15.55912],[-45.18299,-15.55115],[-45.23632,-15.49815],[-45.24508,-15.42574],[-45.26004,-15.38691],[-45.2573,-15.37326],[-45.27624,-15.3551],[-45.30704,-15.35262],[-45.32165,-15.33661],[-45.34871,-15.34171],[-45.37604,-15.33787],[-45.41199,-15.31957],[-45.4348,-15.31599],[-45.43985,-15.29549],[-45.46088,-15.27373],[-45.46813,-15.24395],[-45.45786,-15.23436],[-45.46568,-15.21232],[-45.44922,-15.20153],[-45.42768,-15.13715],[-45.46836,-15.11718],[-45.4898,-15.09918],[-45.51377,-15.0467],[-45.57257,-15.02767],[-45.58746,-15.03524],[-45.61263,-15.02862],[-45.61683,-15.01394],[-45.65005,-15.02319],[-45.6554,-15.04808],[-45.67435,-15.079],[-45.7103,-15.09301],[-45.72167,-15.11191],[-45.73926,-15.12],[-45.73942,-15.13498],[-45.76666,-15.1744],[-45.75492,-15.20941],[-45.72699,-15.23847],[-45.69922,-15.2424],[-45.67788,-15.22925],[-45.66561,-15.23581],[-45.63732,-15.22906],[-45.61016,-15.2119],[-45.60616,-15.23256],[-45.62968,-15.25433],[-45.67545,-15.31014],[-45.72252,-15.32845],[-45.7429,-15.35296],[-45.78552,-15.3759]]]},"properties":{"GEOCODIGO":"3116159","NOME":"Chapada Gaúcha","UF":"MG"}},
{"type":"Feature","geometry":{"type":"Polygon","coordinates":[[[-45.51298,-20.69638],[-45.50186,-20.71516],[-45.45523,-20.7618],[-45.42275,-20.80332],[-45.39084,-20.83185],[-45.38958,-20.84771],[-45.34976,-20.83102],[-45.34356,-20.81582],[-45.31475,-20.82128],[-45.29811,-20.84192],[-45.26609,-20.84392],[-45.25283,-20.82948],[-45.23394,-20.84284],[-45.19989,-20.83235],[-45.16731,-20.82938],[-45.13538,-20.84086],[-45.11766,-20.82057],[-45.07247,-20.83959],[-45.05667,-20.81705],[-45.06775,-20.80191],[-45.06892,-20.76169],[-45.08533,-20.74426],[-45.10581,-20.71585],[-45.1262,-20.71966],[-45.14539,-20.69037],[-45.15075,-20.66781],[-45.18462,-20.67002],[-45.19886,-20.66184],[-45.24134,-20.66085],[-45.26017,-20.65117],[-45.29464,-20.67024],[-45.31639,-20.65596],[-45.35706,-20.67443],[-45.41095,-20.65882],[-45.45622,-20.67104],[-45.48589,-20.67202],[-45.49261,-20.69241],[-45.51298,-20.69638]]]},"properties":{"GEOCODIGO":"3112000","NOME":"Candeias","UF":"MG"}},
{"type":"Feature","geometry":{"type":"Polygon","coordinates":[[[-45.39299,-22.1679],[-45.37814,-22.1954],[-45.38508,-22.21662],[-45.36394,-22.22495],[-45.3747,-22.26956],[-45.33135,-22.27309],[-45.32395,-22.3012],[-45.29074,-22.30171],[-45.27999,-22.31096],[-45.25283,-22.30221],[-45.24335,-22.28197],[-45.22745,-22.2566],[-45.19024,-22.22764],[-45.16442,-22.2008],[-45.20766,-22.17066],[-45.22336,-22.16964],[-45.23447,-22.14825],[-45.22852,-22.11708],[-45.25094,-22.11395],[-45.29288,-22.13199],[-45.33441,-22.11868],[-45.37513,-22.14172],[-45.37008,-22.15976],[-45.39299,-22.1679]]]},"properties":{"GEOCODIGO":"3120508","NOME":"Cristina","UF":"MG"}},
{"type":"Feature","geometry":{"type":"Polygon","coordinates":[[[-45.41728,-21.66755],[-45.40346,-21.68291],[-45.36467,-21.66756],[-45.35532,-21.71064],[-45.33933,-21.7153],[-45.34642,-21.76209],[-45.328,-21.79656],[-45.31083,-21.79509],[-45.29884,-21.81704],[-45.26847,-21.82332],[-45.24117,-21.79845],[-45.22505,-21.77338],[-45.20366,-21.77655],[-45.14223,-21.86753],[-45.11114,-21.84494],[-45.12389,-21.78252],[-45.09822,-21.78549],[-45.08286,-21.77132],[-45.04377,-21.77809],[-45.03068,-21.76042],[-45.06755,-21.73898],[-45.038,-21.63141],[-45.07219,-21.62338],[-45.10716,-21.57776],[-45.11287,-21.54238],[-45.15006,-21.54216],[-45.19309,-21.52875],[-45.22138,-21.54374],[-45.23055,-21.5632],[-45.25467,-21.55407],[-45.25175,-21.56703],[-45.28473,-21.60054],[-45.30642,-21.59862],[-45.33028,-21.58347],[-45.34464,-21.60685],[-45.34614,-21.63079],[-45.39018,-21.62967],[-45.41728,-21.66755]]]},"properties":{"GEOCODIGO":"3169307","NOME":"Três CoraçõEs","UF":"MG"}},
{"type":"Feature","geometry":{"type":"Polygon","coordinates":[[[-45.5106,-19.69891],[-45.48259,-19.72959],[-45.47741,-19.75678],[-45.46081,-19.77603],[-45.38287,-19.7711],[-45.362,-19.81001],[-45.37139,-19.82925],[-45.36498,-19.85034],[-45.3317,-19.86529],[-45.31092,-19.89618],[-45.28979,-19.91399],[-45.26701,-19.90659],[-45.2622,-19.87572],[-45.25075,-19.87088],[-45.22578,-19.82434],[-45.18637,-19.82088],[-45.16903,-19.79564],[-45.12873,-19.78075],[-45.12348,-19.76353],[-45.10173,-19.74456],[-45.09072,-19.71431],[-45.09503,-19.66347],[-45.1112,-19.65253],[-45.11117,-19.61881],[-45.10148,-19.60822],[-45.10043,-19.58082],[-45.1133,-19.57085],[-45.11354,-19.5381],[-45.13087,-19.5297],[-45.14748,-19.53923],[-45.19575,-19.54897],[-45.246,-19.53959],[-45.26778,-19.52756],[-45.30593,-19.53067],[-45.32623,-19.53938],[-45.34528,-19.52445],[-45.38248,-19.51934],[-45.39157,-19.50219],[-45.42551,-19.50577],[-45.41334,-19.56054],[-45.44,-19.61557],[-45.48234,-19.64393],[-45.49235,-19.70092],[-45.5106,-19.69891]]]},"properties":{"GEOCODIGO":"3107406","NOME":"Bom Despacho","UF":"MG"}},
{"type":"Feature","geometry":{"type":"Polygon","coordinates":[[[-45.50389,-19.85467],[-45.50243,-19.89257],[-45.47415,-19.9092],[-45.45729,-19.93448],[-45.43581,-19.94793],[-45.43583,-19.96822],[-45.41649,-19.98208],[-45.41228,-20.00027],[-45.38159,-20.0246],[-45.4027,-20.06605],[-45.38656,-20.08331],[-45.37379,-20.12165],[-45.40184,-20.13707],[-45.40604,-20.15178],[-45.45948,-20.12527],[-45.45597,-20.14651],[-45.43926,-20.17397],[-45.4565,-20.2059],[-45.41053,-20.28762],[-45.3859,-20.31908],[-45.34953,-20.32209],[-45.33703,-20.33412],[-45.32956,-20.31344],[-45.35172,-20.26984],[-45.32854,-20.24278],[-45.25128,-20.20384],[-45.23228,-20.2081],[-45.20817,-20.23739],[-45.18872,-20.23606],[-45.16953,-20.19371],[-45.15448,-20.181],[-45.14656,-20.16011],[-45.12595,-20.156],[-45.10959,-20.13756],[-45.08089,-20.14345],[-45.10987,-20.10873],[-45.12093,-20.08469],[-45.11412,-20.06616],[-45.08331,-20.06701],[-45.04815,-20.02057],[-45.04705,-20.01129],[-45.06839,-19.998],[-45.09204,-20.01236],[-45.10793,-20.01069],[-45.14431,-19.97858],[-45.20331,-19.98271],[-45.22036,-19.97269],[-45.23103,-19.94818],[-45.25121,-19.93628],[-45.26701,-19.90659],[-45.28979,-19.91399],[-45.30673,-19.93473],[-45.34103,-19.93183],[-45.37725,-19.90766],[-45.38442,-19.88417],[-45.41429,-19.87112],[-45.43031,-19.88053],[-45.44503,-19.8686],[-45.48,-19.86823],[-45.50389,-19.85467]]]},"properties":{"GEOCODIGO":"3160405","NOME":"Santo Antônio do Monte","UF":"MG"}},
{"type":"Feature","geometry":{"type":"Polygon","coordinates":[[[-45.47741,-19.75678],[-45.49497,-19.77248],[-45.49959,-19.79862],[-45.48603,-19.82653],[-45.50481,-19.84887],[-45.50389,-19.85467],[-45.48,-19.86823],[-45.44503,-19.8686],[-45.43031,-19.88053],[-45.41429,-19.87112],[-45.38442,-19.88417],[-45.37725,-19.90766],[-45.34103,-19.93183],[-45.30673,-19.93473],[-45.28979,-19.91399],[-45.31092,-19.89618],[-45.3317,-19.86529],[-45.36498,-19.85034],[-45.37139,-19.82925],[-45.362,-19.81001],[-45.38287,-19.7711],[-45.46081,-19.77603],[-45.47741,-19.75678]]]},"properties":{"GEOCODIGO":"3142403","NOME":"Moema","UF":"MG"}},
{"type":"Feature","geometry":{"type":"Polygon","coordinates":[[[-45.36403,-22.07437],[-45.35809,-22.09203],[-45.33817,-22.09835],[-45.33089,-22.08532],[-45.29753,-22.07493],[-45.25958,-22.04234],[-45.23633,-22.04011],[-45.21003,-22.01747],[-45.20079,-21.9858],[-45.21689,-21.96176],[-45.21131,-21.93151],[-45.21584,-21.90995],[-45.27039,-21.94846],[-45.30223,-21.96867],[-45.31769,-21.98791],[-45.32483,-22.03434],[-45.36499,-22.06656],[-45.36403,-22.07437]]]},"properties":{"GEOCODIGO":"3135902","NOME":"Jesuânia","UF":"MG"}},
{"type":"Feature","geometry":{"type":"Polygon","coordinates":[[[-45.43136,-20.8909],[-45.41912,-20.88647],[-45.37836,-20.89833],[-45.36373,-20.9127],[-45.34887,-20.9847],[-45.34957,-21.04124],[-45.34217,-21.06705],[-45.32806,-21.05585],[-45.28238,-21.04721],[-45.26121,-21.03709],[-45.26475,-21.02166],[-45.23467,-21.0117],[-45.2151,-20.99627],[-45.17166,-20.9883],[-45.14418,-20.92724],[-45.13457,-20.89789],[-45.11459,-20.89404],[-45.07999,-20.86716],[-45.07247,-20.83959],[-45.11766,-20.82057],[-45.13538,-20.84086],[-45.16731,-20.82938],[-45.19989,-20.83235],[-45.23394,-20.84284],[-45.25283,-20.82948],[-45.26609,-20.84392],[-45.29811,-20.84192],[-45.31475,-20.82128],[-45.34356,-20.81582],[-45.34976,-20.83102],[-45.38958,-20.84771],[-45.40203,-20.87664],[-45.43136,-20.8909]]]},"properties":{"GEOCODIGO":"3111200","NOME":"Campo Belo","UF":"MG"}},
{"type":"Feature","geometry":{"type":"Polygon","coordinates":[[[-45.39299,-21.29192],[-45.37767,-21.31072],[-45.35817,-21.32396],[-45.32786,-21.32863],[-45.30436,-21.34354],[-45.27283,-21.37678],[-45.25111,-21.36854],[-45.22269,-21.3743],[-45.20292,-21.35588],[-45.145,-21.34882],[-45.16531,-21.32203],[-45.14939,-21.29067],[-45.15755,-21.26214],[-45.17867,-21.24394],[-45.16522,-21.22155],[-45.16664,-21.20099],[-45.18063,-21.16281],[-45.16096,-21.14593],[-45.15637,-21.11384],[-45.18972,-21.08805],[-45.20642,-21.07758],[-45.21631,-21.09802],[-45.20789,-21.13804],[-45.23361,-21.14078],[-45.27603,-21.12863],[-45.28289,-21.11681],[-45.25533,-21.08505],[-45.27275,-21.0729],[-45.28238,-21.04721],[-45.32806,-21.05585],[-45.34217,-21.06705],[-45.3383,-21.13058],[-45.33028,-21.14826],[-45.30887,-21.1649],[-45.31708,-21.18608],[-45.34797,-21.18762],[-45.36309,-21.21729],[-45.38625,-21.24402],[-45.36375,-21.2562],[-45.39299,-21.29192]]]},"properties":{"GEOCODIGO":"3144607","NOME":"Nepomuceno","UF":"MG"}},
{"type":"Feature","geometry":{"type":"Polygon","coordinates":[[[-45.328,-21.79656],[-45.35694,-21.8168],[-45.3635,-21.84565],[-45.34725,-21.87008],[-45.3408,-21.93145],[-45.35452,-21.94432],[-45.27002,-21.90916],[-45.26259,-21.93461],[-45.27039,-21.94846],[-45.21584,-21.90995],[-45.17486,-21.88291],[-45.14223,-21.86753],[-45.20366,-21.77655],[-45.22505,-21.77338],[-45.24117,-21.79845],[-45.26847,-21.82332],[-45.29884,-21.81704],[-45.31083,-21.79509],[-45.328,-21.79656]]]},"properties":{"GEOCODIGO":"3110707","NOME":"Cambuquira","UF":"MG"}},
{"type":"Feature","geometry":{"type":"Polygon","coordinates":[[[-45.23633,-22.04011],[-45.25958,-22.04234],[-45.29753,-22.07493],[-45.33089,-22.08532],[-45.33817,-22.09835],[-45.33441,-22.11868],[-45.29288,-22.13199],[-45.25094,-22.11395],[-45.26694,-22.09588],[-45.24602,-22.07325],[-45.23633,-22.04011]]]},"properties":{"GEOCODIGO":"3145505","NOME":"Olímpio Noronha","UF":"MG"}},
{"type":"Feature","geometry":{"type":"Polygon","coordinates":[[[-45.27283,-21.37678],[-45.31194,-21.39682],[-45.33364,-21.41731],[-45.31712,-21.45023],[-45.36747,-21.46599],[-45.36486,-21.48139],[-45.32328,-21.50738],[-45.29877,-21.51511],[-45.25467,-21.55407],[-45.23055,-21.5632],[-45.22138,-21.54374],[-45.19309,-21.52875],[-45.15006,-21.54216],[-45.11287,-21.54238],[-45.1003,-21.5275],[-45.09533,-21.50081],[-45.06363,-21.50042],[-45.04245,-21.45314],[-45.04525,-21.42052],[-45.06108,-21.40895],[-45.08525,-21.3994],[-45.10662,-21.39316],[-45.12402,-21.34879],[-45.145,-21.34882],[-45.20292,-21.35588],[-45.22269,-21.3743],[-45.25111,-21.36854],[-45.27283,-21.37678]]]},"properties":{"GEOCODIGO":"3113909","NOME":"Carmo da Cachoeira","UF":"MG"}},
{"type":"Feature","geometry":{"type":"Polygon","coordinates":[[[-45.55984,-17.0458],[-45.54201,-17.05988],[-45.52146,-17.09142],[-45.50257,-17.10262],[-45.48763,-17.09432],[-45.47167,-17.10858],[-45.44588,-17.10531],[-45.43518,-17.11886],[-45.44454,-17.14572],[-45.48636,-17.18222],[-45.47241,-17.1997],[-45.49223,-17.22124],[-45.49617,-17.25139],[-45.51026,-17.25428],[-45.50644,-17.32259],[-45.52132,-17.33738],[-45.54028,-17.37611],[-45.56195,-17.38459],[-45.5459,-17.41806],[-45.51718,-17.42261],[-45.49632,-17.45426],[-45.44204,-17.48835],[-45.41902,-17.4843],[-45.38262,-17.52575],[-45.38534,-17.57097],[-45.42159,-17.59424],[-45.4376,-17.5878],[-45.45743,-17.60709],[-45.40421,-17.66711],[-45.41557,-17.68181],[-45.41408,-17.71434],[-45.4339,-17.73813],[-45.4181,-17.78537],[-45.45132,-17.79219],[-45.4496,-17.81279],[-45.46834,-17.83335],[-45.45815,-17.8484],[-45.46926,-17.89747],[-45.4456,-17.92063],[-45.41766,-17.9063],[-45.39015,-17.90213],[-45.34579,-17.91112],[-45.3416,-17.93721],[-45.28788,-17.96511],[-45.27796,-17.98342],[-45.25584,-17.98698],[-45.2222,-17.97902],[-45.19779,-17.99115],[-45.19228,-17.96841],[-45.15337,-17.9536],[-45.1191,-17.93147],[-45.12096,-17.89051],[-45.10951,-17.86351],[-45.12754,-17.83116],[-45.12344,-17.81648],[-45.09574,-17.80153],[-45.0854,-17.78538],[-45.02895,-17.78577],[-45.00571,-17.74472],[-45.00774,-17.72061],[-45.02048,-17.7001],[-45.0178,-17.67899],[-45.03782,-17.65956],[-45.03588,-17.62719],[-45.04678,-17.60693],[-44.99776,-17.57463],[-44.9814,-17.54898],[-44.98707,-17.52019],[-44.97518,-17.49417],[-44.95404,-17.46723],[-44.95393,-17.43716],[-44.94251,-17.41296],[-44.94028,-17.37628],[-44.95538,-17.35094],[-44.95207,-17.33096],[-44.93073,-17.30839],[-44.93088,-17.27363],[-44.89646,-17.26902],[-44.88165,-17.24643],[-44.84432,-17.23805],[-44.84551,-17.21414],[-44.82851,-17.20239],[-44.85593,-17.18008],[-44.82865,-17.12012],[-44.7916,-17.10882],[-44.80564,-17.0516],[-44.80604,-17.02161],[-44.83965,-16.99118],[-44.87324,-16.96968],[-44.87521,-16.92683],[-44.88713,-16.91316],[-44.91243,-16.91299],[-44.92084,-16.88312],[-44.9183,-16.8466],[-44.93071,-16.80983],[-45.00252,-16.769],[-45.01576,-16.75605],[-45.0009,-16.71265],[-45.01227,-16.69814],[-45.05723,-16.68793],[-45.07646,-16.67334],[-45.07283,-16.6327],[-45.07854,-16.6132],[-45.09721,-16.59883],[-45.1039,-16.56613],[-45.1384,-16.59154],[-45.14888,-16.62338],[-45.16959,-16.62308],[-45.19593,-16.68437],[-45.2189,-16.67535],[-45.24121,-16.69387],[-45.23471,-16.72251],[-45.25246,-16.73844],[-45.24179,-16.76257],[-45.28512,-16.76077],[-45.30765,-16.78927],[-45.29724,-16.81564],[-45.30959,-16.84791],[-45.30251,-16.87642],[-45.33248,-16.88568],[-45.33443,-16.91955],[-45.36121,-16.9054],[-45.39475,-16.9037],[-45.43326,-16.918],[-45.44068,-16.94926],[-45.46197,-16.96405],[-45.49843,-16.95432],[-45.5058,-16.96098],[-45.50459,-16.99247],[-45.51043,-17.0367],[-45.54854,-17.03238],[-45.55984,-17.0458]]]},"properties":{"GEOCODIGO":"3109402","NOME":"Buritizeiro","UF":"MG"}},
{"type":"Feature","geometry":{"type":"Polygon","coordinates":[[[-45.17026,-22.40046],[-45.2405,-22.44366],[-45.24661,-22.47326],[-45.22127,-22.4837],[-45.19797,-22.481],[-45.19349,-22.4983],[-45.16633,-22.5302],[-45.15957,-22.51643],[-45.12802,-22.49662],[-45.10297,-22.48982],[-45.09843,-22.45951],[-45.10924,-22.44939],[-45.13692,-22.4497],[-45.1363,-22.42954],[-45.16027,-22.43308],[-45.17026,-22.40046]]]},"properties":{"GEOCODIGO":"3140407","NOME":"Marmelópolis","UF":"MG"}},
{"type":"Feature","geometry":{"type":"Polygon","coordinates":[[[-45.23633,-22.04011],[-45.24602,-22.07325],[-45.26694,-22.09588],[-45.25094,-22.11395],[-45.22852,-22.11708],[-45.23447,-22.14825],[-45.22336,-22.16964],[-45.20766,-22.17066],[-45.16442,-22.2008],[-45.13655,-22.17589],[-45.11087,-22.18445],[-45.06517,-22.17519],[-45.0773,-22.15185],[-45.05999,-22.14513],[-45.06283,-22.133],[-45.08889,-22.11173],[-45.07547,-22.09684],[-45.08886,-22.08454],[-45.08342,-22.05071],[-45.10533,-22.02389],[-45.12047,-22.0212],[-45.13578,-21.98606],[-45.12642,-21.9815],[-45.17352,-21.9778],[-45.20079,-21.9858],[-45.21003,-22.01747],[-45.23633,-22.04011]]]},"properties":{"GEOCODIGO":"3114105","NOME":"Carmo de Minas","UF":"MG"}},
{"type":"Feature","geometry":{"type":"Polygon","coordinates":[[[-45.61683,-15.01394],[-45.61263,-15.02862],[-45.58746,-15.03524],[-45.57257,-15.02767],[-45.51377,-15.0467],[-45.4898,-15.09918],[-45.46836,-15.11718],[-45.42768,-15.13715],[-45.44922,-15.20153],[-45.46568,-15.21232],[-45.45786,-15.23436],[-45.46813,-15.24395],[-45.46088,-15.27373],[-45.43985,-15.29549],[-45.4348,-15.31599],[-45.41199,-15.31957],[-45.37604,-15.33787],[-45.34871,-15.34171],[-45.32165,-15.33661],[-45.30704,-15.35262],[-45.27624,-15.3551],[-45.2573,-15.37326],[-45.26004,-15.38691],[-45.24508,-15.42574],[-45.23632,-15.49815],[-45.18299,-15.55115],[-45.15001,-15.55912],[-45.13238,-15.57375],[-45.09414,-15.5876],[-45.06143,-15.56391],[-45.03549,-15.5543],[-45.0096,-15.56494],[-44.98268,-15.61006],[-44.9131,-15.67286],[-44.90557,-15.68595],[-44.87974,-15.69634],[-44.8743,-15.72055],[-44.85721,-15.73654],[-44.8216,-15.74981],[-44.7803,-15.79523],[-44.78012,-15.80895],[-44.72146,-15.77709],[-44.68212,-15.7746],[-44.66493,-15.7728],[-44.62804,-15.73123],[-44.60357,-15.72318],[-44.57668,-15.70135],[-44.53809,-15.69352],[-44.47263,-15.62861],[-44.4216,-15.60593],[-44.39621,-15.60065],[-44.37046,-15.56074],[-44.37229,-15.51428],[-44.34274,-15.48167],[-44.29049,-15.47377],[-44.2741,-15.45822],[-44.26382,-15.43082],[-44.22818,-15.39619],[-44.18276,-15.3943],[-44.15324,-15.31811],[-44.15334,-15.29764],[-44.13507,-15.26104],[-44.13257,-15.24],[-44.10891,-15.2181],[-44.12305,-15.19856],[-44.16916,-15.17507],[-44.21527,-15.17607],[-44.24193,-15.1363],[-44.23366,-15.09704],[-44.25043,-15.08569],[-44.27413,-15.08818],[-44.29497,-15.07706],[-44.32624,-15.04622],[-44.32583,-15.03608],[-44.3483,-14.99316],[-44.36285,-14.97959],[-44.40991,-14.97211],[-44.46693,-14.98108],[-44.48688,-14.96466],[-44.51949,-14.97524],[-44.52437,-14.99702],[-44.54397,-15.00904],[-44.54738,-15.03289],[-44.58075,-15.08549],[-44.56519,-15.10969],[-44.57608,-15.1176],[-44.57065,-15.1464],[-44.54233,-15.20157],[-44.51229,-15.23786],[-44.49265,-15.26915],[-44.47006,-15.27033],[-44.45173,-15.24315],[-44.45638,-15.22031],[-44.43588,-15.22058],[-44.37471,-15.30102],[-44.36204,-15.30164],[-44.37129,-15.39256],[-44.34351,-15.41244],[-44.33582,-15.43767],[-44.36456,-15.45849],[-44.44974,-15.37184],[-44.50162,-15.32227],[-44.50413,-15.29418],[-44.51532,-15.27691],[-44.56013,-15.27541],[-44.58151,-15.29612],[-44.59474,-15.32447],[-44.62746,-15.33964],[-44.64737,-15.3618],[-44.66783,-15.40192],[-44.6981,-15.44925],[-44.76379,-15.48499],[-44.78399,-15.45509],[-44.83062,-15.44071],[-44.85466,-15.4151],[-44.89357,-15.39057],[-44.91849,-15.38966],[-44.99382,-15.32982],[-44.99993,-15.28973],[-45.02315,-15.27318],[-45.00563,-15.2599],[-44.97586,-15.1987],[-45.03474,-15.10679],[-45.04044,-15.08392],[-45.09049,-15.06731],[-45.15519,-15.01229],[-45.18605,-14.98194],[-45.21596,-14.90854],[-45.23749,-14.87745],[-45.2808,-14.86382],[-45.3056,-14.83388],[-45.316,-14.85081],[-45.34457,-14.86353],[-45.38676,-14.9062],[-45.40988,-14.92299],[-45.43433,-14.92178],[-45.45492,-14.94863],[-45.48963,-14.96031],[-45.51357,-14.95352],[-45.53568,-14.93768],[-45.56714,-14.94539],[-45.56663,-14.95605],[-45.5939,-14.978],[-45.61683,-15.01394]]]},"properties":{"GEOCODIGO":"3135209","NOME":"Januária","UF":"MG"}},
{"type":"Feature","geometry":{"type":"Polygon","coordinates":[[[-45.33871,-19.34495],[-45.33129,-19.35758],[-45.35087,-19.40401],[-45.37192,-19.40427],[-45.37014,-19.42686],[-45.39267,-19.45355],[-45.40301,-19.49453],[-45.39157,-19.50219],[-45.38248,-19.51934],[-45.34528,-19.52445],[-45.32623,-19.53938],[-45.30593,-19.53067],[-45.26778,-19.52756],[-45.246,-19.53959],[-45.19575,-19.54897],[-45.14748,-19.53923],[-45.13087,-19.5297],[-45.11354,-19.5381],[-45.1133,-19.57085],[-45.10043,-19.58082],[-45.06179,-19.56265],[-45.02845,-19.53252],[-45.00454,-19.53075],[-44.99933,-19.51113],[-45.01326,-19.47741],[-44.99159,-19.45664],[-44.99381,-19.44205],[-45.02129,-19.41364],[-45.04045,-19.40728],[-45.06187,-19.37341],[-45.06314,-19.31261],[-45.04132,-19.30015],[-45.10441,-19.29084],[-45.13015,-19.27815],[-45.11815,-19.26529],[-45.13248,-19.24573],[-45.13926,-19.20971],[-45.1929,-19.23519],[-45.21323,-19.22125],[-45.22879,-19.24197],[-45.23511,-19.26818],[-45.25431,-19.27721],[-45.2954,-19.28224],[-45.31845,-19.31592],[-45.33534,-19.31731],[-45.33871,-19.34495]]]},"properties":{"GEOCODIGO":"3140506","NOME":"Martinho Campos","UF":"MG"}},
{"type":"Feature","geometry":{"type":"Polygon","coordinates":[[[-45.24335,-22.28197],[-45.21866,-22.26846],[-45.17377,-22.28786],[-45.14592,-22.26038],[-45.12752,-22.26035],[-45.09103,-22.23368],[-45.07397,-22.2366],[-45.06472,-22.22605],[-45.06517,-22.17519],[-45.11087,-22.18445],[-45.13655,-22.17589],[-45.16442,-22.2008],[-45.19024,-22.22764],[-45.22745,-22.2566],[-45.24335,-22.28197]]]},"properties":{"GEOCODIGO":"3122801","NOME":"Dom Viçoso","UF":"MG"}},
{"type":"Feature","geometry":{"type":"Polygon","coordinates":[[[-45.15448,-20.181],[-45.16953,-20.19371],[-45.18872,-20.23606],[-45.20817,-20.23739],[-45.23228,-20.2081],[-45.25128,-20.20384],[-45.32854,-20.24278],[-45.35172,-20.26984],[-45.32956,-20.31344],[-45.33703,-20.33412],[-45.31983,-20.35135],[-45.2872,-20.35886],[-45.25158,-20.39082],[-45.23087,-20.38052],[-45.2037,-20.34242],[-45.18134,-20.36068],[-45.14764,-20.33088],[-45.12897,-20.33237],[-45.11384,-20.31158],[-45.12684,-20.29497],[-45.11717,-20.25677],[-45.13422,-20.23634],[-45.13039,-20.21908],[-45.15448,-20.181]]]},"properties":{"GEOCODIGO":"3148905","NOME":"Pedra do Indaiá","UF":"MG"}},
{"type":"Feature","geometry":{"type":"Polygon","coordinates":[[[-45.22329,-22.36977],[-45.20463,-22.39001],[-45.18977,-22.38536],[-45.17026,-22.40046],[-45.16027,-22.43308],[-45.1363,-22.42954],[-45.13692,-22.4497],[-45.10924,-22.44939],[-45.09843,-22.45951],[-45.04895,-22.41588],[-45.06251,-22.38907],[-45.0488,-22.35993],[-45.01554,-22.33957],[-45.00986,-22.30616],[-45.01511,-22.27566],[-45.04371,-22.25166],[-45.05995,-22.25659],[-45.07397,-22.2366],[-45.09103,-22.23368],[-45.12752,-22.26035],[-45.14592,-22.26038],[-45.17377,-22.28786],[-45.15877,-22.31731],[-45.19794,-22.30735],[-45.21413,-22.32968],[-45.20458,-22.34911],[-45.22329,-22.36977]]]},"properties":{"GEOCODIGO":"3171709","NOME":"Virgínia","UF":"MG"}},
{"type":"Feature","geometry":{"type":"Polygon","coordinates":[[[-45.28238,-21.04721],[-45.27275,-21.0729],[-45.25533,-21.08505],[-45.28289,-21.11681],[-45.27603,-21.12863],[-45.23361,-21.14078],[-45.20789,-21.13804],[-45.21631,-21.09802],[-45.20642,-21.07758],[-45.18972,-21.08805],[-45.16179,-21.0809],[-45.15713,-21.04693],[-45.12709,-21.05396],[-45.10444,-21.02834],[-45.09569,-20.99536],[-45.09231,-20.95037],[-45.10724,-20.9288],[-45.14418,-20.92724],[-45.17166,-20.9883],[-45.2151,-20.99627],[-45.23467,-21.0117],[-45.26475,-21.02166],[-45.26121,-21.03709],[-45.28238,-21.04721]]]},"properties":{"GEOCODIGO":"3111903","NOME":"Cana Verde","UF":"MG"}},
{"type":"Feature","geometry":{"type":"Polygon","coordinates":[[[-45.31983,-20.35135],[-45.30448,-20.37686],[-45.31187,-20.4193],[-45.32192,-20.43688],[-45.32012,-20.46446],[-45.29964,-20.47426],[-45.29983,-20.52735],[-45.26231,-20.54741],[-45.26381,-20.56435],[-45.29244,-20.59081],[-45.25533,-20.63332],[-45.26017,-20.65117],[-45.23895,-20.63848],[-45.18245,-20.58575],[-45.14742,-20.5641],[-45.12678,-20.56025],[-45.11131,-20.57439],[-45.09572,-20.56496],[-45.07064,-20.60554],[-45.04726,-20.63371],[-45.02005,-20.62005],[-45.01194,-20.59909],[-45.01206,-20.57026],[-45.01081,-20.49835],[-44.982,-20.48578],[-44.9452,-20.49721],[-44.89287,-20.47202],[-44.88789,-20.43007],[-44.89892,-20.41341],[-44.8847,-20.38474],[-44.89834,-20.36592],[-44.89715,-20.34609],[-44.91719,-20.30953],[-44.90481,-20.25895],[-44.92823,-20.2751],[-44.93892,-20.29905],[-44.96539,-20.32404],[-45.0012,-20.3237],[-45.03244,-20.33459],[-45.04178,-20.35421],[-45.08878,-20.3633],[-45.09483,-20.38172],[-45.12456,-20.36897],[-45.12897,-20.33237],[-45.14764,-20.33088],[-45.18134,-20.36068],[-45.2037,-20.34242],[-45.23087,-20.38052],[-45.25158,-20.39082],[-45.2872,-20.35886],[-45.31983,-20.35135]]]},"properties":{"GEOCODIGO":"3133501","NOME":"Itapecerica","UF":"MG"}},
{"type":"Feature","geometry":{"type":"Polygon","coordinates":[[[-45.21584,-21.90995],[-45.21131,-21.93151],[-45.21689,-21.96176],[-45.20079,-21.9858],[-45.17352,-21.9778],[-45.12642,-21.9815],[-45.09994,-21.97139],[-45.07441,-21.99497],[-45.05016,-22.00436],[-45.05186,-21.97796],[-44.99664,-21.94898],[-45.00838,-21.932],[-44.9988,-21.90451],[-44.99478,-21.86234],[-44.97638,-21.85185],[-44.98469,-21.83044],[-45.02636,-21.82044],[-45.04377,-21.77809],[-45.08286,-21.77132],[-45.09822,-21.78549],[-45.12389,-21.78252],[-45.11114,-21.84494],[-45.14223,-21.86753],[-45.17486,-21.88291],[-45.21584,-21.90995]]]},"properties":{"GEOCODIGO":"3117702","NOME":"Conceição do Rio Verde","UF":"MG"}},
{"type":"Feature","geometry":{"type":"Polygon","coordinates":[[[-45.26017,-20.65117],[-45.24134,-20.66085],[-45.19886,-20.66184],[-45.18462,-20.67002],[-45.15075,-20.66781],[-45.14539,-20.69037],[-45.1262,-20.71966],[-45.10581,-20.71585],[-45.08533,-20.74426],[-45.06914,-20.72359],[-45.04726,-20.63371],[-45.07064,-20.60554],[-45.09572,-20.56496],[-45.11131,-20.57439],[-45.12678,-20.56025],[-45.14742,-20.5641],[-45.18245,-20.58575],[-45.23895,-20.63848],[-45.26017,-20.65117]]]},"properties":{"GEOCODIGO":"3110400","NOME":"Camacho","UF":"MG"}},
{"type":"Feature","geometry":{"type":"Polygon","coordinates":[[[-45.25955,-18.22275],[-45.26863,-18.25415],[-45.30509,-18.28854],[-45.30993,-18.31636],[-45.28929,-18.34125],[-45.30195,-18.37893],[-45.30115,-18.41182],[-45.35623,-18.44303],[-45.35956,-18.46232],[-45.34412,-18.47792],[-45.29768,-18.48736],[-45.25607,-18.52452],[-45.22526,-18.52067],[-45.21745,-18.54116],[-45.23856,-18.56362],[-45.23159,-18.59582],[-45.21599,-18.61852],[-45.21665,-18.64039],[-45.17501,-18.66696],[-45.14556,-18.65865],[-45.15396,-18.5926],[-45.11712,-18.56947],[-45.0979,-18.53702],[-45.07226,-18.51569],[-45.03715,-18.50293],[-44.99998,-18.52161],[-44.96193,-18.51466],[-44.95026,-18.50074],[-44.92618,-18.50297],[-44.90398,-18.52641],[-44.85151,-18.54841],[-44.84611,-18.5422],[-44.85695,-18.49612],[-44.84287,-18.48178],[-44.86603,-18.45776],[-44.85598,-18.41414],[-44.83932,-18.39891],[-44.84231,-18.36576],[-44.83054,-18.34082],[-44.82692,-18.30959],[-44.80984,-18.29878],[-44.83523,-18.23052],[-44.8151,-18.21346],[-44.78712,-18.17258],[-44.76597,-18.16342],[-44.75162,-18.17022],[-44.73079,-18.15],[-44.73485,-18.1394],[-44.7532,-18.15233],[-44.78834,-18.14959],[-44.80667,-18.1305],[-44.84801,-18.13],[-44.87482,-18.09646],[-44.88445,-18.10113],[-44.93745,-18.08042],[-44.96498,-18.08489],[-45.02024,-18.04847],[-45.02518,-18.01431],[-45.04257,-17.98818],[-45.10062,-17.96355],[-45.10179,-17.94593],[-45.1191,-17.93147],[-45.15337,-17.9536],[-45.19228,-17.96841],[-45.19779,-17.99115],[-45.18096,-18.00722],[-45.17993,-18.03077],[-45.2084,-18.05673],[-45.18165,-18.09108],[-45.19074,-18.12778],[-45.23234,-18.10796],[-45.25001,-18.12439],[-45.22815,-18.13609],[-45.22815,-18.15925],[-45.2504,-18.18533],[-45.25955,-18.22275]]]},"properties":{"GEOCODIGO":"3169356","NOME":"Três Marias","UF":"MG"}},
{"type":"Feature","geometry":{"type":"Polygon","coordinates":[[[-45.26701,-19.90659],[-45.25121,-19.93628],[-45.23103,-19.94818],[-45.22036,-19.97269],[-45.20331,-19.98271],[-45.14431,-19.97858],[-45.15128,-19.94442],[-45.13408,-19.90726],[-45.11653,-19.89375],[-45.10259,-19.84886],[-45.12422,-19.83048],[-45.11076,-19.80511],[-45.12873,-19.78075],[-45.16903,-19.79564],[-45.18637,-19.82088],[-45.22578,-19.82434],[-45.25075,-19.87088],[-45.2622,-19.87572],[-45.26701,-19.90659]]]},"properties":{"GEOCODIGO":"3103900","NOME":"Araújos","UF":"MG"}},
{"type":"Feature","geometry":{"type":"Polygon","coordinates":[[[-45.12642,-21.9815],[-45.13578,-21.98606],[-45.12047,-22.0212],[-45.10533,-22.02389],[-45.08342,-22.05071],[-45.08886,-22.08454],[-45.07547,-22.09684],[-45.04411,-22.07681],[-45.01019,-22.08238],[-45.00681,-22.11121],[-44.99068,-22.09076],[-44.94027,-22.07728],[-44.95316,-22.05792],[-44.95833,-22.00376],[-44.98058,-21.95362],[-44.99664,-21.94898],[-45.05186,-21.97796],[-45.05016,-22.00436],[-45.07441,-21.99497],[-45.09994,-21.97139],[-45.12642,-21.9815]]]},"properties":{"GEOCODIGO":"3167806","NOME":"Soledade de Minas","UF":"MG"}},
{"type":"Feature","geometry":{"type":"Polygon","coordinates":[[[-45.10297,-22.48982],[-45.05449,-22.47002],[-44.99138,-22.46568],[-44.96941,-22.47146],[-44.93963,-22.45218],[-44.89725,-22.44862],[-44.8893,-22.43163],[-44.85916,-22.42255],[-44.83008,-22.42795],[-44.80881,-22.4048],[-44.85363,-22.39236],[-44.87881,-22.37696],[-44.89404,-22.38083],[-44.91738,-22.36044],[-44.91502,-22.32668],[-44.95772,-22.31747],[-44.96667,-22.33609],[-45.01554,-22.33957],[-45.0488,-22.35993],[-45.06251,-22.38907],[-45.04895,-22.41588],[-45.09843,-22.45951],[-45.10297,-22.48982]]]},"properties":{"GEOCODIGO":"3147600","NOME":"Passa Quatro","UF":"MG"}},
{"type":"Feature","geometry":{"type":"Polygon","coordinates":[[[-45.18972,-21.08805],[-45.15637,-21.11384],[-45.16096,-21.14593],[-45.12901,-21.16899],[-45.11228,-21.15506],[-45.10093,-21.12839],[-45.07408,-21.10968],[-45.04076,-21.10277],[-45.04418,-21.14598],[-45.02797,-21.13278],[-44.99243,-21.13496],[-44.96816,-21.12674],[-44.94908,-21.10967],[-44.94194,-21.06596],[-44.97071,-21.04062],[-44.97699,-21.04409],[-45.03636,-21.03628],[-45.05245,-21.03963],[-45.06848,-21.019],[-45.057,-21.0054],[-45.06333,-20.95488],[-45.07573,-20.94024],[-45.09231,-20.95037],[-45.09569,-20.99536],[-45.10444,-21.02834],[-45.12709,-21.05396],[-45.15713,-21.04693],[-45.16179,-21.0809],[-45.18972,-21.08805]]]},"properties":{"GEOCODIGO":"3149903","NOME":"PerdõEs","UF":"MG"}},
{"type":"Feature","geometry":{"type":"Polygon","coordinates":[[[-45.16096,-21.14593],[-45.18063,-21.16281],[-45.16664,-21.20099],[-45.16522,-21.22155],[-45.17867,-21.24394],[-45.15755,-21.26214],[-45.14939,-21.29067],[-45.16531,-21.32203],[-45.145,-21.34882],[-45.12402,-21.34879],[-45.10662,-21.39316],[-45.08525,-21.3994],[-45.06633,-21.39358],[-45.02733,-21.34417],[-45.00809,-21.33424],[-44.95139,-21.34441],[-44.9044,-21.3432],[-44.90125,-21.32201],[-44.88264,-21.31244],[-44.87541,-21.28923],[-44.88747,-21.25091],[-44.87316,-21.24659],[-44.86956,-21.21215],[-44.8793,-21.22139],[-44.90642,-21.21259],[-44.92136,-21.23206],[-44.96239,-21.24058],[-44.9617,-21.21338],[-44.97661,-21.20566],[-44.97767,-21.17667],[-44.99243,-21.13496],[-45.02797,-21.13278],[-45.04418,-21.14598],[-45.05208,-21.18488],[-45.06639,-21.19647],[-45.08528,-21.17694],[-45.12901,-21.16899],[-45.16096,-21.14593]]]},"properties":{"GEOCODIGO":"3138203","NOME":"Lavras","UF":"MG"}},
{"type":"Feature","geometry":{"type":"Polygon","coordinates":[[[-45.3662,-15.88954],[-45.41634,-15.9273],[-45.43896,-15.98138],[-45.38479,-16.04849],[-45.3682,-16.09099],[-45.39446,-16.12502],[-45.3796,-16.14718],[-45.36544,-16.191],[-45.3619,-16.22313],[-45.32181,-16.26511],[-45.30304,-16.26837],[-45.27787,-16.27356],[-45.23653,-16.26774],[-45.22175,-16.24001],[-45.20034,-16.23439],[-45.16993,-16.20382],[-45.18475,-16.17323],[-45.17418,-16.16068],[-45.14479,-16.16628],[-45.12022,-16.16275],[-45.10116,-16.11426],[-45.08041,-16.1228],[-45.06824,-16.06995],[-45.04393,-16.01687],[-45.04369,-15.99196],[-45.08143,-15.98822],[-45.10932,-15.95941],[-45.14996,-15.8967],[-45.1814,-15.85939],[-45.22565,-15.84332],[-45.24541,-15.85026],[-45.26616,-15.87259],[-45.30898,-15.90051],[-45.3332,-15.88335],[-45.33989,-15.89704],[-45.3662,-15.88954]]]},"properties":{"GEOCODIGO":"3150570","NOME":"Pintópolis","UF":"MG"}},
{"type":"Feature","geometry":{"type":"Polygon","coordinates":[[[-45.07547,-22.09684],[-45.08889,-22.11173],[-45.06283,-22.133],[-45.05999,-22.14513],[-45.04288,-22.14836],[-44.99831,-22.14936],[-44.98111,-22.13601],[-44.98645,-22.12022],[-45.00681,-22.11121],[-45.01019,-22.08238],[-45.04411,-22.07681],[-45.07547,-22.09684]]]},"properties":{"GEOCODIGO":"3163706","NOME":"São Lourenço","UF":"MG"}},
{"type":"Feature","geometry":{"type":"Polygon","coordinates":[[[-45.05999,-22.14513],[-45.0773,-22.15185],[-45.06517,-22.17519],[-45.06472,-22.22605],[-45.07397,-22.2366],[-45.05995,-22.25659],[-45.04371,-22.25166],[-45.01511,-22.27566],[-44.9925,-22.26911],[-44.97892,-22.27742],[-44.97011,-22.24723],[-44.96928,-22.21344],[-45.03461,-22.18319],[-45.04288,-22.14836],[-45.05999,-22.14513]]]},"properties":{"GEOCODIGO":"3164902","NOME":"São Sebastião do Rio Verde","UF":"MG"}},
{"type":"Feature","geometry":{"type":"Polygon","coordinates":[[[-45.11287,-21.54238],[-45.10716,-21.57776],[-45.07219,-21.62338],[-45.038,-21.63141],[-45.03657,-21.63167],[-45.02842,-21.59711],[-45.05458,-21.55407],[-45.06412,-21.52369],[-45.06363,-21.50042],[-45.09533,-21.50081],[-45.1003,-21.5275],[-45.11287,-21.54238]]]},"properties":{"GEOCODIGO":"3160801","NOME":"São Bento Abade","UF":"MG"}},
{"type":"Feature","geometry":{"type":"Polygon","coordinates":[[[-45.04418,-21.14598],[-45.04076,-21.10277],[-45.07408,-21.10968],[-45.10093,-21.12839],[-45.11228,-21.15506],[-45.12901,-21.16899],[-45.08528,-21.17694],[-45.06639,-21.19647],[-45.05208,-21.18488],[-45.04418,-21.14598]]]},"properties":{"GEOCODIGO":"3154705","NOME":"Ribeirão Vermelho","UF":"MG"}},
{"type":"Feature","geometry":{"type":"Polygon","coordinates":[[[-45.07247,-20.83959],[-45.07999,-20.86716],[-45.11459,-20.89404],[-45.13457,-20.89789],[-45.14418,-20.92724],[-45.10724,-20.9288],[-45.09231,-20.95037],[-45.07573,-20.94024],[-45.06737,-20.91368],[-45.04352,-20.91904],[-45.00503,-20.89586],[-44.9975,-20.88056],[-45.00853,-20.85158],[-45.03972,-20.80936],[-45.05667,-20.81705],[-45.07247,-20.83959]]]},"properties":{"GEOCODIGO":"3158805","NOME":"Santana do Jacaré","UF":"MG"}},
{"type":"Feature","geometry":{"type":"Polygon","coordinates":[[[-45.04288,-22.14836],[-45.03461,-22.18319],[-44.96928,-22.21344],[-44.97011,-22.24723],[-44.97892,-22.27742],[-44.93699,-22.25151],[-44.91144,-22.26647],[-44.88629,-22.26345],[-44.85406,-22.212],[-44.81728,-22.19261],[-44.83811,-22.18324],[-44.85205,-22.15477],[-44.87114,-22.14913],[-44.87091,-22.13095],[-44.89555,-22.10769],[-44.91347,-22.10684],[-44.92739,-22.0825],[-44.94027,-22.07728],[-44.99068,-22.09076],[-45.00681,-22.11121],[-44.98645,-22.12022],[-44.98111,-22.13601],[-44.99831,-22.14936],[-45.04288,-22.14836]]]},"properties":{"GEOCODIGO":"3152600","NOME":"Pouso Alto","UF":"MG"}},
{"type":"Feature","geometry":{"type":"Polygon","coordinates":[[[-45.23159,-18.59582],[-45.24593,-18.62431],[-45.24248,-18.65069],[-45.20831,-18.69234],[-45.1904,-18.73475],[-45.20662,-18.78137],[-45.18429,-18.81554],[-45.15429,-18.80786],[-45.14443,-18.83299],[-45.12257,-18.81959],[-45.10295,-18.82089],[-45.10026,-18.84993],[-45.07525,-18.85149],[-45.05509,-18.81959],[-44.9752,-18.82506],[-44.9662,-18.8386],[-44.93309,-18.84993],[-44.9374,-18.8669],[-44.89298,-18.86027],[-44.87187,-18.84301],[-44.84476,-18.84338],[-44.82588,-18.86347],[-44.78028,-18.87326],[-44.76706,-18.86074],[-44.71912,-18.8453],[-44.69311,-18.8093],[-44.66321,-18.79504],[-44.65381,-18.77446],[-44.66853,-18.73614],[-44.69923,-18.70781],[-44.71306,-18.70408],[-44.75404,-18.72527],[-44.76754,-18.70691],[-44.80301,-18.68972],[-44.82195,-18.65847],[-44.8049,-18.65088],[-44.80684,-18.62906],[-44.82873,-18.58976],[-44.85778,-18.57137],[-44.85151,-18.54841],[-44.90398,-18.52641],[-44.92618,-18.50297],[-44.95026,-18.50074],[-44.96193,-18.51466],[-44.99998,-18.52161],[-45.03715,-18.50293],[-45.07226,-18.51569],[-45.0979,-18.53702],[-45.11712,-18.56947],[-45.15396,-18.5926],[-45.14556,-18.65865],[-45.17501,-18.66696],[-45.21665,-18.64039],[-45.21599,-18.61852],[-45.23159,-18.59582]]]},"properties":{"GEOCODIGO":"3125705","NOME":"Felixlândia","UF":"MG"}},
{"type":"Feature","geometry":{"type":"Polygon","coordinates":[[[-45.038,-21.63141],[-45.06755,-21.73898],[-45.03068,-21.76042],[-45.04377,-21.77809],[-45.02636,-21.82044],[-44.98469,-21.83044],[-44.97638,-21.85185],[-44.91461,-21.83009],[-44.88531,-21.83706],[-44.89661,-21.82736],[-44.86647,-21.79742],[-44.88678,-21.7549],[-44.88305,-21.70799],[-44.89319,-21.68556],[-44.87818,-21.62772],[-44.91122,-21.64227],[-44.92663,-21.63525],[-45.03657,-21.63167],[-45.038,-21.63141]]]},"properties":{"GEOCODIGO":"3165206","NOME":"São Thomé das Letras","UF":"MG"}},
{"type":"Feature","geometry":{"type":"Polygon","coordinates":[[[-45.08525,-21.3994],[-45.06108,-21.40895],[-45.02667,-21.42141],[-44.99258,-21.46143],[-44.94939,-21.43482],[-44.95297,-21.46494],[-44.92547,-21.46353],[-44.89322,-21.47211],[-44.87378,-21.45826],[-44.86364,-21.48106],[-44.87049,-21.49793],[-44.84123,-21.50625],[-44.82019,-21.49914],[-44.81392,-21.46901],[-44.81044,-21.45129],[-44.81992,-21.42457],[-44.81805,-21.39358],[-44.83675,-21.36774],[-44.86758,-21.36915],[-44.88508,-21.34062],[-44.9044,-21.3432],[-44.95139,-21.34441],[-45.00809,-21.33424],[-45.02733,-21.34417],[-45.06633,-21.39358],[-45.08525,-21.3994]]]},"properties":{"GEOCODIGO":"3130804","NOME":"Ingaí","UF":"MG"}},
{"type":"Feature","geometry":{"type":"Polygon","coordinates":[[[-45.08089,-20.14345],[-45.10959,-20.13756],[-45.12595,-20.156],[-45.14656,-20.16011],[-45.15448,-20.181],[-45.13039,-20.21908],[-45.13422,-20.23634],[-45.11717,-20.25677],[-45.12684,-20.29497],[-45.11384,-20.31158],[-45.12897,-20.33237],[-45.12456,-20.36897],[-45.09483,-20.38172],[-45.08878,-20.3633],[-45.04178,-20.35421],[-45.03244,-20.33459],[-45.0012,-20.3237],[-44.96539,-20.32404],[-44.93892,-20.29905],[-44.92823,-20.2751],[-44.90481,-20.25895],[-44.91058,-20.23178],[-44.94433,-20.20869],[-44.96851,-20.20901],[-45.01451,-20.16594],[-45.0358,-20.16274],[-45.05453,-20.14665],[-45.08089,-20.14345]]]},"properties":{"GEOCODIGO":"3164605","NOME":"São Sebastião do Oeste","UF":"MG"}},
{"type":"Feature","geometry":{"type":"Polygon","coordinates":[[[-45.01511,-22.27566],[-45.00986,-22.30616],[-45.01554,-22.33957],[-44.96667,-22.33609],[-44.95772,-22.31747],[-44.91502,-22.32668],[-44.91738,-22.36044],[-44.89404,-22.38083],[-44.87881,-22.37696],[-44.85363,-22.39236],[-44.80881,-22.4048],[-44.80358,-22.39334],[-44.82721,-22.3634],[-44.85644,-22.36545],[-44.86674,-22.34083],[-44.86358,-22.30964],[-44.89024,-22.30809],[-44.89588,-22.28423],[-44.88629,-22.26345],[-44.91144,-22.26647],[-44.93699,-22.25151],[-44.97892,-22.27742],[-44.9925,-22.26911],[-45.01511,-22.27566]]]},"properties":{"GEOCODIGO":"3133105","NOME":"Itanhandu","UF":"MG"}},
{"type":"Feature","geometry":{"type":"Polygon","coordinates":[[[-45.06363,-21.50042],[-45.06412,-21.52369],[-45.05458,-21.55407],[-45.02842,-21.59711],[-45.03657,-21.63167],[-44.92663,-21.63525],[-44.91122,-21.64227],[-44.87818,-21.62772],[-44.86755,-21.60753],[-44.82639,-21.59005],[-44.79269,-21.5965],[-44.77972,-21.59187],[-44.78958,-21.54725],[-44.76675,-21.55104],[-44.74222,-21.53082],[-44.75195,-21.48301],[-44.7634,-21.47794],[-44.78514,-21.46445],[-44.81392,-21.46901],[-44.82019,-21.49914],[-44.84123,-21.50625],[-44.87049,-21.49793],[-44.86364,-21.48106],[-44.87378,-21.45826],[-44.89322,-21.47211],[-44.92547,-21.46353],[-44.95297,-21.46494],[-44.94939,-21.43482],[-44.99258,-21.46143],[-45.02667,-21.42141],[-45.06108,-21.40895],[-45.04525,-21.42052],[-45.04245,-21.45314],[-45.06363,-21.50042]]]},"properties":{"GEOCODIGO":"3138708","NOME":"Luminárias","UF":"MG"}},
{"type":"Feature","geometry":{"type":"Polygon","coordinates":[[[-45.12422,-19.83048],[-45.10259,-19.84886],[-45.11653,-19.89375],[-45.13408,-19.90726],[-45.15128,-19.94442],[-45.14431,-19.97858],[-45.10793,-20.01069],[-45.09204,-20.01236],[-45.06839,-19.998],[-45.04705,-20.01129],[-45.03011,-20.0046],[-44.99677,-20.01173],[-44.96353,-19.99137],[-44.95537,-19.96177],[-44.96526,-19.93458],[-44.97967,-19.91287],[-44.99734,-19.91888],[-45.04303,-19.8736],[-45.07045,-19.86124],[-45.08034,-19.83282],[-45.12422,-19.83048]]]},"properties":{"GEOCODIGO":"3149705","NOME":"Perdigão","UF":"MG"}},
{"type":"Feature","geometry":{"type":"Polygon","coordinates":[[[-45.07573,-20.94024],[-45.06333,-20.95488],[-45.057,-21.0054],[-45.06848,-21.019],[-45.05245,-21.03963],[-45.03636,-21.03628],[-44.97699,-21.04409],[-44.97071,-21.04062],[-44.97814,-21.02234],[-44.95583,-21.0157],[-44.93538,-20.98937],[-44.88566,-21.00475],[-44.87203,-20.98549],[-44.87047,-20.96403],[-44.818,-20.95829],[-44.80525,-20.89735],[-44.83578,-20.86416],[-44.8337,-20.84116],[-44.85759,-20.83227],[-44.87203,-20.80785],[-44.90628,-20.7942],[-44.93189,-20.79164],[-44.94034,-20.81285],[-45.00505,-20.815],[-45.03972,-20.80936],[-45.00853,-20.85158],[-44.9975,-20.88056],[-45.00503,-20.89586],[-45.04352,-20.91904],[-45.06737,-20.91368],[-45.07573,-20.94024]]]},"properties":{"GEOCODIGO":"3159902","NOME":"Santo Antônio do Amparo","UF":"MG"}},
{"type":"Feature","geometry":{"type":"Polygon","coordinates":[[[-45.08533,-20.74426],[-45.06892,-20.76169],[-45.06775,-20.80191],[-45.05667,-20.81705],[-45.03972,-20.80936],[-45.00505,-20.815],[-44.94034,-20.81285],[-44.93189,-20.79164],[-44.90628,-20.7942],[-44.90367,-20.75847],[-44.93781,-20.73708],[-44.92833,-20.70926],[-44.92908,-20.66177],[-44.94128,-20.63267],[-44.96006,-20.60906],[-45.0027,-20.59001],[-45.01206,-20.57026],[-45.01194,-20.59909],[-45.02005,-20.62005],[-45.04726,-20.63371],[-45.06914,-20.72359],[-45.08533,-20.74426]]]},"properties":{"GEOCODIGO":"3161205","NOME":"São Francisco de Paula","UF":"MG"}},
{"type":"Feature","geometry":{"type":"Polygon","coordinates":[[[-45.04705,-20.01129],[-45.04815,-20.02057],[-45.08331,-20.06701],[-45.11412,-20.06616],[-45.12093,-20.08469],[-45.10987,-20.10873],[-45.08089,-20.14345],[-45.05453,-20.14665],[-45.0358,-20.16274],[-45.01451,-20.16594],[-44.96851,-20.20901],[-44.94433,-20.20869],[-44.91058,-20.23178],[-44.90481,-20.25895],[-44.89583,-20.27809],[-44.86772,-20.30663],[-44.83109,-20.28245],[-44.81142,-20.27688],[-44.77467,-20.24881],[-44.75794,-20.25322],[-44.75059,-20.23596],[-44.80239,-20.16571],[-44.80109,-20.1465],[-44.82089,-20.11726],[-44.86082,-20.09013],[-44.86645,-20.04004],[-44.88656,-20.03008],[-44.90703,-19.95183],[-44.87656,-19.93869],[-44.88797,-19.91788],[-44.92017,-19.94185],[-44.96526,-19.93458],[-44.95537,-19.96177],[-44.96353,-19.99137],[-44.99677,-20.01173],[-45.03011,-20.0046],[-45.04705,-20.01129]]]},"properties":{"GEOCODIGO":"3122306","NOME":"Divinópolis","UF":"MG"}},
{"type":"Feature","geometry":{"type":"Polygon","coordinates":[[[-45.18713,-18.88042],[-45.17314,-18.88957],[-45.14956,-18.88538],[-45.11976,-18.89774],[-45.11442,-18.90971],[-45.12681,-18.9348],[-45.11068,-18.96016],[-45.11768,-18.9759],[-45.10923,-19.00242],[-45.11659,-19.06155],[-45.09484,-19.06067],[-45.08112,-19.08747],[-45.1059,-19.11004],[-45.0959,-19.1512],[-45.11881,-19.17141],[-45.12287,-19.19546],[-45.13926,-19.20971],[-45.13248,-19.24573],[-45.11815,-19.26529],[-45.13015,-19.27815],[-45.10441,-19.29084],[-45.04132,-19.30015],[-45.06314,-19.31261],[-45.06187,-19.37341],[-45.04045,-19.40728],[-45.02129,-19.41364],[-44.99381,-19.44205],[-44.96786,-19.45783],[-44.92806,-19.45157],[-44.91523,-19.47668],[-44.87771,-19.47753],[-44.83986,-19.45654],[-44.81221,-19.42918],[-44.79776,-19.40131],[-44.79386,-19.37111],[-44.77028,-19.35437],[-44.75248,-19.35468],[-44.74073,-19.32493],[-44.73765,-19.27399],[-44.71573,-19.25595],[-44.71628,-19.23913],[-44.69484,-19.20612],[-44.68237,-19.1773],[-44.70242,-19.15484],[-44.68923,-19.13813],[-44.70908,-19.10897],[-44.68534,-19.05701],[-44.74528,-19.01031],[-44.74839,-18.98675],[-44.78651,-18.97509],[-44.78364,-18.95346],[-44.75876,-18.96281],[-44.76279,-18.93394],[-44.7828,-18.92515],[-44.78028,-18.87326],[-44.82588,-18.86347],[-44.84476,-18.84338],[-44.87187,-18.84301],[-44.89298,-18.86027],[-44.9374,-18.8669],[-44.93309,-18.84993],[-44.9662,-18.8386],[-44.9752,-18.82506],[-45.05509,-18.81959],[-45.07525,-18.85149],[-45.10026,-18.84993],[-45.10295,-18.82089],[-45.12257,-18.81959],[-45.14443,-18.83299],[-45.15429,-18.80786],[-45.18429,-18.81554],[-45.16251,-18.86017],[-45.18713,-18.88042]]]},"properties":{"GEOCODIGO":"3152006","NOME":"Pompéu","UF":"MG"}},
{"type":"Feature","geometry":{"type":"Polygon","coordinates":[[[-45.10043,-19.58082],[-45.10148,-19.60822],[-45.11117,-19.61881],[-45.1112,-19.65253],[-45.09503,-19.66347],[-45.09072,-19.71431],[-45.10173,-19.74456],[-45.12348,-19.76353],[-45.12873,-19.78075],[-45.11076,-19.80511],[-45.08978,-19.79749],[-45.05436,-19.79854],[-45.01134,-19.77709],[-44.99022,-19.79301],[-44.97951,-19.77867],[-44.98264,-19.75491],[-44.96962,-19.73925],[-44.96786,-19.71145],[-44.94801,-19.68833],[-44.95094,-19.67157],[-44.9772,-19.67026],[-44.97601,-19.65027],[-44.99117,-19.6214],[-44.98451,-19.60637],[-44.99971,-19.59157],[-45.005,-19.56726],[-44.98862,-19.54431],[-45.00454,-19.53075],[-45.02845,-19.53252],[-45.06179,-19.56265],[-45.10043,-19.58082]]]},"properties":{"GEOCODIGO":"3138302","NOME":"Leandro Ferreira","UF":"MG"}},
{"type":"Feature","geometry":{"type":"Polygon","coordinates":[[[-44.9988,-21.90451],[-45.00838,-21.932],[-44.99664,-21.94898],[-44.98058,-21.95362],[-44.95833,-22.00376],[-44.95316,-22.05792],[-44.94027,-22.07728],[-44.92739,-22.0825],[-44.91594,-22.02463],[-44.91891,-21.99445],[-44.89864,-21.94923],[-44.92636,-21.94302],[-44.93728,-21.91535],[-44.95729,-21.90594],[-44.98638,-21.91423],[-44.9988,-21.90451]]]},"properties":{"GEOCODIGO":"3115508","NOME":"Caxambu","UF":"MG"}},
{"type":"Feature","geometry":{"type":"Polygon","coordinates":[[[-45.11076,-19.80511],[-45.12422,-19.83048],[-45.08034,-19.83282],[-45.07045,-19.86124],[-45.04303,-19.8736],[-44.99734,-19.91888],[-44.97967,-19.91287],[-44.96526,-19.93458],[-44.92017,-19.94185],[-44.88797,-19.91788],[-44.86954,-19.9068],[-44.87642,-19.87251],[-44.8922,-19.85493],[-44.89881,-19.83339],[-44.88464,-19.81773],[-44.89314,-19.7789],[-44.93311,-19.77759],[-44.94312,-19.79188],[-44.99022,-19.79301],[-45.01134,-19.77709],[-45.05436,-19.79854],[-45.08978,-19.79749],[-45.11076,-19.80511]]]},"properties":{"GEOCODIGO":"3145208","NOME":"Nova Serrana","UF":"MG"}},
{"type":"Feature","geometry":{"type":"Polygon","coordinates":[[[-44.9988,-21.90451],[-44.98638,-21.91423],[-44.95729,-21.90594],[-44.93728,-21.91535],[-44.92636,-21.94302],[-44.89864,-21.94923],[-44.91891,-21.99445],[-44.91594,-22.02463],[-44.92739,-22.0825],[-44.91347,-22.10684],[-44.89555,-22.10769],[-44.87091,-22.13095],[-44.87114,-22.14913],[-44.85205,-22.15477],[-44.83811,-22.18324],[-44.81728,-22.19261],[-44.78399,-22.18507],[-44.76607,-22.20075],[-44.71997,-22.17972],[-44.72252,-22.14904],[-44.6795,-22.13513],[-44.67443,-22.09112],[-44.68016,-22.06431],[-44.70897,-22.0053],[-44.73208,-21.99178],[-44.72856,-21.97681],[-44.75561,-21.93586],[-44.7586,-21.90203],[-44.75066,-21.87807],[-44.75423,-21.85702],[-44.78963,-21.86925],[-44.83588,-21.90953],[-44.86313,-21.86894],[-44.85991,-21.85643],[-44.88531,-21.83706],[-44.91461,-21.83009],[-44.97638,-21.85185],[-44.99478,-21.86234],[-44.9988,-21.90451]]]},"properties":{"GEOCODIGO":"3104908","NOME":"Baependi","UF":"MG"}},
{"type":"Feature","geometry":{"type":"Polygon","coordinates":[[[-44.99243,-21.13496],[-44.97767,-21.17667],[-44.97661,-21.20566],[-44.9617,-21.21338],[-44.96239,-21.24058],[-44.92136,-21.23206],[-44.90642,-21.21259],[-44.8793,-21.22139],[-44.86956,-21.21215],[-44.86301,-21.16707],[-44.87842,-21.15576],[-44.88388,-21.18128],[-44.91206,-21.17221],[-44.92763,-21.15293],[-44.92614,-21.12511],[-44.94908,-21.10967],[-44.96816,-21.12674],[-44.99243,-21.13496]]]},"properties":{"GEOCODIGO":"3130408","NOME":"Ijaci","UF":"MG"}},
{"type":"Feature","geometry":{"type":"Polygon","coordinates":[[[-45.3056,-14.83388],[-45.2808,-14.86382],[-45.23749,-14.87745],[-45.21596,-14.90854],[-45.18605,-14.98194],[-45.15519,-15.01229],[-45.09049,-15.06731],[-45.04044,-15.08392],[-45.03474,-15.10679],[-44.97586,-15.1987],[-45.00563,-15.2599],[-45.02315,-15.27318],[-44.99993,-15.28973],[-44.99382,-15.32982],[-44.91849,-15.38966],[-44.89357,-15.39057],[-44.85466,-15.4151],[-44.83062,-15.44071],[-44.78399,-15.45509],[-44.76379,-15.48499],[-44.6981,-15.44925],[-44.66783,-15.40192],[-44.64737,-15.3618],[-44.62746,-15.33964],[-44.63454,-15.27368],[-44.66774,-15.26162],[-44.68109,-15.24192],[-44.689,-15.20983],[-44.68205,-15.18615],[-44.65618,-15.1664],[-44.62933,-15.10912],[-44.63466,-15.0775],[-44.66024,-15.07136],[-44.69974,-15.02504],[-44.73388,-14.94883],[-44.71285,-14.91005],[-44.68325,-14.89213],[-44.6822,-14.86619],[-44.70035,-14.83228],[-44.71738,-14.81648],[-44.76171,-14.79759],[-44.79345,-14.81619],[-44.82849,-14.78403],[-44.81066,-14.72],[-44.7979,-14.69634],[-44.7854,-14.69663],[-44.75254,-14.67587],[-44.7047,-14.62899],[-44.68398,-14.62532],[-44.74165,-14.62497],[-44.73494,-14.56753],[-44.7516,-14.53799],[-44.73071,-14.50036],[-44.74137,-14.46675],[-44.76896,-14.47689],[-44.81035,-14.50266],[-44.83434,-14.50649],[-44.82959,-14.533],[-44.86878,-14.59294],[-44.89004,-14.59707],[-44.91626,-14.61921],[-44.98054,-14.64518],[-44.99533,-14.66737],[-45.03151,-14.67572],[-45.04728,-14.69009],[-45.06504,-14.73075],[-45.09494,-14.75234],[-45.13587,-14.74697],[-45.16604,-14.73485],[-45.19088,-14.74926],[-45.20515,-14.74429],[-45.23938,-14.7814],[-45.25829,-14.78908],[-45.27399,-14.81105],[-45.3056,-14.83388]]]},"properties":{"GEOCODIGO":"3108255","NOME":"Bonito de Minas","UF":"MG"}},
{"type":"Feature","geometry":{"type":"Polygon","coordinates":[[[-44.89287,-20.47202],[-44.9452,-20.49721],[-44.982,-20.48578],[-45.01081,-20.49835],[-45.01206,-20.57026],[-45.0027,-20.59001],[-44.96006,-20.60906],[-44.94128,-20.63267],[-44.90675,-20.6262],[-44.892,-20.65001],[-44.86955,-20.64779],[-44.86095,-20.62362],[-44.82425,-20.63946],[-44.79105,-20.60415],[-44.75281,-20.60947],[-44.76736,-20.59497],[-44.77633,-20.53951],[-44.8005,-20.50705],[-44.81892,-20.49919],[-44.83672,-20.51185],[-44.86386,-20.48285],[-44.89287,-20.47202]]]},"properties":{"GEOCODIGO":"3114006","NOME":"Carmo da Mata","UF":"MG"}},
{"type":"Feature","geometry":{"type":"Polygon","coordinates":[[[-45.09414,-15.5876],[-45.10722,-15.59618],[-45.12181,-15.62679],[-45.17502,-15.66199],[-45.21954,-15.71343],[-45.24253,-15.7243],[-45.25598,-15.75506],[-45.23342,-15.83322],[-45.22565,-15.84332],[-45.1814,-15.85939],[-45.14996,-15.8967],[-45.10932,-15.95941],[-45.08143,-15.98822],[-45.04369,-15.99196],[-45.04393,-16.01687],[-45.06824,-16.06995],[-45.08041,-16.1228],[-45.07899,-16.14057],[-45.05846,-16.13654],[-44.9766,-16.16251],[-44.90957,-16.14136],[-44.88221,-16.14184],[-44.87002,-16.12784],[-44.85182,-16.13004],[-44.81948,-16.1558],[-44.79029,-16.15188],[-44.7824,-16.16195],[-44.75485,-16.15833],[-44.7489,-16.13569],[-44.72243,-16.12682],[-44.68979,-16.09708],[-44.66557,-16.10804],[-44.66049,-16.13375],[-44.64983,-16.1234],[-44.55713,-16.07169],[-44.54207,-16.07419],[-44.50374,-16.0468],[-44.49065,-16.01191],[-44.47154,-15.99216],[-44.45696,-15.99384],[-44.43055,-15.97342],[-44.43524,-15.95633],[-44.41133,-15.92956],[-44.42227,-15.90738],[-44.41143,-15.89273],[-44.42013,-15.85909],[-44.43716,-15.85009],[-44.46074,-15.83498],[-44.48979,-15.79985],[-44.49948,-15.77523],[-44.53915,-15.78376],[-44.56195,-15.80509],[-44.56429,-15.85172],[-44.53574,-15.87363],[-44.53543,-15.89528],[-44.57641,-15.88179],[-44.58489,-15.86161],[-44.61327,-15.83531],[-44.65344,-15.82543],[-44.68212,-15.7746],[-44.72146,-15.77709],[-44.78012,-15.80895],[-44.7803,-15.79523],[-44.8216,-15.74981],[-44.85721,-15.73654],[-44.8743,-15.72055],[-44.87974,-15.69634],[-44.90557,-15.68595],[-44.9131,-15.67286],[-44.98268,-15.61006],[-45.0096,-15.56494],[-45.03549,-15.5543],[-45.06143,-15.56391],[-45.09414,-15.5876]]]},"properties":{"GEOCODIGO":"3161106","NOME":"São Francisco","UF":"MG"}},
{"type":"Feature","geometry":{"type":"Polygon","coordinates":[[[-44.80525,-20.89735],[-44.818,-20.95829],[-44.87047,-20.96403],[-44.87203,-20.98549],[-44.88566,-21.00475],[-44.93538,-20.98937],[-44.95583,-21.0157],[-44.97814,-21.02234],[-44.97071,-21.04062],[-44.94194,-21.06596],[-44.94908,-21.10967],[-44.92614,-21.12511],[-44.92763,-21.15293],[-44.91206,-21.17221],[-44.88388,-21.18128],[-44.87842,-21.15576],[-44.87242,-21.1363],[-44.84138,-21.13774],[-44.82975,-21.12309],[-44.7448,-21.11719],[-44.73855,-21.14229],[-44.70261,-21.13615],[-44.69605,-21.12073],[-44.67011,-21.11576],[-44.6605,-21.09788],[-44.63447,-21.08722],[-44.62034,-21.09691],[-44.62406,-21.05141],[-44.63451,-21.04781],[-44.64343,-21.00821],[-44.66183,-20.98942],[-44.66594,-20.95005],[-44.65859,-20.90102],[-44.69683,-20.86845],[-44.70967,-20.84838],[-44.71789,-20.87343],[-44.73338,-20.89108],[-44.75853,-20.87328],[-44.76753,-20.89651],[-44.80525,-20.89735]]]},"properties":{"GEOCODIGO":"3108008","NOME":"Bom Sucesso","UF":"MG"}},
{"type":"Feature","geometry":{"type":"Polygon","coordinates":[[[-44.88629,-22.26345],[-44.89588,-22.28423],[-44.89024,-22.30809],[-44.86358,-22.30964],[-44.86674,-22.34083],[-44.85644,-22.36545],[-44.82721,-22.3634],[-44.80358,-22.39334],[-44.72355,-22.35947],[-44.70036,-22.36972],[-44.66606,-22.3727],[-44.65366,-22.36449],[-44.66619,-22.32031],[-44.63782,-22.29701],[-44.61205,-22.28625],[-44.59769,-22.25541],[-44.60664,-22.22597],[-44.62885,-22.2326],[-44.65449,-22.22831],[-44.6745,-22.23642],[-44.68847,-22.22294],[-44.72539,-22.22858],[-44.76098,-22.22215],[-44.76607,-22.20075],[-44.78399,-22.18507],[-44.81728,-22.19261],[-44.85406,-22.212],[-44.88629,-22.26345]]]},"properties":{"GEOCODIGO":"3133006","NOME":"Itamonte","UF":"MG"}},
{"type":"Feature","geometry":{"type":"Polygon","coordinates":[[[-45.00774,-17.72061],[-45.00571,-17.74472],[-45.02895,-17.78577],[-45.0854,-17.78538],[-45.09574,-17.80153],[-45.12344,-17.81648],[-45.12754,-17.83116],[-45.10951,-17.86351],[-45.12096,-17.89051],[-45.1191,-17.93147],[-45.10179,-17.94593],[-45.10062,-17.96355],[-45.04257,-17.98818],[-45.02518,-18.01431],[-45.02024,-18.04847],[-44.96498,-18.08489],[-44.93745,-18.08042],[-44.88445,-18.10113],[-44.87482,-18.09646],[-44.84801,-18.13],[-44.80667,-18.1305],[-44.78834,-18.14959],[-44.7532,-18.15233],[-44.73485,-18.1394],[-44.73206,-18.12132],[-44.71465,-18.10728],[-44.70798,-18.08685],[-44.6887,-18.07181],[-44.66304,-18.07258],[-44.62112,-18.05469],[-44.60367,-18.02314],[-44.61176,-18.00811],[-44.58512,-17.98695],[-44.57173,-17.99492],[-44.54957,-17.96206],[-44.53154,-18.00273],[-44.54409,-18.05186],[-44.53651,-18.06036],[-44.49657,-18.0627],[-44.483,-18.0739],[-44.4219,-18.07254],[-44.42039,-18.03387],[-44.40426,-18.01969],[-44.38435,-17.92854],[-44.35982,-17.91679],[-44.30795,-17.91278],[-44.30242,-17.88288],[-44.30612,-17.84725],[-44.30303,-17.80954],[-44.29184,-17.80157],[-44.28893,-17.77532],[-44.27501,-17.75871],[-44.28615,-17.73388],[-44.28793,-17.70182],[-44.31067,-17.70612],[-44.3972,-17.69451],[-44.39429,-17.67145],[-44.41674,-17.65671],[-44.44499,-17.61033],[-44.46667,-17.60553],[-44.5234,-17.60039],[-44.56346,-17.6226],[-44.56048,-17.66204],[-44.58554,-17.71953],[-44.59629,-17.73305],[-44.59598,-17.76696],[-44.61138,-17.78392],[-44.64762,-17.76073],[-44.64843,-17.69157],[-44.66898,-17.68694],[-44.70645,-17.69211],[-44.73687,-17.716],[-44.74484,-17.74532],[-44.74176,-17.76431],[-44.78343,-17.7462],[-44.83431,-17.74657],[-44.8484,-17.73109],[-44.88562,-17.74704],[-44.91901,-17.7311],[-44.98498,-17.71693],[-45.00774,-17.72061]]]},"properties":{"GEOCODIGO":"3138104","NOME":"Lassance","UF":"MG"}},
{"type":"Feature","geometry":{"type":"Polygon","coordinates":[[[-44.87818,-21.62772],[-44.89319,-21.68556],[-44.88305,-21.70799],[-44.88678,-21.7549],[-44.86647,-21.79742],[-44.89661,-21.82736],[-44.88531,-21.83706],[-44.85991,-21.85643],[-44.86313,-21.86894],[-44.83588,-21.90953],[-44.78963,-21.86925],[-44.75423,-21.85702],[-44.75155,-21.82594],[-44.7238,-21.76453],[-44.69225,-21.74336],[-44.70339,-21.71554],[-44.68,-21.67629],[-44.69192,-21.65961],[-44.67638,-21.63978],[-44.70867,-21.6232],[-44.72572,-21.62471],[-44.75374,-21.60485],[-44.78144,-21.61296],[-44.79269,-21.5965],[-44.82639,-21.59005],[-44.86755,-21.60753],[-44.87818,-21.62772]]]},"properties":{"GEOCODIGO":"3120805","NOME":"Cruzília","UF":"MG"}},
{"type":"Feature","geometry":{"type":"Polygon","coordinates":[[[-44.86956,-21.21215],[-44.87316,-21.24659],[-44.88747,-21.25091],[-44.87541,-21.28923],[-44.88264,-21.31244],[-44.90125,-21.32201],[-44.9044,-21.3432],[-44.88508,-21.34062],[-44.86758,-21.36915],[-44.83675,-21.36774],[-44.81805,-21.39358],[-44.8055,-21.37808],[-44.7735,-21.36508],[-44.75086,-21.28482],[-44.772,-21.26895],[-44.75934,-21.23537],[-44.77772,-21.20886],[-44.80903,-21.22189],[-44.84955,-21.19291],[-44.84192,-21.1752],[-44.86301,-21.16707],[-44.86956,-21.21215]]]},"properties":{"GEOCODIGO":"3134301","NOME":"Itumirim","UF":"MG"}},
{"type":"Feature","geometry":{"type":"Polygon","coordinates":[[[-44.99381,-19.44205],[-44.99159,-19.45664],[-45.01326,-19.47741],[-44.99933,-19.51113],[-45.00454,-19.53075],[-44.98862,-19.54431],[-45.005,-19.56726],[-44.99971,-19.59157],[-44.98451,-19.60637],[-44.99117,-19.6214],[-44.97601,-19.65027],[-44.9772,-19.67026],[-44.95094,-19.67157],[-44.94801,-19.68833],[-44.91853,-19.69814],[-44.91245,-19.71282],[-44.86782,-19.71767],[-44.83756,-19.73446],[-44.82664,-19.71721],[-44.81549,-19.66408],[-44.78533,-19.66439],[-44.75353,-19.68278],[-44.74878,-19.66698],[-44.7677,-19.62413],[-44.75503,-19.60545],[-44.75121,-19.56536],[-44.77551,-19.5407],[-44.80025,-19.54243],[-44.83722,-19.48799],[-44.8545,-19.491],[-44.87771,-19.47753],[-44.91523,-19.47668],[-44.92806,-19.45157],[-44.96786,-19.45783],[-44.99381,-19.44205]]]},"properties":{"GEOCODIGO":"3151404","NOME":"Pitangui","UF":"MG"}},
{"type":"Feature","geometry":{"type":"Polygon","coordinates":[[[-44.94128,-20.63267],[-44.92908,-20.66177],[-44.92833,-20.70926],[-44.93781,-20.73708],[-44.90367,-20.75847],[-44.90628,-20.7942],[-44.87203,-20.80785],[-44.85759,-20.83227],[-44.8337,-20.84116],[-44.83578,-20.86416],[-44.80525,-20.89735],[-44.76753,-20.89651],[-44.75853,-20.87328],[-44.73338,-20.89108],[-44.71789,-20.87343],[-44.70967,-20.84838],[-44.65733,-20.86507],[-44.64308,-20.83914],[-44.61705,-20.81451],[-44.59925,-20.82182],[-44.5605,-20.80466],[-44.54892,-20.81924],[-44.51675,-20.83346],[-44.48272,-20.80698],[-44.47628,-20.79321],[-44.44845,-20.78642],[-44.46769,-20.76728],[-44.48546,-20.76392],[-44.50475,-20.74548],[-44.52239,-20.75191],[-44.54969,-20.74401],[-44.58144,-20.70792],[-44.57773,-20.69269],[-44.59011,-20.66505],[-44.58949,-20.64507],[-44.61659,-20.67646],[-44.61005,-20.68973],[-44.63261,-20.70148],[-44.664,-20.70245],[-44.69153,-20.6756],[-44.685,-20.65041],[-44.69587,-20.63406],[-44.72922,-20.61397],[-44.75281,-20.60947],[-44.79105,-20.60415],[-44.82425,-20.63946],[-44.86095,-20.62362],[-44.86955,-20.64779],[-44.892,-20.65001],[-44.90675,-20.6262],[-44.94128,-20.63267]]]},"properties":{"GEOCODIGO":"3145604","NOME":"Oliveira","UF":"MG"}},
{"type":"Feature","geometry":{"type":"Polygon","coordinates":[[[-44.99022,-19.79301],[-44.94312,-19.79188],[-44.93311,-19.77759],[-44.89314,-19.7789],[-44.88464,-19.81773],[-44.89881,-19.83339],[-44.8922,-19.85493],[-44.8538,-19.85619],[-44.8157,-19.89081],[-44.78079,-19.86666],[-44.78481,-19.80372],[-44.77325,-19.79158],[-44.78048,-19.7711],[-44.82003,-19.76326],[-44.81923,-19.74024],[-44.83756,-19.73446],[-44.86782,-19.71767],[-44.91245,-19.71282],[-44.91853,-19.69814],[-44.94801,-19.68833],[-44.96786,-19.71145],[-44.96962,-19.73925],[-44.98264,-19.75491],[-44.97951,-19.77867],[-44.99022,-19.79301]]]},"properties":{"GEOCODIGO":"3117603","NOME":"Conceição do Pará","UF":"MG"}},
{"type":"Feature","geometry":{"type":"Polygon","coordinates":[[[-44.70261,-21.13615],[-44.73855,-21.14229],[-44.7448,-21.11719],[-44.82975,-21.12309],[-44.84138,-21.13774],[-44.87242,-21.1363],[-44.87842,-21.15576],[-44.86301,-21.16707],[-44.84192,-21.1752],[-44.84955,-21.19291],[-44.80903,-21.22189],[-44.77772,-21.20886],[-44.75934,-21.23537],[-44.73281,-21.212],[-44.70761,-21.19655],[-44.71087,-21.18404],[-44.68909,-21.16123],[-44.70261,-21.13615]]]},"properties":{"GEOCODIGO":"3130002","NOME":"Ibituruna","UF":"MG"}},
{"type":"Feature","geometry":{"type":"Polygon","coordinates":[[[-45.07041,-16.47131],[-45.09059,-16.46872],[-45.11409,-16.47932],[-45.11668,-16.51228],[-45.10302,-16.53622],[-45.1039,-16.56613],[-45.09721,-16.59883],[-45.07854,-16.6132],[-45.07283,-16.6327],[-45.07646,-16.67334],[-45.05723,-16.68793],[-45.01227,-16.69814],[-45.0009,-16.71265],[-45.01576,-16.75605],[-44.96729,-16.73648],[-44.93915,-16.73801],[-44.85321,-16.69789],[-44.8516,-16.67706],[-44.81227,-16.64842],[-44.82798,-16.60905],[-44.79907,-16.59748],[-44.7986,-16.52975],[-44.83579,-16.55557],[-44.8571,-16.57977],[-44.90318,-16.60226],[-44.94206,-16.57699],[-44.95172,-16.55813],[-44.97212,-16.54742],[-44.96368,-16.49274],[-45.02671,-16.4728],[-45.03399,-16.45182],[-45.05372,-16.47059],[-45.07041,-16.47131]]]},"properties":{"GEOCODIGO":"3152131","NOME":"Ponto Chique","UF":"MG"}},
{"type":"Feature","geometry":{"type":"Polygon","coordinates":[[[-44.90481,-20.25895],[-44.91719,-20.30953],[-44.89715,-20.34609],[-44.89834,-20.36592],[-44.8847,-20.38474],[-44.89892,-20.41341],[-44.88789,-20.43007],[-44.89287,-20.47202],[-44.86386,-20.48285],[-44.83672,-20.51185],[-44.81892,-20.49919],[-44.8005,-20.50705],[-44.77633,-20.53951],[-44.74067,-20.55554],[-44.70019,-20.53741],[-44.70831,-20.5118],[-44.7262,-20.50137],[-44.71286,-20.48054],[-44.66245,-20.46537],[-44.64354,-20.44695],[-44.6283,-20.40482],[-44.63217,-20.38305],[-44.65469,-20.36418],[-44.65908,-20.33782],[-44.71417,-20.31987],[-44.73028,-20.29686],[-44.74166,-20.26427],[-44.75794,-20.25322],[-44.77467,-20.24881],[-44.81142,-20.27688],[-44.83109,-20.28245],[-44.86772,-20.30663],[-44.89583,-20.27809],[-44.90481,-20.25895]]]},"properties":{"GEOCODIGO":"3116605","NOME":"Cláudio","UF":"MG"}},
{"type":"Feature","geometry":{"type":"Polygon","coordinates":[[[-44.98707,-17.52019],[-44.9814,-17.54898],[-44.99776,-17.57463],[-45.04678,-17.60693],[-45.03588,-17.62719],[-45.03782,-17.65956],[-45.0178,-17.67899],[-45.02048,-17.7001],[-45.00774,-17.72061],[-44.98498,-17.71693],[-44.91901,-17.7311],[-44.88562,-17.74704],[-44.8484,-17.73109],[-44.83431,-17.74657],[-44.78343,-17.7462],[-44.74176,-17.76431],[-44.74484,-17.74532],[-44.73687,-17.716],[-44.70645,-17.69211],[-44.66898,-17.68694],[-44.64843,-17.69157],[-44.64762,-17.76073],[-44.61138,-17.78392],[-44.59598,-17.76696],[-44.59629,-17.73305],[-44.58554,-17.71953],[-44.56048,-17.66204],[-44.56346,-17.6226],[-44.5234,-17.60039],[-44.46667,-17.60553],[-44.47221,-17.59508],[-44.46054,-17.56642],[-44.46623,-17.55089],[-44.45214,-17.52994],[-44.45879,-17.50566],[-44.43482,-17.47229],[-44.43465,-17.45645],[-44.47899,-17.44887],[-44.49979,-17.43239],[-44.51777,-17.40161],[-44.53505,-17.41158],[-44.55427,-17.39891],[-44.57088,-17.35989],[-44.58393,-17.39031],[-44.60145,-17.38911],[-44.62618,-17.36419],[-44.61462,-17.32803],[-44.61816,-17.3153],[-44.65401,-17.28386],[-44.67357,-17.25204],[-44.67357,-17.20132],[-44.67896,-17.18332],[-44.64996,-17.16762],[-44.67638,-17.14469],[-44.68815,-17.1444],[-44.7088,-17.11888],[-44.71043,-17.08897],[-44.75715,-17.07481],[-44.80564,-17.0516],[-44.7916,-17.10882],[-44.82865,-17.12012],[-44.85593,-17.18008],[-44.82851,-17.20239],[-44.8146,-17.2201],[-44.81882,-17.25007],[-44.79604,-17.26878],[-44.77424,-17.27463],[-44.77107,-17.29176],[-44.79506,-17.32489],[-44.79335,-17.35512],[-44.78423,-17.36478],[-44.7839,-17.39654],[-44.75371,-17.41303],[-44.74409,-17.45775],[-44.79912,-17.47594],[-44.82409,-17.49634],[-44.84651,-17.49445],[-44.83867,-17.54571],[-44.85782,-17.55535],[-44.88739,-17.55577],[-44.95287,-17.5476],[-44.98707,-17.52019]]]},"properties":{"GEOCODIGO":"3170800","NOME":"Várzea da Palma","UF":"MG"}},
{"type":"Feature","geometry":{"type":"Polygon","coordinates":[[[-44.88797,-19.91788],[-44.87656,-19.93869],[-44.90703,-19.95183],[-44.88656,-20.03008],[-44.86645,-20.04004],[-44.86082,-20.09013],[-44.84178,-20.07701],[-44.82261,-20.07812],[-44.79547,-20.06189],[-44.77122,-20.06427],[-44.75438,-20.05433],[-44.75942,-20.0346],[-44.7445,-20.0005],[-44.74284,-19.96718],[-44.75186,-19.95213],[-44.77566,-19.95148],[-44.81567,-19.92269],[-44.8157,-19.89081],[-44.8538,-19.85619],[-44.8922,-19.85493],[-44.87642,-19.87251],[-44.86954,-19.9068],[-44.88797,-19.91788]]]},"properties":{"GEOCODIGO":"3161809","NOME":"São Gonçalo do Pará","UF":"MG"}},
{"type":"Feature","geometry":{"type":"Polygon","coordinates":[[[-44.6795,-22.13513],[-44.72252,-22.14904],[-44.71997,-22.17972],[-44.76607,-22.20075],[-44.76098,-22.22215],[-44.72539,-22.22858],[-44.68847,-22.22294],[-44.6745,-22.23642],[-44.65449,-22.22831],[-44.62885,-22.2326],[-44.60664,-22.22597],[-44.57317,-22.20352],[-44.56013,-22.15946],[-44.58357,-22.15322],[-44.60417,-22.16334],[-44.62247,-22.14173],[-44.6506,-22.12847],[-44.6795,-22.13513]]]},"properties":{"GEOCODIGO":"3101300","NOME":"Alagoa","UF":"MG"}},
{"type":"Feature","geometry":{"type":"Polygon","coordinates":[[[-44.81805,-21.39358],[-44.81992,-21.42457],[-44.81044,-21.45129],[-44.81392,-21.46901],[-44.78514,-21.46445],[-44.7634,-21.47794],[-44.76513,-21.44337],[-44.71528,-21.43754],[-44.69489,-21.44453],[-44.63902,-21.44889],[-44.64855,-21.40575],[-44.63705,-21.37933],[-44.60867,-21.37122],[-44.60253,-21.34617],[-44.61783,-21.32788],[-44.61722,-21.29487],[-44.63822,-21.27876],[-44.6555,-21.28219],[-44.66397,-21.26391],[-44.68586,-21.24545],[-44.6953,-21.21831],[-44.7235,-21.22469],[-44.73281,-21.212],[-44.75934,-21.23537],[-44.772,-21.26895],[-44.75086,-21.28482],[-44.7735,-21.36508],[-44.8055,-21.37808],[-44.81805,-21.39358]]]},"properties":{"GEOCODIGO":"3134509","NOME":"Itutinga","UF":"MG"}},
{"type":"Feature","geometry":{"type":"Polygon","coordinates":[[[-44.7634,-21.47794],[-44.75195,-21.48301],[-44.74222,-21.53082],[-44.76675,-21.55104],[-44.78958,-21.54725],[-44.77972,-21.59187],[-44.79269,-21.5965],[-44.78144,-21.61296],[-44.75374,-21.60485],[-44.72572,-21.62471],[-44.70867,-21.6232],[-44.67638,-21.63978],[-44.64967,-21.63861],[-44.6458,-21.62094],[-44.61025,-21.61384],[-44.57902,-21.59138],[-44.54267,-21.58858],[-44.53014,-21.57591],[-44.49669,-21.57653],[-44.49688,-21.56109],[-44.4712,-21.54939],[-44.45647,-21.51857],[-44.45522,-21.47069],[-44.48176,-21.40852],[-44.51353,-21.40745],[-44.52194,-21.39268],[-44.51189,-21.35812],[-44.52886,-21.33522],[-44.54825,-21.33737],[-44.55733,-21.31221],[-44.57432,-21.30926],[-44.58042,-21.32791],[-44.60725,-21.32912],[-44.60253,-21.34617],[-44.60867,-21.37122],[-44.63705,-21.37933],[-44.64855,-21.40575],[-44.63902,-21.44889],[-44.69489,-21.44453],[-44.71528,-21.43754],[-44.76513,-21.44337],[-44.7634,-21.47794]]]},"properties":{"GEOCODIGO":"3114600","NOME":"Carrancas","UF":"MG"}},
{"type":"Feature","geometry":{"type":"Polygon","coordinates":[[[-45.07041,-16.47131],[-45.05372,-16.47059],[-45.03399,-16.45182],[-45.02671,-16.4728],[-44.96368,-16.49274],[-44.97212,-16.54742],[-44.96349,-16.55043],[-44.90312,-16.51347],[-44.85399,-16.47412],[-44.82279,-16.4618],[-44.81724,-16.44966],[-44.7766,-16.43122],[-44.72565,-16.39078],[-44.70458,-16.38114],[-44.6678,-16.33467],[-44.68327,-16.2832],[-44.67166,-16.2075],[-44.72013,-16.17884],[-44.74241,-16.18794],[-44.79309,-16.22299],[-44.84608,-16.26957],[-44.85854,-16.27115],[-44.90968,-16.31407],[-44.93046,-16.31913],[-44.96159,-16.35369],[-44.98657,-16.35433],[-45.04199,-16.38107],[-45.05591,-16.36266],[-45.07298,-16.38377],[-45.05954,-16.41323],[-45.03773,-16.42792],[-45.04899,-16.45238],[-45.07041,-16.47131]]]},"properties":{"GEOCODIGO":"3170008","NOME":"Ubaí","UF":"MG"}},
{"type":"Feature","geometry":{"type":"Polygon","coordinates":[[[-44.75423,-21.85702],[-44.75066,-21.87807],[-44.7586,-21.90203],[-44.75561,-21.93586],[-44.72856,-21.97681],[-44.73208,-21.99178],[-44.70897,-22.0053],[-44.68016,-22.06431],[-44.67443,-22.09112],[-44.6795,-22.13513],[-44.6506,-22.12847],[-44.62247,-22.14173],[-44.60417,-22.16334],[-44.58357,-22.15322],[-44.56013,-22.15946],[-44.54014,-22.12844],[-44.52892,-22.08033],[-44.55183,-22.06875],[-44.54697,-22.05322],[-44.5823,-22.02922],[-44.57747,-21.9954],[-44.55591,-21.96833],[-44.56617,-21.94252],[-44.55824,-21.90436],[-44.60511,-21.86711],[-44.58261,-21.83757],[-44.59314,-21.82455],[-44.62472,-21.81166],[-44.6445,-21.77398],[-44.67297,-21.76286],[-44.69225,-21.74336],[-44.7238,-21.76453],[-44.75155,-21.82594],[-44.75423,-21.85702]]]},"properties":{"GEOCODIGO":"3101201","NOME":"Aiuruoca","UF":"MG"}},
{"type":"Feature","geometry":{"type":"Polygon","coordinates":[[[-45.07899,-16.14057],[-45.06826,-16.17989],[-45.05468,-16.19841],[-45.04816,-16.23933],[-45.06143,-16.30421],[-45.05591,-16.36266],[-45.04199,-16.38107],[-44.98657,-16.35433],[-44.96159,-16.35369],[-44.93046,-16.31913],[-44.90968,-16.31407],[-44.85854,-16.27115],[-44.84608,-16.26957],[-44.79309,-16.22299],[-44.74241,-16.18794],[-44.72013,-16.17884],[-44.69185,-16.16323],[-44.66049,-16.13375],[-44.66557,-16.10804],[-44.68979,-16.09708],[-44.72243,-16.12682],[-44.7489,-16.13569],[-44.75485,-16.15833],[-44.7824,-16.16195],[-44.79029,-16.15188],[-44.81948,-16.1558],[-44.85182,-16.13004],[-44.87002,-16.12784],[-44.88221,-16.14184],[-44.90957,-16.14136],[-44.9766,-16.16251],[-45.05846,-16.13654],[-45.07899,-16.14057]]]},"properties":{"GEOCODIGO":"3130051","NOME":"Icaraí de Minas","UF":"MG"}},
{"type":"Feature","geometry":{"type":"Polygon","coordinates":[[[-44.86082,-20.09013],[-44.82089,-20.11726],[-44.80109,-20.1465],[-44.80239,-20.16571],[-44.75059,-20.23596],[-44.75794,-20.25322],[-44.74166,-20.26427],[-44.73028,-20.29686],[-44.71417,-20.31987],[-44.65908,-20.33782],[-44.63234,-20.32281],[-44.62277,-20.29897],[-44.59159,-20.29572],[-44.56568,-20.27924],[-44.57337,-20.25957],[-44.57016,-20.22455],[-44.58261,-20.20499],[-44.60956,-20.20195],[-44.61895,-20.16374],[-44.66587,-20.12899],[-44.71709,-20.10722],[-44.71785,-20.08502],[-44.75438,-20.05433],[-44.77122,-20.06427],[-44.79547,-20.06189],[-44.82261,-20.07812],[-44.84178,-20.07701],[-44.86082,-20.09013]]]},"properties":{"GEOCODIGO":"3114204","NOME":"Carmo do Cajuru","UF":"MG"}},
{"type":"Feature","geometry":{"type":"Polygon","coordinates":[[[-44.98707,-17.52019],[-44.95287,-17.5476],[-44.88739,-17.55577],[-44.85782,-17.55535],[-44.83867,-17.54571],[-44.84651,-17.49445],[-44.82409,-17.49634],[-44.79912,-17.47594],[-44.74409,-17.45775],[-44.75371,-17.41303],[-44.7839,-17.39654],[-44.78423,-17.36478],[-44.79335,-17.35512],[-44.79506,-17.32489],[-44.77107,-17.29176],[-44.77424,-17.27463],[-44.79604,-17.26878],[-44.81882,-17.25007],[-44.8146,-17.2201],[-44.82851,-17.20239],[-44.84551,-17.21414],[-44.84432,-17.23805],[-44.88165,-17.24643],[-44.89646,-17.26902],[-44.93088,-17.27363],[-44.93073,-17.30839],[-44.95207,-17.33096],[-44.95538,-17.35094],[-44.94028,-17.37628],[-44.94251,-17.41296],[-44.95393,-17.43716],[-44.95404,-17.46723],[-44.97518,-17.49417],[-44.98707,-17.52019]]]},"properties":{"GEOCODIGO":"3151206","NOME":"Pirapora","UF":"MG"}},
{"type":"Feature","geometry":{"type":"Polygon","coordinates":[[[-44.87771,-19.47753],[-44.8545,-19.491],[-44.83722,-19.48799],[-44.80025,-19.54243],[-44.77551,-19.5407],[-44.78614,-19.48431],[-44.76573,-19.48713],[-44.75831,-19.5019],[-44.71217,-19.49915],[-44.72028,-19.45744],[-44.70673,-19.42957],[-44.6844,-19.41383],[-44.64684,-19.41666],[-44.63792,-19.43971],[-44.61658,-19.42598],[-44.57326,-19.43799],[-44.55439,-19.43059],[-44.55017,-19.4269],[-44.54606,-19.4032],[-44.5252,-19.38109],[-44.5472,-19.35728],[-44.56417,-19.32267],[-44.62067,-19.26967],[-44.62678,-19.24556],[-44.65242,-19.22625],[-44.69484,-19.20612],[-44.71628,-19.23913],[-44.71573,-19.25595],[-44.73765,-19.27399],[-44.74073,-19.32493],[-44.75248,-19.35468],[-44.77028,-19.35437],[-44.79386,-19.37111],[-44.79776,-19.40131],[-44.81221,-19.42918],[-44.83986,-19.45654],[-44.87771,-19.47753]]]},"properties":{"GEOCODIGO":"3146909","NOME":"Papagaios","UF":"MG"}},
{"type":"Feature","geometry":{"type":"Polygon","coordinates":[[[-45.01576,-16.75605],[-45.00252,-16.769],[-44.93071,-16.80983],[-44.9183,-16.8466],[-44.92084,-16.88312],[-44.91243,-16.91299],[-44.88713,-16.91316],[-44.87521,-16.92683],[-44.87324,-16.96968],[-44.83965,-16.99118],[-44.82187,-16.98341],[-44.77365,-16.98044],[-44.74032,-16.96378],[-44.73492,-16.95353],[-44.69771,-16.93166],[-44.65362,-16.92317],[-44.60851,-16.88086],[-44.63223,-16.8505],[-44.61443,-16.81912],[-44.62543,-16.77723],[-44.64204,-16.77759],[-44.68563,-16.79891],[-44.68654,-16.7776],[-44.67296,-16.73782],[-44.68145,-16.71881],[-44.67424,-16.67914],[-44.7091,-16.67441],[-44.73459,-16.69684],[-44.79304,-16.73645],[-44.80485,-16.71378],[-44.78337,-16.6967],[-44.80388,-16.68566],[-44.81904,-16.69611],[-44.85321,-16.69789],[-44.93915,-16.73801],[-44.96729,-16.73648],[-45.01576,-16.75605]]]},"properties":{"GEOCODIGO":"3129608","NOME":"Ibiaí","UF":"MG"}},
{"type":"Feature","geometry":{"type":"Polygon","coordinates":[[[-44.83756,-19.73446],[-44.81923,-19.74024],[-44.82003,-19.76326],[-44.78048,-19.7711],[-44.72494,-19.78951],[-44.69872,-19.78351],[-44.6677,-19.74032],[-44.63692,-19.72879],[-44.63964,-19.71212],[-44.6647,-19.66146],[-44.69942,-19.64485],[-44.72534,-19.61331],[-44.75503,-19.60545],[-44.7677,-19.62413],[-44.74878,-19.66698],[-44.75353,-19.68278],[-44.78533,-19.66439],[-44.81549,-19.66408],[-44.82664,-19.71721],[-44.83756,-19.73446]]]},"properties":{"GEOCODIGO":"3145802","NOME":"Onça de Pitangui","UF":"MG"}},
{"type":"Feature","geometry":{"type":"Polygon","coordinates":[[[-44.66606,-22.3727],[-44.65065,-22.36977],[-44.62175,-22.33189],[-44.58862,-22.31992],[-44.56127,-22.33],[-44.53278,-22.32994],[-44.46295,-22.27583],[-44.45283,-22.25766],[-44.43371,-22.25122],[-44.39437,-22.25842],[-44.35983,-22.25219],[-44.34078,-22.2183],[-44.35545,-22.19301],[-44.32919,-22.17523],[-44.31986,-22.1558],[-44.3318,-22.11728],[-44.34969,-22.10631],[-44.38054,-22.10729],[-44.40332,-22.11592],[-44.43023,-22.1154],[-44.45721,-22.11381],[-44.50291,-22.13464],[-44.54014,-22.12844],[-44.56013,-22.15946],[-44.57317,-22.20352],[-44.60664,-22.22597],[-44.59769,-22.25541],[-44.61205,-22.28625],[-44.63782,-22.29701],[-44.66619,-22.32031],[-44.65366,-22.36449],[-44.66606,-22.3727]]]},"properties":{"GEOCODIGO":"3107208","NOME":"Bocaina de Minas","UF":"MG"}},
{"type":"Feature","geometry":{"type":"Polygon","coordinates":[[[-44.8157,-19.89081],[-44.81567,-19.92269],[-44.77566,-19.95148],[-44.75186,-19.95213],[-44.74284,-19.96718],[-44.7445,-20.0005],[-44.75942,-20.0346],[-44.75438,-20.05433],[-44.71785,-20.08502],[-44.70944,-20.027],[-44.69305,-19.99522],[-44.66036,-19.98716],[-44.61201,-19.95559],[-44.62022,-19.93597],[-44.64228,-19.93303],[-44.66325,-19.89289],[-44.69106,-19.87146],[-44.708,-19.88535],[-44.73953,-19.89726],[-44.78079,-19.86666],[-44.8157,-19.89081]]]},"properties":{"GEOCODIGO":"3130200","NOME":"Igaratinga","UF":"MG"}},
{"type":"Feature","geometry":{"type":"Polygon","coordinates":[[[-44.77633,-20.53951],[-44.76736,-20.59497],[-44.75281,-20.60947],[-44.72922,-20.61397],[-44.69587,-20.63406],[-44.685,-20.65041],[-44.69153,-20.6756],[-44.664,-20.70245],[-44.63261,-20.70148],[-44.61005,-20.68973],[-44.61659,-20.67646],[-44.58949,-20.64507],[-44.59019,-20.61121],[-44.60056,-20.60298],[-44.57162,-20.56981],[-44.57311,-20.54701],[-44.54392,-20.51536],[-44.543,-20.48243],[-44.58255,-20.46546],[-44.6283,-20.40482],[-44.64354,-20.44695],[-44.66245,-20.46537],[-44.71286,-20.48054],[-44.7262,-20.50137],[-44.70831,-20.5118],[-44.70019,-20.53741],[-44.74067,-20.55554],[-44.77633,-20.53951]]]},"properties":{"GEOCODIGO":"3114501","NOME":"Carmópolis de Minas","UF":"MG"}},
{"type":"Feature","geometry":{"type":"Polygon","coordinates":[[[-44.67638,-21.63978],[-44.69192,-21.65961],[-44.68,-21.67629],[-44.70339,-21.71554],[-44.69225,-21.74336],[-44.67297,-21.76286],[-44.6445,-21.77398],[-44.60467,-21.74928],[-44.58087,-21.75223],[-44.58602,-21.68732],[-44.56596,-21.6514],[-44.54674,-21.65163],[-44.53566,-21.63247],[-44.50647,-21.6071],[-44.49669,-21.57653],[-44.53014,-21.57591],[-44.54267,-21.58858],[-44.57902,-21.59138],[-44.61025,-21.61384],[-44.6458,-21.62094],[-44.64967,-21.63861],[-44.67638,-21.63978]]]},"properties":{"GEOCODIGO":"3141900","NOME":"Minduri","UF":"MG"}},
{"type":"Feature","geometry":{"type":"Polygon","coordinates":[[[-44.73281,-21.212],[-44.7235,-21.22469],[-44.6953,-21.21831],[-44.68586,-21.24545],[-44.66397,-21.26391],[-44.6555,-21.28219],[-44.63822,-21.27876],[-44.61722,-21.29487],[-44.61783,-21.32788],[-44.60253,-21.34617],[-44.60725,-21.32912],[-44.58042,-21.32791],[-44.57432,-21.30926],[-44.52869,-21.28124],[-44.50797,-21.27928],[-44.51472,-21.23999],[-44.53689,-21.24061],[-44.57183,-21.20656],[-44.56725,-21.1562],[-44.55847,-21.13725],[-44.5767,-21.12214],[-44.58017,-21.10266],[-44.59817,-21.08711],[-44.62034,-21.09691],[-44.63447,-21.08722],[-44.6605,-21.09788],[-44.67011,-21.11576],[-44.69605,-21.12073],[-44.70261,-21.13615],[-44.68909,-21.16123],[-44.71087,-21.18404],[-44.70761,-21.19655],[-44.73281,-21.212]]]},"properties":{"GEOCODIGO":"3144508","NOME":"Nazareno","UF":"MG"}},
{"type":"Feature","geometry":{"type":"Polygon","coordinates":[[[-44.97212,-16.54742],[-44.95172,-16.55813],[-44.94206,-16.57699],[-44.90318,-16.60226],[-44.8571,-16.57977],[-44.83579,-16.55557],[-44.7986,-16.52975],[-44.79907,-16.59748],[-44.82798,-16.60905],[-44.81227,-16.64842],[-44.79801,-16.6471],[-44.77457,-16.61587],[-44.67887,-16.545],[-44.67524,-16.53403],[-44.64418,-16.5213],[-44.61154,-16.52289],[-44.58743,-16.49493],[-44.5898,-16.4766],[-44.62849,-16.45509],[-44.63768,-16.42153],[-44.6659,-16.41893],[-44.67207,-16.40112],[-44.70458,-16.38114],[-44.72565,-16.39078],[-44.7766,-16.43122],[-44.81724,-16.44966],[-44.82279,-16.4618],[-44.85399,-16.47412],[-44.90312,-16.51347],[-44.96349,-16.55043],[-44.97212,-16.54742]]]},"properties":{"GEOCODIGO":"3111150","NOME":"Campo Azul","UF":"MG"}},
{"type":"Feature","geometry":{"type":"Polygon","coordinates":[[[-44.73485,-18.1394],[-44.73079,-18.15],[-44.75162,-18.17022],[-44.76597,-18.16342],[-44.78712,-18.17258],[-44.8151,-18.21346],[-44.83523,-18.23052],[-44.80984,-18.29878],[-44.82692,-18.30959],[-44.83054,-18.34082],[-44.84231,-18.36576],[-44.83932,-18.39891],[-44.85598,-18.41414],[-44.86603,-18.45776],[-44.84287,-18.48178],[-44.85695,-18.49612],[-44.84611,-18.5422],[-44.85151,-18.54841],[-44.85778,-18.57137],[-44.82873,-18.58976],[-44.80684,-18.62906],[-44.8049,-18.65088],[-44.82195,-18.65847],[-44.74545,-18.67787],[-44.70329,-18.63147],[-44.70423,-18.61469],[-44.68856,-18.56526],[-44.67271,-18.54324],[-44.63118,-18.52642],[-44.60662,-18.50648],[-44.58884,-18.51649],[-44.5699,-18.56148],[-44.5429,-18.56309],[-44.54001,-18.59107],[-44.51731,-18.61849],[-44.4976,-18.58248],[-44.44682,-18.5475],[-44.45731,-18.52589],[-44.43551,-18.48866],[-44.42974,-18.44702],[-44.40918,-18.42599],[-44.406,-18.38312],[-44.38487,-18.36086],[-44.36964,-18.33169],[-44.34656,-18.33006],[-44.32762,-18.30712],[-44.33404,-18.28727],[-44.31523,-18.27613],[-44.31281,-18.23185],[-44.36898,-18.20627],[-44.39043,-18.18741],[-44.43053,-18.20955],[-44.46369,-18.19237],[-44.44749,-18.16119],[-44.47704,-18.11307],[-44.50268,-18.09511],[-44.483,-18.0739],[-44.49657,-18.0627],[-44.53651,-18.06036],[-44.54409,-18.05186],[-44.53154,-18.00273],[-44.54957,-17.96206],[-44.57173,-17.99492],[-44.58512,-17.98695],[-44.61176,-18.00811],[-44.60367,-18.02314],[-44.62112,-18.05469],[-44.66304,-18.07258],[-44.6887,-18.07181],[-44.70798,-18.08685],[-44.71465,-18.10728],[-44.73206,-18.12132],[-44.73485,-18.1394]]]},"properties":{"GEOCODIGO":"3119104","NOME":"Corinto","UF":"MG"}},
{"type":"Feature","geometry":{"type":"Polygon","coordinates":[[[-44.78048,-19.7711],[-44.77325,-19.79158],[-44.78481,-19.80372],[-44.78079,-19.86666],[-44.73953,-19.89726],[-44.708,-19.88535],[-44.69106,-19.87146],[-44.66325,-19.89289],[-44.64228,-19.93303],[-44.62022,-19.93597],[-44.59853,-19.95662],[-44.55648,-19.97444],[-44.54178,-19.9671],[-44.52723,-19.95295],[-44.52492,-19.91371],[-44.51687,-19.89348],[-44.51569,-19.86079],[-44.48172,-19.83578],[-44.4845,-19.81576],[-44.46704,-19.81145],[-44.44247,-19.78203],[-44.44333,-19.76518],[-44.43959,-19.73685],[-44.46673,-19.72501],[-44.47409,-19.70675],[-44.49916,-19.70574],[-44.51755,-19.73223],[-44.57627,-19.78779],[-44.59895,-19.79464],[-44.61965,-19.76327],[-44.61853,-19.7355],[-44.63692,-19.72879],[-44.6677,-19.74032],[-44.69872,-19.78351],[-44.72494,-19.78951],[-44.78048,-19.7711]]]},"properties":{"GEOCODIGO":"3147105","NOME":"Pará de Minas","UF":"MG"}},
{"type":"Feature","geometry":{"type":"Polygon","coordinates":[[[-44.55439,-19.43059],[-44.57326,-19.43799],[-44.61658,-19.42598],[-44.63792,-19.43971],[-44.64684,-19.41666],[-44.6844,-19.41383],[-44.70673,-19.42957],[-44.72028,-19.45744],[-44.71217,-19.49915],[-44.75831,-19.5019],[-44.76573,-19.48713],[-44.78614,-19.48431],[-44.77551,-19.5407],[-44.75121,-19.56536],[-44.75503,-19.60545],[-44.72534,-19.61331],[-44.71584,-19.59539],[-44.72128,-19.5702],[-44.68289,-19.55345],[-44.6508,-19.55642],[-44.61248,-19.52802],[-44.56888,-19.52683],[-44.55787,-19.53675],[-44.55531,-19.51738],[-44.57623,-19.5158],[-44.57365,-19.48281],[-44.58087,-19.45255],[-44.56514,-19.45284],[-44.55439,-19.43059]]]},"properties":{"GEOCODIGO":"3139706","NOME":"Maravilhas","UF":"MG"}},
{"type":"Feature","geometry":{"type":"Polygon","coordinates":[[[-44.70967,-20.84838],[-44.69683,-20.86845],[-44.65859,-20.90102],[-44.66594,-20.95005],[-44.66183,-20.98942],[-44.64343,-21.00821],[-44.63451,-21.04781],[-44.62406,-21.05141],[-44.62034,-21.09691],[-44.59817,-21.08711],[-44.58017,-21.10266],[-44.534,-21.07836],[-44.5118,-21.0791],[-44.48213,-21.04406],[-44.49259,-21.0349],[-44.48142,-21.01255],[-44.47991,-20.96044],[-44.44574,-20.90762],[-44.44633,-20.88166],[-44.45803,-20.84177],[-44.44845,-20.78642],[-44.47628,-20.79321],[-44.48272,-20.80698],[-44.51675,-20.83346],[-44.54892,-20.81924],[-44.5605,-20.80466],[-44.59925,-20.82182],[-44.61705,-20.81451],[-44.64308,-20.83914],[-44.65733,-20.86507],[-44.70967,-20.84838]]]},"properties":{"GEOCODIGO":"3165008","NOME":"São Tiago","UF":"MG"}},
{"type":"Feature","geometry":{"type":"Polygon","coordinates":[[[-44.6445,-21.77398],[-44.62472,-21.81166],[-44.59314,-21.82455],[-44.58261,-21.83757],[-44.60511,-21.86711],[-44.55824,-21.90436],[-44.51916,-21.89646],[-44.48977,-21.90536],[-44.48411,-21.89264],[-44.45335,-21.86892],[-44.44191,-21.87275],[-44.43807,-21.84841],[-44.45689,-21.81221],[-44.45969,-21.79285],[-44.49244,-21.78977],[-44.53239,-21.78412],[-44.54519,-21.76958],[-44.5718,-21.77357],[-44.58087,-21.75223],[-44.60467,-21.74928],[-44.6445,-21.77398]]]},"properties":{"GEOCODIGO":"3167004","NOME":"Serranos","UF":"MG"}},
{"type":"Feature","geometry":{"type":"Polygon","coordinates":[[[-44.82195,-18.65847],[-44.80301,-18.68972],[-44.76754,-18.70691],[-44.75404,-18.72527],[-44.71306,-18.70408],[-44.69923,-18.70781],[-44.66853,-18.73614],[-44.65731,-18.72715],[-44.63189,-18.73586],[-44.61509,-18.72341],[-44.60871,-18.70235],[-44.58754,-18.69581],[-44.5717,-18.67133],[-44.5367,-18.6546],[-44.45759,-18.64964],[-44.4602,-18.63055],[-44.51731,-18.61849],[-44.54001,-18.59107],[-44.5429,-18.56309],[-44.5699,-18.56148],[-44.58884,-18.51649],[-44.60662,-18.50648],[-44.63118,-18.52642],[-44.67271,-18.54324],[-44.68856,-18.56526],[-44.70423,-18.61469],[-44.70329,-18.63147],[-44.74545,-18.67787],[-44.82195,-18.65847]]]},"properties":{"GEOCODIGO":"3143609","NOME":"Morro da Garça","UF":"MG"}},
{"type":"Feature","geometry":{"type":"Polygon","coordinates":[[[-44.78028,-18.87326],[-44.7828,-18.92515],[-44.76279,-18.93394],[-44.75876,-18.96281],[-44.78364,-18.95346],[-44.78651,-18.97509],[-44.74839,-18.98675],[-44.74528,-19.01031],[-44.68534,-19.05701],[-44.70908,-19.10897],[-44.68923,-19.13813],[-44.70242,-19.15484],[-44.68237,-19.1773],[-44.69484,-19.20612],[-44.65242,-19.22625],[-44.62361,-19.22715],[-44.56979,-19.20154],[-44.54267,-19.1707],[-44.4865,-19.1609],[-44.46067,-19.16929],[-44.45117,-19.14173],[-44.43595,-19.14563],[-44.40859,-19.12919],[-44.39342,-19.11736],[-44.37826,-19.07705],[-44.34262,-19.07102],[-44.30447,-19.02548],[-44.27545,-19.01392],[-44.26461,-18.98455],[-44.21817,-18.95146],[-44.18889,-18.94768],[-44.15517,-18.95741],[-44.12053,-18.94566],[-44.07384,-18.91488],[-44.12103,-18.88981],[-44.13637,-18.85627],[-44.13148,-18.83364],[-44.15242,-18.80652],[-44.15795,-18.76723],[-44.19731,-18.74378],[-44.21019,-18.74758],[-44.23692,-18.78773],[-44.28755,-18.80406],[-44.26879,-18.82518],[-44.28395,-18.85452],[-44.30528,-18.86675],[-44.32595,-18.89332],[-44.35798,-18.90409],[-44.37004,-18.92706],[-44.3852,-18.92178],[-44.36656,-18.8952],[-44.37603,-18.8768],[-44.37207,-18.8348],[-44.37845,-18.80776],[-44.39248,-18.7898],[-44.39089,-18.74746],[-44.3807,-18.74127],[-44.37373,-18.62381],[-44.32245,-18.61836],[-44.30345,-18.60404],[-44.27559,-18.61543],[-44.24164,-18.60131],[-44.21959,-18.58234],[-44.1797,-18.56413],[-44.17933,-18.50717],[-44.19893,-18.48061],[-44.18562,-18.4461],[-44.19212,-18.41422],[-44.23259,-18.39981],[-44.27073,-18.36081],[-44.26159,-18.32975],[-44.30017,-18.31658],[-44.29593,-18.29314],[-44.31523,-18.27613],[-44.33404,-18.28727],[-44.32762,-18.30712],[-44.34656,-18.33006],[-44.36964,-18.33169],[-44.38487,-18.36086],[-44.406,-18.38312],[-44.40918,-18.42599],[-44.42974,-18.44702],[-44.43551,-18.48866],[-44.45731,-18.52589],[-44.44682,-18.5475],[-44.4976,-18.58248],[-44.51731,-18.61849],[-44.4602,-18.63055],[-44.45759,-18.64964],[-44.5367,-18.6546],[-44.5717,-18.67133],[-44.58754,-18.69581],[-44.60871,-18.70235],[-44.61509,-18.72341],[-44.63189,-18.73586],[-44.65731,-18.72715],[-44.66853,-18.73614],[-44.65381,-18.77446],[-44.66321,-18.79504],[-44.69311,-18.8093],[-44.71912,-18.8453],[-44.76706,-18.86074],[-44.78028,-18.87326]]]},"properties":{"GEOCODIGO":"3120904","NOME":"Curvelo","UF":"MG"}},
{"type":"Feature","geometry":{"type":"Polygon","coordinates":[[[-44.71785,-20.08502],[-44.71709,-20.10722],[-44.66587,-20.12899],[-44.61895,-20.16374],[-44.60956,-20.20195],[-44.58261,-20.20499],[-44.57016,-20.22455],[-44.54923,-20.20184],[-44.54486,-20.16723],[-44.50759,-20.16974],[-44.48934,-20.15313],[-44.47467,-20.16875],[-44.4452,-20.14744],[-44.47795,-20.09962],[-44.47642,-20.08119],[-44.49742,-20.07435],[-44.50725,-20.03287],[-44.49825,-20.0128],[-44.51595,-19.99651],[-44.51362,-19.98302],[-44.54178,-19.9671],[-44.55648,-19.97444],[-44.59853,-19.95662],[-44.62022,-19.93597],[-44.61201,-19.95559],[-44.66036,-19.98716],[-44.69305,-19.99522],[-44.70944,-20.027],[-44.71785,-20.08502]]]},"properties":{"GEOCODIGO":"3133808","NOME":"Itaúna","UF":"MG"}},
{"type":"Feature","geometry":{"type":"Polygon","coordinates":[[[-44.55591,-21.96833],[-44.57747,-21.9954],[-44.5823,-22.02922],[-44.54697,-22.05322],[-44.55183,-22.06875],[-44.52892,-22.08033],[-44.54014,-22.12844],[-44.50291,-22.13464],[-44.45721,-22.11381],[-44.43023,-22.1154],[-44.43652,-22.0673],[-44.42036,-22.05054],[-44.42785,-22.0361],[-44.40374,-21.99584],[-44.4091,-21.97429],[-44.3843,-21.95934],[-44.37966,-21.94121],[-44.39597,-21.95691],[-44.44247,-21.9591],[-44.4533,-21.9369],[-44.48269,-21.91997],[-44.51399,-21.92774],[-44.55591,-21.96833]]]},"properties":{"GEOCODIGO":"3114808","NOME":"Carvalhos","UF":"MG"}},
{"type":"Feature","geometry":{"type":"Polygon","coordinates":[[[-44.72534,-19.61331],[-44.69942,-19.64485],[-44.6647,-19.66146],[-44.63964,-19.71212],[-44.6365,-19.69566],[-44.60269,-19.66904],[-44.56489,-19.60371],[-44.54576,-19.585],[-44.58178,-19.55427],[-44.55787,-19.53675],[-44.56888,-19.52683],[-44.61248,-19.52802],[-44.6508,-19.55642],[-44.68289,-19.55345],[-44.72128,-19.5702],[-44.71584,-19.59539],[-44.72534,-19.61331]]]},"properties":{"GEOCODIGO":"3149606","NOME":"Pequi","UF":"MG"}},
{"type":"Feature","geometry":{"type":"Polygon","coordinates":[[[-44.49669,-21.57653],[-44.50647,-21.6071],[-44.53566,-21.63247],[-44.54674,-21.65163],[-44.56596,-21.6514],[-44.58602,-21.68732],[-44.58087,-21.75223],[-44.5718,-21.77357],[-44.54519,-21.76958],[-44.53239,-21.78412],[-44.49244,-21.78977],[-44.4981,-21.76953],[-44.45818,-21.73231],[-44.44101,-21.74068],[-44.42149,-21.71257],[-44.3803,-21.70624],[-44.34956,-21.68756],[-44.35603,-21.66199],[-44.37994,-21.65863],[-44.38303,-21.6395],[-44.39977,-21.62123],[-44.4028,-21.60063],[-44.38649,-21.58634],[-44.42578,-21.55482],[-44.42444,-21.53215],[-44.45647,-21.51857],[-44.4712,-21.54939],[-44.49688,-21.56109],[-44.49669,-21.57653]]]},"properties":{"GEOCODIGO":"3165305","NOME":"São Vicente de Minas","UF":"MG"}},
{"type":"Feature","geometry":{"type":"Polygon","coordinates":[[[-44.55824,-21.90436],[-44.56617,-21.94252],[-44.55591,-21.96833],[-44.51399,-21.92774],[-44.48269,-21.91997],[-44.4533,-21.9369],[-44.44247,-21.9591],[-44.39597,-21.95691],[-44.37966,-21.94121],[-44.38164,-21.91248],[-44.40063,-21.86695],[-44.42169,-21.87644],[-44.44191,-21.87275],[-44.45335,-21.86892],[-44.48411,-21.89264],[-44.48977,-21.90536],[-44.51916,-21.89646],[-44.55824,-21.90436]]]},"properties":{"GEOCODIGO":"3166402","NOME":"Seritinga","UF":"MG"}},
{"type":"Feature","geometry":{"type":"Polygon","coordinates":[[[-44.65908,-20.33782],[-44.65469,-20.36418],[-44.63217,-20.38305],[-44.6283,-20.40482],[-44.58255,-20.46546],[-44.543,-20.48243],[-44.53373,-20.48626],[-44.48917,-20.45134],[-44.462,-20.44107],[-44.44686,-20.44551],[-44.40698,-20.42674],[-44.4267,-20.41159],[-44.42231,-20.3799],[-44.43736,-20.34656],[-44.44741,-20.30749],[-44.43554,-20.29176],[-44.493,-20.29057],[-44.50478,-20.26589],[-44.52075,-20.25544],[-44.54719,-20.28407],[-44.56568,-20.27924],[-44.59159,-20.29572],[-44.62277,-20.29897],[-44.63234,-20.32281],[-44.65908,-20.33782]]]},"properties":{"GEOCODIGO":"3132206","NOME":"Itaguara","UF":"MG"}},
{"type":"Feature","geometry":{"type":"Polygon","coordinates":[[[-44.83965,-16.99118],[-44.80604,-17.02161],[-44.80564,-17.0516],[-44.75715,-17.07481],[-44.71043,-17.08897],[-44.7088,-17.11888],[-44.68815,-17.1444],[-44.67638,-17.14469],[-44.64996,-17.16762],[-44.61715,-17.12915],[-44.60999,-17.10494],[-44.57401,-17.07661],[-44.56885,-17.04546],[-44.53601,-17.03484],[-44.48066,-16.99346],[-44.49846,-16.97777],[-44.5138,-16.93601],[-44.5664,-16.85804],[-44.60851,-16.88086],[-44.65362,-16.92317],[-44.69771,-16.93166],[-44.73492,-16.95353],[-44.74032,-16.96378],[-44.77365,-16.98044],[-44.82187,-16.98341],[-44.83965,-16.99118]]]},"properties":{"GEOCODIGO":"3137304","NOME":"Lagoa dos Patos","UF":"MG"}},
{"type":"Feature","geometry":{"type":"Polygon","coordinates":[[[-44.85321,-16.69789],[-44.81904,-16.69611],[-44.80388,-16.68566],[-44.78337,-16.6967],[-44.80485,-16.71378],[-44.79304,-16.73645],[-44.73459,-16.69684],[-44.7091,-16.67441],[-44.67424,-16.67914],[-44.68145,-16.71881],[-44.67296,-16.73782],[-44.68654,-16.7776],[-44.68563,-16.79891],[-44.64204,-16.77759],[-44.62543,-16.77723],[-44.61443,-16.81912],[-44.63223,-16.8505],[-44.60851,-16.88086],[-44.5664,-16.85804],[-44.54273,-16.84508],[-44.49514,-16.84584],[-44.42834,-16.8322],[-44.41082,-16.80057],[-44.40009,-16.80149],[-44.35512,-16.78281],[-44.33262,-16.79008],[-44.29524,-16.76916],[-44.30329,-16.73726],[-44.30154,-16.70877],[-44.31501,-16.69118],[-44.29526,-16.66184],[-44.2546,-16.6623],[-44.22909,-16.64006],[-44.21736,-16.65881],[-44.21379,-16.69267],[-44.17425,-16.72128],[-44.14551,-16.72787],[-44.12615,-16.67057],[-44.10631,-16.64243],[-44.10512,-16.60509],[-44.08256,-16.60477],[-44.05607,-16.61902],[-44.02054,-16.59015],[-44.00637,-16.54935],[-43.98157,-16.53242],[-43.96987,-16.50209],[-43.97738,-16.47485],[-43.99542,-16.45311],[-44.01895,-16.44663],[-44.06449,-16.4902],[-44.09144,-16.48488],[-44.10707,-16.46221],[-44.13235,-16.46118],[-44.14474,-16.43732],[-44.16312,-16.43199],[-44.2064,-16.4006],[-44.21066,-16.39056],[-44.24455,-16.39428],[-44.25323,-16.38492],[-44.28373,-16.39064],[-44.30894,-16.36112],[-44.32696,-16.34944],[-44.3889,-16.38357],[-44.44409,-16.40947],[-44.47276,-16.44177],[-44.41884,-16.47866],[-44.42871,-16.48344],[-44.43357,-16.5243],[-44.41705,-16.5312],[-44.40782,-16.56969],[-44.43409,-16.60109],[-44.43985,-16.63012],[-44.47129,-16.63471],[-44.47846,-16.66076],[-44.52915,-16.66002],[-44.58798,-16.63046],[-44.59202,-16.61824],[-44.65133,-16.58305],[-44.67887,-16.545],[-44.77457,-16.61587],[-44.79801,-16.6471],[-44.81227,-16.64842],[-44.8516,-16.67706],[-44.85321,-16.69789]]]},"properties":{"GEOCODIGO":"3118809","NOME":"Coração de Jesus","UF":"MG"}},
{"type":"Feature","geometry":{"type":"Polygon","coordinates":[[[-44.57432,-21.30926],[-44.55733,-21.31221],[-44.54825,-21.33737],[-44.52886,-21.33522],[-44.51189,-21.35812],[-44.52194,-21.39268],[-44.51353,-21.40745],[-44.48176,-21.40852],[-44.44381,-21.39641],[-44.41809,-21.41182],[-44.3651,-21.40875],[-44.34897,-21.39298],[-44.26094,-21.37029],[-44.24179,-21.3779],[-44.20814,-21.37713],[-44.19969,-21.39002],[-44.15536,-21.38399],[-44.11556,-21.40307],[-44.10911,-21.42485],[-44.08934,-21.43531],[-44.0748,-21.41344],[-44.05471,-21.40754],[-44.03366,-21.38182],[-44.006,-21.36339],[-44.02525,-21.34121],[-44.0113,-21.30718],[-44.01127,-21.28392],[-44.02462,-21.25955],[-44.02291,-21.24196],[-44.03846,-21.24699],[-44.0506,-21.22162],[-44.08722,-21.20226],[-44.11869,-21.19609],[-44.1211,-21.17857],[-44.1658,-21.13356],[-44.20028,-21.12237],[-44.22694,-21.12767],[-44.2315,-21.11953],[-44.20526,-21.11581],[-44.2095,-21.08887],[-44.22477,-21.07482],[-44.26172,-21.08226],[-44.27449,-21.05727],[-44.28722,-21.04376],[-44.33389,-21.07129],[-44.385,-21.08866],[-44.40964,-21.08962],[-44.41992,-21.08925],[-44.41866,-21.14464],[-44.42571,-21.17869],[-44.46135,-21.20528],[-44.46414,-21.23052],[-44.51472,-21.23999],[-44.50797,-21.27928],[-44.52869,-21.28124],[-44.57432,-21.30926]]]},"properties":{"GEOCODIGO":"3162500","NOME":"São João Del Rei","UF":"MG"}},
{"type":"Feature","geometry":{"type":"Polygon","coordinates":[[[-44.58017,-21.10266],[-44.5767,-21.12214],[-44.55847,-21.13725],[-44.56725,-21.1562],[-44.57183,-21.20656],[-44.53689,-21.24061],[-44.51472,-21.23999],[-44.46414,-21.23052],[-44.46135,-21.20528],[-44.42571,-21.17869],[-44.41866,-21.14464],[-44.41992,-21.08925],[-44.40964,-21.08962],[-44.42938,-21.07007],[-44.43441,-21.05003],[-44.48213,-21.04406],[-44.5118,-21.0791],[-44.534,-21.07836],[-44.58017,-21.10266]]]},"properties":{"GEOCODIGO":"3115201","NOME":"Conceição da Barra de Minas","UF":"MG"}},
{"type":"Feature","geometry":{"type":"Polygon","coordinates":[[[-44.54392,-20.51536],[-44.57311,-20.54701],[-44.57162,-20.56981],[-44.60056,-20.60298],[-44.59019,-20.61121],[-44.58949,-20.64507],[-44.59011,-20.66505],[-44.57773,-20.69269],[-44.58144,-20.70792],[-44.54969,-20.74401],[-44.52239,-20.75191],[-44.50475,-20.74548],[-44.48546,-20.76392],[-44.46769,-20.76728],[-44.44845,-20.78642],[-44.42708,-20.75646],[-44.42203,-20.7126],[-44.4185,-20.69876],[-44.39191,-20.68502],[-44.40358,-20.6679],[-44.36208,-20.63856],[-44.35708,-20.608],[-44.39573,-20.59908],[-44.408,-20.56894],[-44.42861,-20.57836],[-44.44997,-20.57379],[-44.46483,-20.58935],[-44.48931,-20.56981],[-44.50445,-20.54787],[-44.5027,-20.53134],[-44.54392,-20.51536]]]},"properties":{"GEOCODIGO":"3147709","NOME":"Passa Tempo","UF":"MG"}},
{"type":"Feature","geometry":{"type":"Polygon","coordinates":[[[-44.63964,-19.71212],[-44.63692,-19.72879],[-44.61853,-19.7355],[-44.61965,-19.76327],[-44.59895,-19.79464],[-44.57627,-19.78779],[-44.51755,-19.73223],[-44.49916,-19.70574],[-44.49955,-19.68366],[-44.48106,-19.67583],[-44.49722,-19.64042],[-44.48937,-19.61943],[-44.52353,-19.60529],[-44.56489,-19.60371],[-44.60269,-19.66904],[-44.6365,-19.69566],[-44.63964,-19.71212]]]},"properties":{"GEOCODIGO":"3163102","NOME":"São José da Varginha","UF":"MG"}},
{"type":"Feature","geometry":{"type":"Polygon","coordinates":[[[-44.65242,-19.22625],[-44.62678,-19.24556],[-44.62067,-19.26967],[-44.56417,-19.32267],[-44.5472,-19.35728],[-44.5252,-19.38109],[-44.54606,-19.4032],[-44.55017,-19.4269],[-44.54189,-19.42814],[-44.5018,-19.42874],[-44.46,-19.40911],[-44.42492,-19.40154],[-44.42564,-19.35712],[-44.44583,-19.34511],[-44.46237,-19.35876],[-44.48489,-19.35196],[-44.48394,-19.29685],[-44.45103,-19.27569],[-44.43148,-19.27465],[-44.40875,-19.2951],[-44.37901,-19.28781],[-44.35861,-19.3127],[-44.35028,-19.34812],[-44.33384,-19.35205],[-44.33046,-19.3713],[-44.31342,-19.37495],[-44.29954,-19.40322],[-44.30087,-19.35111],[-44.30812,-19.32781],[-44.28117,-19.31796],[-44.27215,-19.3398],[-44.26536,-19.30654],[-44.25295,-19.29672],[-44.24234,-19.26432],[-44.29834,-19.24252],[-44.32398,-19.22203],[-44.36637,-19.22997],[-44.38516,-19.20157],[-44.38673,-19.17179],[-44.40859,-19.12919],[-44.43595,-19.14563],[-44.45117,-19.14173],[-44.46067,-19.16929],[-44.4865,-19.1609],[-44.54267,-19.1707],[-44.56979,-19.20154],[-44.62361,-19.22715],[-44.65242,-19.22625]]]},"properties":{"GEOCODIGO":"3147402","NOME":"Paraopeba","UF":"MG"}},
{"type":"Feature","geometry":{"type":"Polygon","coordinates":[[[-44.38649,-21.58634],[-44.4028,-21.60063],[-44.39977,-21.62123],[-44.38303,-21.6395],[-44.37994,-21.65863],[-44.35603,-21.66199],[-44.34956,-21.68756],[-44.3803,-21.70624],[-44.42149,-21.71257],[-44.44101,-21.74068],[-44.45818,-21.73231],[-44.4981,-21.76953],[-44.49244,-21.78977],[-44.45969,-21.79285],[-44.45689,-21.81221],[-44.43807,-21.84841],[-44.44191,-21.87275],[-44.42169,-21.87644],[-44.40063,-21.86695],[-44.38274,-21.87366],[-44.36482,-21.86136],[-44.32969,-21.86914],[-44.31894,-21.92484],[-44.28586,-21.92845],[-44.27122,-21.8939],[-44.24275,-21.8977],[-44.22971,-21.84557],[-44.17443,-21.82715],[-44.13197,-21.82858],[-44.12068,-21.80347],[-44.09141,-21.79683],[-44.07578,-21.78302],[-44.07858,-21.74265],[-44.0713,-21.73037],[-44.08035,-21.6967],[-44.06955,-21.67919],[-44.07611,-21.66266],[-44.09844,-21.66686],[-44.14638,-21.65358],[-44.16482,-21.61211],[-44.16348,-21.58969],[-44.15691,-21.55888],[-44.20961,-21.57448],[-44.22095,-21.56731],[-44.21471,-21.58068],[-44.24346,-21.6126],[-44.26416,-21.59826],[-44.27096,-21.5762],[-44.32035,-21.59545],[-44.34638,-21.58998],[-44.37119,-21.59759],[-44.38649,-21.58634]]]},"properties":{"GEOCODIGO":"3102803","NOME":"Andrelândia","UF":"MG"}},
{"type":"Feature","geometry":{"type":"Polygon","coordinates":[[[-44.57016,-20.22455],[-44.57337,-20.25957],[-44.56568,-20.27924],[-44.54719,-20.28407],[-44.52075,-20.25544],[-44.50478,-20.26589],[-44.493,-20.29057],[-44.43554,-20.29176],[-44.41931,-20.25777],[-44.39106,-20.25772],[-44.37084,-20.24632],[-44.35126,-20.19376],[-44.3631,-20.17356],[-44.35041,-20.15947],[-44.33759,-20.13792],[-44.33776,-20.11926],[-44.3522,-20.12104],[-44.40178,-20.1273],[-44.4452,-20.14744],[-44.47467,-20.16875],[-44.48934,-20.15313],[-44.50759,-20.16974],[-44.54486,-20.16723],[-44.54923,-20.20184],[-44.57016,-20.22455]]]},"properties":{"GEOCODIGO":"3133709","NOME":"Itatiaiuçu","UF":"MG"}},
{"type":"Feature","geometry":{"type":"Polygon","coordinates":[[[-44.68398,-14.62532],[-44.7047,-14.62899],[-44.75254,-14.67587],[-44.7854,-14.69663],[-44.7979,-14.69634],[-44.81066,-14.72],[-44.82849,-14.78403],[-44.79345,-14.81619],[-44.76171,-14.79759],[-44.71738,-14.81648],[-44.70035,-14.83228],[-44.6822,-14.86619],[-44.68325,-14.89213],[-44.71285,-14.91005],[-44.73388,-14.94883],[-44.69974,-15.02504],[-44.66024,-15.07136],[-44.63466,-15.0775],[-44.62933,-15.10912],[-44.65618,-15.1664],[-44.68205,-15.18615],[-44.689,-15.20983],[-44.68109,-15.24192],[-44.66774,-15.26162],[-44.63454,-15.27368],[-44.62746,-15.33964],[-44.59474,-15.32447],[-44.58151,-15.29612],[-44.56013,-15.27541],[-44.51532,-15.27691],[-44.50413,-15.29418],[-44.50162,-15.32227],[-44.44974,-15.37184],[-44.36456,-15.45849],[-44.33582,-15.43767],[-44.34351,-15.41244],[-44.37129,-15.39256],[-44.36204,-15.30164],[-44.37471,-15.30102],[-44.43588,-15.22058],[-44.45638,-15.22031],[-44.45173,-15.24315],[-44.47006,-15.27033],[-44.49265,-15.26915],[-44.51229,-15.23786],[-44.54233,-15.20157],[-44.57065,-15.1464],[-44.57608,-15.1176],[-44.56519,-15.10969],[-44.58075,-15.08549],[-44.54738,-15.03289],[-44.54397,-15.00904],[-44.52437,-14.99702],[-44.51949,-14.97524],[-44.48688,-14.96466],[-44.4841,-14.90712],[-44.52902,-14.86609],[-44.51968,-14.84628],[-44.52624,-14.81752],[-44.54479,-14.81014],[-44.53613,-14.78141],[-44.51074,-14.75211],[-44.52844,-14.74216],[-44.51566,-14.71869],[-44.52979,-14.70476],[-44.545,-14.69569],[-44.54646,-14.67157],[-44.58666,-14.6659],[-44.64257,-14.62298],[-44.68398,-14.62532]]]},"properties":{"GEOCODIGO":"3117836","NOME":"Cônego Marinho","UF":"MG"}},
{"type":"Feature","geometry":{"type":"Polygon","coordinates":[[[-44.543,-20.48243],[-44.54392,-20.51536],[-44.5027,-20.53134],[-44.50445,-20.54787],[-44.48931,-20.56981],[-44.46483,-20.58935],[-44.44997,-20.57379],[-44.42861,-20.57836],[-44.408,-20.56894],[-44.39573,-20.59908],[-44.35708,-20.608],[-44.33603,-20.6147],[-44.31002,-20.60347],[-44.31552,-20.58564],[-44.33109,-20.56952],[-44.34266,-20.53124],[-44.32642,-20.51157],[-44.348,-20.49718],[-44.38276,-20.47987],[-44.38025,-20.46716],[-44.40698,-20.42674],[-44.44686,-20.44551],[-44.462,-20.44107],[-44.48917,-20.45134],[-44.53373,-20.48626],[-44.543,-20.48243]]]},"properties":{"GEOCODIGO":"3150604","NOME":"Piracema","UF":"MG"}},
{"type":"Feature","geometry":{"type":"Polygon","coordinates":[[[-44.37966,-21.94121],[-44.3843,-21.95934],[-44.4091,-21.97429],[-44.40374,-21.99584],[-44.42785,-22.0361],[-44.42036,-22.05054],[-44.43652,-22.0673],[-44.43023,-22.1154],[-44.40332,-22.11592],[-44.38054,-22.10729],[-44.34969,-22.10631],[-44.3318,-22.11728],[-44.31986,-22.1558],[-44.30102,-22.11825],[-44.2606,-22.10472],[-44.25066,-22.08471],[-44.22733,-22.07551],[-44.22833,-22.04071],[-44.23888,-22.0204],[-44.23774,-21.97958],[-44.25676,-21.97529],[-44.27889,-21.9486],[-44.28586,-21.92845],[-44.31894,-21.92484],[-44.32969,-21.86914],[-44.36482,-21.86136],[-44.38274,-21.87366],[-44.40063,-21.86695],[-44.38164,-21.91248],[-44.37966,-21.94121]]]},"properties":{"GEOCODIGO":"3138500","NOME":"Liberdade","UF":"MG"}},
{"type":"Feature","geometry":{"type":"Polygon","coordinates":[[[-44.48176,-21.40852],[-44.45522,-21.47069],[-44.45647,-21.51857],[-44.42444,-21.53215],[-44.42578,-21.55482],[-44.38649,-21.58634],[-44.37119,-21.59759],[-44.34638,-21.58998],[-44.32035,-21.59545],[-44.27096,-21.5762],[-44.26416,-21.59826],[-44.24346,-21.6126],[-44.21471,-21.58068],[-44.22095,-21.56731],[-44.2411,-21.48859],[-44.25464,-21.49838],[-44.28286,-21.48316],[-44.27472,-21.45066],[-44.24759,-21.44051],[-44.20814,-21.43516],[-44.19969,-21.39002],[-44.20814,-21.37713],[-44.24179,-21.3779],[-44.26094,-21.37029],[-44.34897,-21.39298],[-44.3651,-21.40875],[-44.41809,-21.41182],[-44.44381,-21.39641],[-44.48176,-21.40852]]]},"properties":{"GEOCODIGO":"3139102","NOME":"Madre de Deus de Minas","UF":"MG"}},
{"type":"Feature","geometry":{"type":"Polygon","coordinates":[[[-44.44574,-20.90762],[-44.47991,-20.96044],[-44.48142,-21.01255],[-44.49259,-21.0349],[-44.48213,-21.04406],[-44.43441,-21.05003],[-44.42938,-21.07007],[-44.40964,-21.08962],[-44.385,-21.08866],[-44.33389,-21.07129],[-44.28722,-21.04376],[-44.27449,-21.05727],[-44.26037,-21.04432],[-44.2786,-21.01627],[-44.26725,-20.97599],[-44.28333,-20.95679],[-44.28683,-20.93427],[-44.31139,-20.90551],[-44.34425,-20.89641],[-44.36269,-20.87173],[-44.38808,-20.86492],[-44.39721,-20.88537],[-44.42028,-20.90731],[-44.44574,-20.90762]]]},"properties":{"GEOCODIGO":"3156106","NOME":"Ritápolis","UF":"MG"}},
{"type":"Feature","geometry":{"type":"Polygon","coordinates":[[[-44.55787,-19.53675],[-44.58178,-19.55427],[-44.54576,-19.585],[-44.56489,-19.60371],[-44.52353,-19.60529],[-44.48937,-19.61943],[-44.49722,-19.64042],[-44.45006,-19.63149],[-44.40844,-19.63754],[-44.41242,-19.60113],[-44.40089,-19.58915],[-44.41325,-19.58287],[-44.44602,-19.54574],[-44.48681,-19.55438],[-44.52228,-19.51102],[-44.51481,-19.48392],[-44.5275,-19.47056],[-44.54189,-19.42814],[-44.55017,-19.4269],[-44.55439,-19.43059],[-44.56514,-19.45284],[-44.58087,-19.45255],[-44.57365,-19.48281],[-44.57623,-19.5158],[-44.55531,-19.51738],[-44.55787,-19.53675]]]},"properties":{"GEOCODIGO":"3126406","NOME":"Fortuna de Minas","UF":"MG"}},
{"type":"Feature","geometry":{"type":"Polygon","coordinates":[[[-44.54178,-19.9671],[-44.51362,-19.98302],[-44.51595,-19.99651],[-44.49825,-20.0128],[-44.50725,-20.03287],[-44.49742,-20.07435],[-44.47642,-20.08119],[-44.47795,-20.09962],[-44.4452,-20.14744],[-44.40178,-20.1273],[-44.3522,-20.12104],[-44.37391,-20.08003],[-44.36926,-20.05312],[-44.34375,-20.01719],[-44.34361,-20.00508],[-44.34634,-19.98078],[-44.36805,-19.98325],[-44.39706,-19.9756],[-44.43124,-19.95245],[-44.43867,-19.93155],[-44.47933,-19.91597],[-44.50481,-19.92988],[-44.52723,-19.95295],[-44.54178,-19.9671]]]},"properties":{"GEOCODIGO":"3140704","NOME":"Mateus Leme","UF":"MG"}},
{"type":"Feature","geometry":{"type":"Polygon","coordinates":[[[-44.44333,-19.76518],[-44.44247,-19.78203],[-44.46704,-19.81145],[-44.4845,-19.81576],[-44.48172,-19.83578],[-44.51569,-19.86079],[-44.51687,-19.89348],[-44.52492,-19.91371],[-44.52723,-19.95295],[-44.50481,-19.92988],[-44.47933,-19.91597],[-44.43867,-19.93155],[-44.43509,-19.9239],[-44.37864,-19.91551],[-44.35473,-19.90503],[-44.3385,-19.87395],[-44.37247,-19.87851],[-44.38265,-19.8432],[-44.40348,-19.82589],[-44.43122,-19.76631],[-44.44333,-19.76518]]]},"properties":{"GEOCODIGO":"3126000","NOME":"Florestal","UF":"MG"}},
{"type":"Feature","geometry":{"type":"Polygon","coordinates":[[[-44.64996,-17.16762],[-44.67896,-17.18332],[-44.67357,-17.20132],[-44.67357,-17.25204],[-44.65401,-17.28386],[-44.61816,-17.3153],[-44.61462,-17.32803],[-44.62618,-17.36419],[-44.60145,-17.38911],[-44.58393,-17.39031],[-44.57088,-17.35989],[-44.55427,-17.39891],[-44.53505,-17.41158],[-44.51777,-17.40161],[-44.49979,-17.43239],[-44.47899,-17.44887],[-44.43465,-17.45645],[-44.41671,-17.43758],[-44.42459,-17.41708],[-44.42353,-17.36164],[-44.40456,-17.31977],[-44.4067,-17.30661],[-44.37209,-17.2994],[-44.34315,-17.25105],[-44.32907,-17.25037],[-44.3199,-17.22783],[-44.29087,-17.18345],[-44.26793,-17.16235],[-44.28451,-17.14636],[-44.32351,-17.13709],[-44.32429,-17.11643],[-44.35048,-17.10993],[-44.33023,-17.04286],[-44.29607,-17.02103],[-44.28615,-16.99041],[-44.30452,-16.96261],[-44.3322,-16.94562],[-44.34448,-16.9488],[-44.38014,-16.98717],[-44.41475,-17.04547],[-44.45651,-17.07246],[-44.49056,-17.06764],[-44.51132,-17.07354],[-44.53168,-17.067],[-44.57401,-17.07661],[-44.60999,-17.10494],[-44.61715,-17.12915],[-44.64996,-17.16762]]]},"properties":{"GEOCODIGO":"3135605","NOME":"Jequitaí","UF":"MG"}},
{"type":"Feature","geometry":{"type":"Polygon","coordinates":[[[-44.72013,-16.17884],[-44.67166,-16.2075],[-44.68327,-16.2832],[-44.6678,-16.33467],[-44.62276,-16.32706],[-44.59843,-16.30357],[-44.57257,-16.29678],[-44.55743,-16.28059],[-44.53524,-16.27965],[-44.51693,-16.26462],[-44.53268,-16.22137],[-44.53035,-16.20646],[-44.54677,-16.17842],[-44.52235,-16.15709],[-44.50029,-16.16181],[-44.48607,-16.13054],[-44.50374,-16.0468],[-44.54207,-16.07419],[-44.55713,-16.07169],[-44.64983,-16.1234],[-44.66049,-16.13375],[-44.69185,-16.16323],[-44.72013,-16.17884]]]},"properties":{"GEOCODIGO":"3138682","NOME":"Luislândia","UF":"MG"}},
{"type":"Feature","geometry":{"type":"Polygon","coordinates":[[[-44.44845,-20.78642],[-44.45803,-20.84177],[-44.44633,-20.88166],[-44.44574,-20.90762],[-44.42028,-20.90731],[-44.39721,-20.88537],[-44.38808,-20.86492],[-44.36269,-20.87173],[-44.34425,-20.89641],[-44.31139,-20.90551],[-44.28683,-20.93427],[-44.28333,-20.95679],[-44.26725,-20.97599],[-44.2786,-21.01627],[-44.24985,-21.00545],[-44.2415,-20.97827],[-44.20443,-20.99316],[-44.18589,-20.97221],[-44.14806,-20.95061],[-44.1558,-20.93871],[-44.14717,-20.9075],[-44.18888,-20.87918],[-44.20217,-20.8646],[-44.19033,-20.82494],[-44.19378,-20.79812],[-44.18278,-20.77975],[-44.14997,-20.76484],[-44.13953,-20.74639],[-44.19078,-20.75046],[-44.23742,-20.72264],[-44.265,-20.72443],[-44.28694,-20.72864],[-44.33224,-20.72659],[-44.36144,-20.71241],[-44.36735,-20.73616],[-44.39527,-20.75323],[-44.39814,-20.73438],[-44.42203,-20.7126],[-44.42708,-20.75646],[-44.44845,-20.78642]]]},"properties":{"GEOCODIGO":"3154200","NOME":"Resende Costa","UF":"MG"}},
{"type":"Feature","geometry":{"type":"Polygon","coordinates":[[[-44.70458,-16.38114],[-44.67207,-16.40112],[-44.6659,-16.41893],[-44.63768,-16.42153],[-44.62849,-16.45509],[-44.5898,-16.4766],[-44.58743,-16.49493],[-44.5517,-16.48539],[-44.53314,-16.46587],[-44.47276,-16.44177],[-44.44409,-16.40947],[-44.3889,-16.38357],[-44.32696,-16.34944],[-44.30894,-16.36112],[-44.29021,-16.3251],[-44.25335,-16.27987],[-44.25623,-16.26404],[-44.24366,-16.23392],[-44.28174,-16.20942],[-44.29793,-16.1784],[-44.28015,-16.16408],[-44.27173,-16.13518],[-44.2365,-16.09201],[-44.22635,-16.08086],[-44.25487,-16.05919],[-44.27643,-16.06244],[-44.31415,-16.04119],[-44.33129,-16.01006],[-44.37444,-15.99471],[-44.38996,-16.00796],[-44.42293,-16],[-44.43055,-15.97342],[-44.45696,-15.99384],[-44.47154,-15.99216],[-44.49065,-16.01191],[-44.50374,-16.0468],[-44.48607,-16.13054],[-44.50029,-16.16181],[-44.52235,-16.15709],[-44.54677,-16.17842],[-44.53035,-16.20646],[-44.53268,-16.22137],[-44.51693,-16.26462],[-44.53524,-16.27965],[-44.55743,-16.28059],[-44.57257,-16.29678],[-44.59843,-16.30357],[-44.62276,-16.32706],[-44.6678,-16.33467],[-44.70458,-16.38114]]]},"properties":{"GEOCODIGO":"3108602","NOME":"Brasília de Minas","UF":"MG"}},
{"type":"Feature","geometry":{"type":"Polygon","coordinates":[[[-44.54189,-19.42814],[-44.5275,-19.47056],[-44.51481,-19.48392],[-44.48887,-19.4707],[-44.48324,-19.48921],[-44.44832,-19.49174],[-44.41803,-19.53125],[-44.44602,-19.54574],[-44.41325,-19.58287],[-44.40089,-19.58915],[-44.39111,-19.5793],[-44.34817,-19.58661],[-44.32853,-19.57897],[-44.31539,-19.59191],[-44.30723,-19.56771],[-44.31489,-19.51091],[-44.34648,-19.47708],[-44.38512,-19.45253],[-44.39348,-19.43238],[-44.4115,-19.43317],[-44.44763,-19.42098],[-44.46,-19.40911],[-44.5018,-19.42874],[-44.54189,-19.42814]]]},"properties":{"GEOCODIGO":"3131000","NOME":"Inhaúma","UF":"MG"}},
{"type":"Feature","geometry":{"type":"Polygon","coordinates":[[[-44.35983,-22.25219],[-44.32355,-22.26045],[-44.29108,-22.24257],[-44.26231,-22.24359],[-44.25037,-22.2602],[-44.20127,-22.25108],[-44.17983,-22.22757],[-44.18169,-22.19677],[-44.19555,-22.18686],[-44.20055,-22.16239],[-44.19363,-22.13618],[-44.22369,-22.1256],[-44.21807,-22.10612],[-44.19128,-22.09216],[-44.20749,-22.07037],[-44.22733,-22.07551],[-44.25066,-22.08471],[-44.2606,-22.10472],[-44.30102,-22.11825],[-44.31986,-22.1558],[-44.32919,-22.17523],[-44.35545,-22.19301],[-44.34078,-22.2183],[-44.35983,-22.25219]]]},"properties":{"GEOCODIGO":"3147808","NOME":"Passa-Vinte","UF":"MG"}},
{"type":"Feature","geometry":{"type":"Polygon","coordinates":[[[-44.51481,-19.48392],[-44.52228,-19.51102],[-44.48681,-19.55438],[-44.44602,-19.54574],[-44.41803,-19.53125],[-44.44832,-19.49174],[-44.48324,-19.48921],[-44.48887,-19.4707],[-44.51481,-19.48392]]]},"properties":{"GEOCODIGO":"3109600","NOME":"Cachoeira da Prata","UF":"MG"}},
{"type":"Feature","geometry":{"type":"Polygon","coordinates":[[[-44.67887,-16.545],[-44.65133,-16.58305],[-44.59202,-16.61824],[-44.58798,-16.63046],[-44.52915,-16.66002],[-44.47846,-16.66076],[-44.47129,-16.63471],[-44.43985,-16.63012],[-44.43409,-16.60109],[-44.40782,-16.56969],[-44.41705,-16.5312],[-44.43357,-16.5243],[-44.42871,-16.48344],[-44.41884,-16.47866],[-44.47276,-16.44177],[-44.53314,-16.46587],[-44.5517,-16.48539],[-44.58743,-16.49493],[-44.61154,-16.52289],[-44.64418,-16.5213],[-44.67524,-16.53403],[-44.67887,-16.545]]]},"properties":{"GEOCODIGO":"3162658","NOME":"São João do Pacuí","UF":"MG"}},
{"type":"Feature","geometry":{"type":"Polygon","coordinates":[[[-44.49722,-19.64042],[-44.48106,-19.67583],[-44.49955,-19.68366],[-44.49916,-19.70574],[-44.47409,-19.70675],[-44.46673,-19.72501],[-44.43959,-19.73685],[-44.44333,-19.76518],[-44.43122,-19.76631],[-44.40348,-19.82589],[-44.38265,-19.8432],[-44.37247,-19.87851],[-44.3385,-19.87395],[-44.35473,-19.90503],[-44.33564,-19.94125],[-44.31534,-19.93794],[-44.29407,-19.89903],[-44.26686,-19.879],[-44.23636,-19.87736],[-44.22619,-19.84199],[-44.21593,-19.83156],[-44.19308,-19.84074],[-44.16198,-19.84117],[-44.13398,-19.79878],[-44.14225,-19.77941],[-44.1642,-19.75685],[-44.13315,-19.70876],[-44.14937,-19.685],[-44.18453,-19.68104],[-44.19476,-19.66238],[-44.19794,-19.64215],[-44.20137,-19.62266],[-44.22267,-19.59983],[-44.24287,-19.57747],[-44.30631,-19.58511],[-44.31539,-19.59191],[-44.32853,-19.57897],[-44.34817,-19.58661],[-44.39111,-19.5793],[-44.40089,-19.58915],[-44.41242,-19.60113],[-44.40844,-19.63754],[-44.45006,-19.63149],[-44.49722,-19.64042]]]},"properties":{"GEOCODIGO":"3124104","NOME":"Esmeraldas","UF":"MG"}},
{"type":"Feature","geometry":{"type":"Polygon","coordinates":[[[-44.74137,-14.46675],[-44.73071,-14.50036],[-44.7516,-14.53799],[-44.73494,-14.56753],[-44.74165,-14.62497],[-44.68398,-14.62532],[-44.64257,-14.62298],[-44.58666,-14.6659],[-44.54646,-14.67157],[-44.545,-14.69569],[-44.52979,-14.70476],[-44.50952,-14.68083],[-44.52485,-14.65733],[-44.51838,-14.64497],[-44.47691,-14.65141],[-44.43743,-14.6309],[-44.41413,-14.59899],[-44.39789,-14.59646],[-44.37174,-14.58644],[-44.32511,-14.55031],[-44.3238,-14.5336],[-44.33746,-14.51048],[-44.31161,-14.46821],[-44.31521,-14.43291],[-44.32322,-14.41925],[-44.32438,-14.38413],[-44.267,-14.32841],[-44.23446,-14.31048],[-44.29268,-14.25236],[-44.31607,-14.2399],[-44.34018,-14.24896],[-44.36118,-14.27237],[-44.42819,-14.28619],[-44.45322,-14.31154],[-44.47458,-14.3139],[-44.48676,-14.32807],[-44.51849,-14.32977],[-44.56423,-14.33922],[-44.59696,-14.36746],[-44.62518,-14.37566],[-44.65763,-14.41592],[-44.69779,-14.4316],[-44.74137,-14.46675]]]},"properties":{"GEOCODIGO":"3142700","NOME":"Montalvânia","UF":"MG"}},
{"type":"Feature","geometry":{"type":"Polygon","coordinates":[[[-44.43554,-20.29176],[-44.44741,-20.30749],[-44.43736,-20.34656],[-44.39366,-20.35213],[-44.35611,-20.33628],[-44.32822,-20.33065],[-44.30233,-20.31696],[-44.25883,-20.28479],[-44.2672,-20.25077],[-44.26861,-20.22506],[-44.28044,-20.20317],[-44.28172,-20.17585],[-44.3136,-20.18091],[-44.35041,-20.15947],[-44.3631,-20.17356],[-44.35126,-20.19376],[-44.37084,-20.24632],[-44.39106,-20.25772],[-44.41931,-20.25777],[-44.43554,-20.29176]]]},"properties":{"GEOCODIGO":"3155306","NOME":"Rio Manso","UF":"MG"}},
{"type":"Feature","geometry":{"type":"Polygon","coordinates":[[[-44.42203,-20.7126],[-44.39814,-20.73438],[-44.39527,-20.75323],[-44.36735,-20.73616],[-44.36144,-20.71241],[-44.33224,-20.72659],[-44.28694,-20.72864],[-44.265,-20.72443],[-44.24736,-20.70599],[-44.26008,-20.67397],[-44.22592,-20.64916],[-44.22479,-20.63111],[-44.19439,-20.63398],[-44.17783,-20.64443],[-44.15552,-20.63825],[-44.13721,-20.60151],[-44.14492,-20.58435],[-44.12825,-20.56932],[-44.15925,-20.54718],[-44.17981,-20.52266],[-44.19447,-20.53468],[-44.22289,-20.51485],[-44.30416,-20.55194],[-44.31552,-20.58564],[-44.31002,-20.60347],[-44.33603,-20.6147],[-44.35708,-20.608],[-44.36208,-20.63856],[-44.40358,-20.6679],[-44.39191,-20.68502],[-44.4185,-20.69876],[-44.42203,-20.7126]]]},"properties":{"GEOCODIGO":"3121407","NOME":"Desterro de Entre Rios","UF":"MG"}},
{"type":"Feature","geometry":{"type":"Polygon","coordinates":[[[-44.43736,-20.34656],[-44.42231,-20.3799],[-44.4267,-20.41159],[-44.40698,-20.42674],[-44.38025,-20.46716],[-44.38276,-20.47987],[-44.348,-20.49718],[-44.32991,-20.4582],[-44.27775,-20.42374],[-44.28906,-20.39687],[-44.32073,-20.3863],[-44.33025,-20.35494],[-44.32822,-20.33065],[-44.35611,-20.33628],[-44.39366,-20.35213],[-44.43736,-20.34656]]]},"properties":{"GEOCODIGO":"3120607","NOME":"Crucilândia","UF":"MG"}},
{"type":"Feature","geometry":{"type":"Polygon","coordinates":[[[-44.68212,-15.7746],[-44.65344,-15.82543],[-44.61327,-15.83531],[-44.58489,-15.86161],[-44.57641,-15.88179],[-44.53543,-15.89528],[-44.53574,-15.87363],[-44.56429,-15.85172],[-44.56195,-15.80509],[-44.53915,-15.78376],[-44.49948,-15.77523],[-44.48979,-15.79985],[-44.46074,-15.83498],[-44.43716,-15.85009],[-44.43982,-15.82311],[-44.42776,-15.80649],[-44.39718,-15.78906],[-44.37197,-15.78483],[-44.3508,-15.79913],[-44.34603,-15.82597],[-44.32576,-15.82225],[-44.31552,-15.83643],[-44.29312,-15.84],[-44.29852,-15.79443],[-44.31344,-15.76943],[-44.29109,-15.76427],[-44.2783,-15.74384],[-44.26996,-15.72929],[-44.2469,-15.72672],[-44.23318,-15.67645],[-44.19796,-15.67806],[-44.1931,-15.65664],[-44.17265,-15.63081],[-44.14827,-15.64012],[-44.14221,-15.65551],[-44.11985,-15.66916],[-44.11165,-15.59897],[-44.0961,-15.57739],[-44.09421,-15.55096],[-44.07374,-15.51555],[-44.08204,-15.49686],[-44.05543,-15.47449],[-44.02927,-15.48768],[-44.04598,-15.4477],[-44.10635,-15.43265],[-44.13205,-15.40306],[-44.14549,-15.37371],[-44.16566,-15.37917],[-44.12994,-15.32349],[-44.11674,-15.27656],[-44.13507,-15.26104],[-44.15334,-15.29764],[-44.15324,-15.31811],[-44.18276,-15.3943],[-44.22818,-15.39619],[-44.26382,-15.43082],[-44.2741,-15.45822],[-44.29049,-15.47377],[-44.34274,-15.48167],[-44.37229,-15.51428],[-44.37046,-15.56074],[-44.39621,-15.60065],[-44.4216,-15.60593],[-44.47263,-15.62861],[-44.53809,-15.69352],[-44.57668,-15.70135],[-44.60357,-15.72318],[-44.62804,-15.73123],[-44.66493,-15.7728],[-44.68212,-15.7746]]]},"properties":{"GEOCODIGO":"3149150","NOME":"Pedras de Maria da Cruz","UF":"MG"}},
{"type":"Feature","geometry":{"type":"Polygon","coordinates":[[[-44.29954,-19.40322],[-44.31342,-19.37495],[-44.33046,-19.3713],[-44.33384,-19.35205],[-44.35028,-19.34812],[-44.35861,-19.3127],[-44.37901,-19.28781],[-44.40875,-19.2951],[-44.43148,-19.27465],[-44.45103,-19.27569],[-44.48394,-19.29685],[-44.48489,-19.35196],[-44.46237,-19.35876],[-44.44583,-19.34511],[-44.42564,-19.35712],[-44.42492,-19.40154],[-44.40253,-19.41325],[-44.36823,-19.40349],[-44.35048,-19.38597],[-44.33298,-19.399],[-44.29954,-19.40322]]]},"properties":{"GEOCODIGO":"3109907","NOME":"Caetanópolis","UF":"MG"}},
{"type":"Feature","geometry":{"type":"Polygon","coordinates":[[[-44.43867,-19.93155],[-44.43124,-19.95245],[-44.39706,-19.9756],[-44.36805,-19.98325],[-44.34634,-19.98078],[-44.34361,-20.00508],[-44.33291,-19.99515],[-44.27892,-19.99297],[-44.27023,-20.00431],[-44.28086,-19.96169],[-44.29297,-19.96216],[-44.31534,-19.93794],[-44.33564,-19.94125],[-44.35473,-19.90503],[-44.37864,-19.91551],[-44.43509,-19.9239],[-44.43867,-19.93155]]]},"properties":{"GEOCODIGO":"3136652","NOME":"Juatuba","UF":"MG"}},
{"type":"Feature","geometry":{"type":"Polygon","coordinates":[[[-44.46,-19.40911],[-44.44763,-19.42098],[-44.4115,-19.43317],[-44.39348,-19.43238],[-44.38512,-19.45253],[-44.34648,-19.47708],[-44.31489,-19.51091],[-44.30723,-19.56771],[-44.31539,-19.59191],[-44.30631,-19.58511],[-44.24287,-19.57747],[-44.22267,-19.59983],[-44.22162,-19.5795],[-44.20662,-19.5293],[-44.18053,-19.52453],[-44.16562,-19.50114],[-44.17012,-19.47317],[-44.12804,-19.43135],[-44.16342,-19.32653],[-44.1479,-19.30311],[-44.16143,-19.29162],[-44.23442,-19.30732],[-44.25097,-19.31451],[-44.27215,-19.3398],[-44.28117,-19.31796],[-44.30812,-19.32781],[-44.30087,-19.35111],[-44.29954,-19.40322],[-44.33298,-19.399],[-44.35048,-19.38597],[-44.36823,-19.40349],[-44.40253,-19.41325],[-44.42492,-19.40154],[-44.46,-19.40911]]]},"properties":{"GEOCODIGO":"3167202","NOME":"Sete Lagoas","UF":"MG"}},
{"type":"Feature","geometry":{"type":"Polygon","coordinates":[[[-44.17443,-21.82715],[-44.22971,-21.84557],[-44.24275,-21.8977],[-44.27122,-21.8939],[-44.28586,-21.92845],[-44.27889,-21.9486],[-44.25676,-21.97529],[-44.22638,-21.94534],[-44.22925,-21.9256],[-44.18407,-21.88159],[-44.17242,-21.88401],[-44.16289,-21.85227],[-44.17443,-21.82715]]]},"properties":{"GEOCODIGO":"3103603","NOME":"Arantina","UF":"MG"}},
{"type":"Feature","geometry":{"type":"Polygon","coordinates":[[[-44.5664,-16.85804],[-44.5138,-16.93601],[-44.49846,-16.97777],[-44.48066,-16.99346],[-44.53601,-17.03484],[-44.56885,-17.04546],[-44.57401,-17.07661],[-44.53168,-17.067],[-44.51132,-17.07354],[-44.49056,-17.06764],[-44.45651,-17.07246],[-44.41475,-17.04547],[-44.38014,-16.98717],[-44.34448,-16.9488],[-44.3322,-16.94562],[-44.3127,-16.93281],[-44.28089,-16.92847],[-44.24728,-16.90839],[-44.24109,-16.88504],[-44.18893,-16.85392],[-44.19276,-16.90761],[-44.17807,-16.8998],[-44.15515,-16.86452],[-44.15715,-16.83225],[-44.12949,-16.82011],[-44.09253,-16.81682],[-44.07287,-16.79898],[-44.10363,-16.76575],[-44.10957,-16.74559],[-44.13698,-16.73976],[-44.14551,-16.72787],[-44.17425,-16.72128],[-44.21379,-16.69267],[-44.21736,-16.65881],[-44.22909,-16.64006],[-44.2546,-16.6623],[-44.29526,-16.66184],[-44.31501,-16.69118],[-44.30154,-16.70877],[-44.30329,-16.73726],[-44.29524,-16.76916],[-44.33262,-16.79008],[-44.35512,-16.78281],[-44.40009,-16.80149],[-44.41082,-16.80057],[-44.42834,-16.8322],[-44.49514,-16.84584],[-44.54273,-16.84508],[-44.5664,-16.85804]]]},"properties":{"GEOCODIGO":"3162252","NOME":"São João da Lagoa","UF":"MG"}},
{"type":"Feature","geometry":{"type":"Polygon","coordinates":[[[-44.483,-18.0739],[-44.50268,-18.09511],[-44.47704,-18.11307],[-44.44749,-18.16119],[-44.46369,-18.19237],[-44.43053,-18.20955],[-44.39043,-18.18741],[-44.36898,-18.20627],[-44.31281,-18.23185],[-44.2754,-18.23694],[-44.20637,-18.23489],[-44.19557,-18.24573],[-44.17201,-18.23883],[-44.15598,-18.24949],[-44.1377,-18.22593],[-44.08826,-18.22016],[-44.07,-18.19562],[-44.01317,-18.21279],[-43.99158,-18.18654],[-43.95309,-18.15668],[-43.95384,-18.1471],[-43.96875,-18.11562],[-43.96553,-18.08973],[-43.94982,-18.08075],[-43.94921,-18.0517],[-43.95739,-18.03596],[-43.94412,-18.01547],[-43.96898,-17.9894],[-43.98015,-17.99133],[-44.04087,-17.97406],[-44.05692,-17.9509],[-44.08506,-17.98598],[-44.12904,-17.98607],[-44.15575,-17.97744],[-44.16055,-17.99316],[-44.19976,-18.00443],[-44.21868,-18.02258],[-44.25856,-18.01778],[-44.28365,-18.00809],[-44.31761,-18.0197],[-44.34542,-18.02134],[-44.35651,-18.03351],[-44.3923,-18.01659],[-44.40426,-18.01969],[-44.42039,-18.03387],[-44.4219,-18.07254],[-44.483,-18.0739]]]},"properties":{"GEOCODIGO":"3104809","NOME":"Augusto de Lima","UF":"MG"}},
{"type":"Feature","geometry":{"type":"Polygon","coordinates":[[[-44.25676,-21.97529],[-44.23774,-21.97958],[-44.23888,-22.0204],[-44.22833,-22.04071],[-44.22733,-22.07551],[-44.20749,-22.07037],[-44.18122,-22.05963],[-44.2113,-22.02762],[-44.20116,-22.00642],[-44.14838,-22.03384],[-44.1235,-21.99588],[-44.07963,-21.99579],[-44.05084,-22.03203],[-44.02963,-22.02254],[-44.00019,-22.0221],[-44.00333,-21.99441],[-43.9773,-21.95732],[-44.00036,-21.91049],[-44.03205,-21.91056],[-44.05114,-21.92686],[-44.07163,-21.92342],[-44.08748,-21.88493],[-44.09909,-21.87576],[-44.09286,-21.84179],[-44.10176,-21.82339],[-44.09141,-21.79683],[-44.12068,-21.80347],[-44.13197,-21.82858],[-44.17443,-21.82715],[-44.16289,-21.85227],[-44.17242,-21.88401],[-44.18407,-21.88159],[-44.22925,-21.9256],[-44.22638,-21.94534],[-44.25676,-21.97529]]]},"properties":{"GEOCODIGO":"3107505","NOME":"Bom Jardim de Minas","UF":"MG"}},
{"type":"Feature","geometry":{"type":"Polygon","coordinates":[[[-44.348,-20.49718],[-44.32642,-20.51157],[-44.34266,-20.53124],[-44.33109,-20.56952],[-44.31552,-20.58564],[-44.30416,-20.55194],[-44.22289,-20.51485],[-44.19447,-20.53468],[-44.17981,-20.52266],[-44.15889,-20.5115],[-44.17388,-20.49533],[-44.146,-20.46503],[-44.16164,-20.44364],[-44.15209,-20.42192],[-44.173,-20.41432],[-44.18297,-20.38637],[-44.25594,-20.39355],[-44.27775,-20.42374],[-44.32991,-20.4582],[-44.348,-20.49718]]]},"properties":{"GEOCODIGO":"3150406","NOME":"Piedade dos Gerais","UF":"MG"}},
{"type":"Feature","geometry":{"type":"Polygon","coordinates":[[[-44.34361,-20.00508],[-44.34375,-20.01719],[-44.36926,-20.05312],[-44.37391,-20.08003],[-44.3522,-20.12104],[-44.33776,-20.11926],[-44.27759,-20.11096],[-44.29161,-20.05891],[-44.27023,-20.00431],[-44.27892,-19.99297],[-44.33291,-19.99515],[-44.34361,-20.00508]]]},"properties":{"GEOCODIGO":"3130101","NOME":"Igarapé","UF":"MG"}},
{"type":"Feature","geometry":{"type":"Polygon","coordinates":[[[-44.19969,-21.39002],[-44.20814,-21.43516],[-44.24759,-21.44051],[-44.27472,-21.45066],[-44.28286,-21.48316],[-44.25464,-21.49838],[-44.2411,-21.48859],[-44.22095,-21.56731],[-44.20961,-21.57448],[-44.15691,-21.55888],[-44.16348,-21.58969],[-44.14302,-21.58604],[-44.12466,-21.56941],[-44.10552,-21.58047],[-44.08591,-21.54362],[-44.05491,-21.51768],[-44.05239,-21.44963],[-44.08934,-21.43531],[-44.10911,-21.42485],[-44.11556,-21.40307],[-44.15536,-21.38399],[-44.19969,-21.39002]]]},"properties":{"GEOCODIGO":"3150307","NOME":"Piedade do Rio Grande","UF":"MG"}},
{"type":"Feature","geometry":{"type":"Polygon","coordinates":[[[-44.20749,-22.07037],[-44.19128,-22.09216],[-44.21807,-22.10612],[-44.22369,-22.1256],[-44.19363,-22.13618],[-44.20055,-22.16239],[-44.19555,-22.18686],[-44.18169,-22.19677],[-44.17983,-22.22757],[-44.1594,-22.22841],[-44.12599,-22.20832],[-44.09613,-22.17531],[-44.03379,-22.15216],[-44.00463,-22.1619],[-43.97839,-22.14617],[-43.96944,-22.12257],[-43.98102,-22.09552],[-43.96888,-22.06716],[-43.97018,-22.04574],[-43.94282,-22.02773],[-43.97858,-22.01758],[-44.00019,-22.0221],[-44.02963,-22.02254],[-44.05084,-22.03203],[-44.07963,-21.99579],[-44.1235,-21.99588],[-44.14838,-22.03384],[-44.20116,-22.00642],[-44.2113,-22.02762],[-44.18122,-22.05963],[-44.20749,-22.07037]]]},"properties":{"GEOCODIGO":"3159308","NOME":"Santa Rita de Jacutinga","UF":"MG"}},
{"type":"Feature","geometry":{"type":"Polygon","coordinates":[[[-44.35041,-20.15947],[-44.3136,-20.18091],[-44.28172,-20.17585],[-44.28044,-20.20317],[-44.26861,-20.22506],[-44.2672,-20.25077],[-44.24901,-20.258],[-44.23411,-20.23695],[-44.18669,-20.23397],[-44.16461,-20.21676],[-44.15064,-20.24455],[-44.11775,-20.25011],[-44.12177,-20.30723],[-44.08196,-20.30813],[-44.05589,-20.31491],[-44.03058,-20.29833],[-44.01949,-20.27073],[-43.99812,-20.25457],[-43.96507,-20.25944],[-43.97639,-20.22221],[-43.98009,-20.18727],[-43.9727,-20.17731],[-43.98386,-20.10055],[-44.0018,-20.05692],[-44.01711,-20.05339],[-44.06347,-20.07893],[-44.09078,-20.09448],[-44.12264,-20.09871],[-44.16441,-20.09573],[-44.20985,-20.10052],[-44.25248,-20.12492],[-44.27759,-20.11096],[-44.33776,-20.11926],[-44.33759,-20.13792],[-44.35041,-20.15947]]]},"properties":{"GEOCODIGO":"3109006","NOME":"Brumadinho","UF":"MG"}},
{"type":"Feature","geometry":{"type":"Polygon","coordinates":[[[-44.40859,-19.12919],[-44.38673,-19.17179],[-44.38516,-19.20157],[-44.36637,-19.22997],[-44.32398,-19.22203],[-44.29834,-19.24252],[-44.29814,-19.21564],[-44.27947,-19.2057],[-44.27742,-19.17292],[-44.24575,-19.1642],[-44.19953,-19.17266],[-44.17975,-19.16079],[-44.15542,-19.1827],[-44.163,-19.21176],[-44.13965,-19.24267],[-44.09692,-19.21427],[-44.09454,-19.17667],[-44.05664,-19.15238],[-44.0744,-19.13616],[-44.06617,-19.12057],[-44.02368,-19.12308],[-44.0412,-19.07822],[-44.03767,-19.04318],[-44.05304,-19.0389],[-44.0435,-19.01344],[-44.07387,-19.01088],[-44.07531,-18.99601],[-44.10031,-18.945],[-44.12053,-18.94566],[-44.15517,-18.95741],[-44.18889,-18.94768],[-44.21817,-18.95146],[-44.26461,-18.98455],[-44.27545,-19.01392],[-44.30447,-19.02548],[-44.34262,-19.07102],[-44.37826,-19.07705],[-44.39342,-19.11736],[-44.40859,-19.12919]]]},"properties":{"GEOCODIGO":"3118908","NOME":"Cordisburgo","UF":"MG"}},
{"type":"Feature","geometry":{"type":"Polygon","coordinates":[[[-44.32822,-20.33065],[-44.33025,-20.35494],[-44.32073,-20.3863],[-44.28906,-20.39687],[-44.27775,-20.42374],[-44.25594,-20.39355],[-44.18297,-20.38637],[-44.173,-20.41432],[-44.15209,-20.42192],[-44.15683,-20.35188],[-44.141,-20.3403],[-44.12177,-20.30723],[-44.11775,-20.25011],[-44.15064,-20.24455],[-44.16461,-20.21676],[-44.18669,-20.23397],[-44.23411,-20.23695],[-44.24901,-20.258],[-44.2672,-20.25077],[-44.25883,-20.28479],[-44.30233,-20.31696],[-44.32822,-20.33065]]]},"properties":{"GEOCODIGO":"3108107","NOME":"Bonfim","UF":"MG"}},
{"type":"Feature","geometry":{"type":"Polygon","coordinates":[[[-44.2786,-21.01627],[-44.26037,-21.04432],[-44.27449,-21.05727],[-44.26172,-21.08226],[-44.22477,-21.07482],[-44.20866,-21.05532],[-44.17366,-21.08154],[-44.14314,-21.07373],[-44.13252,-21.06519],[-44.14472,-21.0332],[-44.13425,-21.02324],[-44.14363,-20.98424],[-44.12211,-20.96902],[-44.14806,-20.95061],[-44.18589,-20.97221],[-44.20443,-20.99316],[-44.2415,-20.97827],[-44.24985,-21.00545],[-44.2786,-21.01627]]]},"properties":{"GEOCODIGO":"3119708","NOME":"Coronel Xavier Chaves","UF":"MG"}},
{"type":"Feature","geometry":{"type":"Polygon","coordinates":[[[-44.43465,-17.45645],[-44.43482,-17.47229],[-44.45879,-17.50566],[-44.45214,-17.52994],[-44.46623,-17.55089],[-44.46054,-17.56642],[-44.47221,-17.59508],[-44.46667,-17.60553],[-44.44499,-17.61033],[-44.41674,-17.65671],[-44.39429,-17.67145],[-44.3972,-17.69451],[-44.31067,-17.70612],[-44.28793,-17.70182],[-44.28468,-17.67976],[-44.26253,-17.69054],[-44.1857,-17.65128],[-44.16432,-17.65545],[-44.14443,-17.63167],[-44.11642,-17.61209],[-44.1139,-17.59075],[-44.12631,-17.5766],[-44.09779,-17.55379],[-44.10087,-17.4979],[-44.08501,-17.45198],[-44.08501,-17.42808],[-44.11776,-17.40751],[-44.11381,-17.36705],[-44.13665,-17.33747],[-44.16159,-17.32858],[-44.15354,-17.28782],[-44.11854,-17.24843],[-44.11451,-17.23214],[-44.14498,-17.21988],[-44.12865,-17.18166],[-44.11183,-17.15686],[-44.16326,-17.18955],[-44.17359,-17.21593],[-44.19846,-17.22401],[-44.19679,-17.24244],[-44.2239,-17.27744],[-44.26518,-17.25557],[-44.28409,-17.2818],[-44.32512,-17.27143],[-44.32907,-17.25037],[-44.34315,-17.25105],[-44.37209,-17.2994],[-44.4067,-17.30661],[-44.40456,-17.31977],[-44.42353,-17.36164],[-44.42459,-17.41708],[-44.41671,-17.43758],[-44.43465,-17.45645]]]},"properties":{"GEOCODIGO":"3126604","NOME":"Francisco Dumont","UF":"MG"}},
{"type":"Feature","geometry":{"type":"Polygon","coordinates":[[[-44.21959,-18.58234],[-44.24164,-18.60131],[-44.27559,-18.61543],[-44.30345,-18.60404],[-44.32245,-18.61836],[-44.37373,-18.62381],[-44.3807,-18.74127],[-44.39089,-18.74746],[-44.39248,-18.7898],[-44.37845,-18.80776],[-44.37207,-18.8348],[-44.37603,-18.8768],[-44.36656,-18.8952],[-44.3852,-18.92178],[-44.37004,-18.92706],[-44.35798,-18.90409],[-44.32595,-18.89332],[-44.30528,-18.86675],[-44.28395,-18.85452],[-44.26879,-18.82518],[-44.28755,-18.80406],[-44.23692,-18.78773],[-44.21019,-18.74758],[-44.19731,-18.74378],[-44.15795,-18.76723],[-44.16965,-18.69492],[-44.20975,-18.70814],[-44.20942,-18.69338],[-44.18362,-18.67507],[-44.18723,-18.66197],[-44.16048,-18.64706],[-44.20862,-18.61803],[-44.20611,-18.59232],[-44.21959,-18.58234]]]},"properties":{"GEOCODIGO":"3131109","NOME":"Inimutaba","UF":"MG"}},
{"type":"Feature","geometry":{"type":"Polygon","coordinates":[[[-44.16198,-19.84117],[-44.19308,-19.84074],[-44.21593,-19.83156],[-44.22619,-19.84199],[-44.23636,-19.87736],[-44.26686,-19.879],[-44.29407,-19.89903],[-44.31534,-19.93794],[-44.29297,-19.96216],[-44.28086,-19.96169],[-44.27023,-20.00431],[-44.25356,-20.01286],[-44.2545,-20.04371],[-44.22666,-20.03682],[-44.19622,-20.05093],[-44.18169,-20.0461],[-44.14586,-20.01802],[-44.11694,-20.02367],[-44.12309,-20.01361],[-44.07588,-19.96725],[-44.06645,-19.95327],[-44.08425,-19.93371],[-44.10706,-19.92711],[-44.12317,-19.93385],[-44.15122,-19.91871],[-44.15781,-19.88991],[-44.14943,-19.85541],[-44.16198,-19.84117]]]},"properties":{"GEOCODIGO":"3106705","NOME":"Betim","UF":"MG"}},
{"type":"Feature","geometry":{"type":"Polygon","coordinates":[[[-44.13721,-20.60151],[-44.15552,-20.63825],[-44.17783,-20.64443],[-44.19439,-20.63398],[-44.22479,-20.63111],[-44.22592,-20.64916],[-44.26008,-20.67397],[-44.24736,-20.70599],[-44.265,-20.72443],[-44.23742,-20.72264],[-44.19078,-20.75046],[-44.13953,-20.74639],[-44.14997,-20.76484],[-44.1373,-20.78654],[-44.11594,-20.78077],[-44.06372,-20.79507],[-44.05597,-20.80791],[-44.00221,-20.79958],[-43.97661,-20.7889],[-43.95694,-20.7587],[-43.96942,-20.73325],[-43.96108,-20.70062],[-43.94397,-20.67564],[-43.9593,-20.69154],[-43.9813,-20.68711],[-44.02152,-20.62963],[-44.04326,-20.62504],[-44.05031,-20.61167],[-44.07433,-20.6174],[-44.09947,-20.59872],[-44.13721,-20.60151]]]},"properties":{"GEOCODIGO":"3123908","NOME":"Entre Rios de Minas","UF":"MG"}},
{"type":"Feature","geometry":{"type":"Polygon","coordinates":[[[-44.20526,-21.11581],[-44.2315,-21.11953],[-44.22694,-21.12767],[-44.20028,-21.12237],[-44.20526,-21.11581]]]},"properties":{"GEOCODIGO":"3157336","NOME":"Santa Cruz de Minas","UF":"MG"}},
{"type":"Feature","geometry":{"type":"Polygon","coordinates":[[[-44.27023,-20.00431],[-44.29161,-20.05891],[-44.27759,-20.11096],[-44.25248,-20.12492],[-44.20985,-20.10052],[-44.21281,-20.06245],[-44.19622,-20.05093],[-44.22666,-20.03682],[-44.2545,-20.04371],[-44.25356,-20.01286],[-44.27023,-20.00431]]]},"properties":{"GEOCODIGO":"3162922","NOME":"São Joaquim de Bicas","UF":"MG"}},
{"type":"Feature","geometry":{"type":"Polygon","coordinates":[[[-44.22477,-21.07482],[-44.2095,-21.08887],[-44.20526,-21.11581],[-44.20028,-21.12237],[-44.1658,-21.13356],[-44.1211,-21.17857],[-44.09222,-21.16262],[-44.1018,-21.12007],[-44.14416,-21.09174],[-44.14314,-21.07373],[-44.17366,-21.08154],[-44.20866,-21.05532],[-44.22477,-21.07482]]]},"properties":{"GEOCODIGO":"3168804","NOME":"Tiradentes","UF":"MG"}},
{"type":"Feature","geometry":{"type":"Polygon","coordinates":[[[-44.30303,-17.80954],[-44.30612,-17.84725],[-44.30242,-17.88288],[-44.30795,-17.91278],[-44.35982,-17.91679],[-44.38435,-17.92854],[-44.40426,-18.01969],[-44.3923,-18.01659],[-44.35651,-18.03351],[-44.34542,-18.02134],[-44.31761,-18.0197],[-44.28365,-18.00809],[-44.25856,-18.01778],[-44.21868,-18.02258],[-44.19976,-18.00443],[-44.16055,-17.99316],[-44.15575,-17.97744],[-44.12904,-17.98607],[-44.08506,-17.98598],[-44.05692,-17.9509],[-44.04087,-17.97406],[-43.98015,-17.99133],[-43.96898,-17.9894],[-43.94412,-18.01547],[-43.95739,-18.03596],[-43.94921,-18.0517],[-43.94982,-18.08075],[-43.96553,-18.08973],[-43.96875,-18.11562],[-43.95384,-18.1471],[-43.9172,-18.14602],[-43.91587,-18.09903],[-43.93631,-18.07613],[-43.92597,-18.06176],[-43.88051,-18.04145],[-43.85567,-18.04135],[-43.84198,-18.02704],[-43.81962,-18.0254],[-43.8047,-17.9933],[-43.78251,-17.97901],[-43.79278,-17.95839],[-43.76246,-17.92462],[-43.77509,-17.90067],[-43.80081,-17.89077],[-43.81309,-17.86184],[-43.84256,-17.83203],[-43.84343,-17.80559],[-43.86917,-17.77956],[-43.86918,-17.75827],[-43.89242,-17.74472],[-43.90065,-17.72879],[-43.88854,-17.70578],[-43.89732,-17.66691],[-43.89437,-17.61169],[-43.9079,-17.58802],[-43.93292,-17.56517],[-43.9562,-17.55502],[-43.97276,-17.58613],[-43.97748,-17.62301],[-43.98984,-17.63826],[-43.98765,-17.66485],[-43.99646,-17.72098],[-44.02248,-17.74297],[-44.05692,-17.78295],[-44.07006,-17.82429],[-44.08514,-17.85412],[-44.11298,-17.85262],[-44.11354,-17.83185],[-44.14812,-17.81765],[-44.16186,-17.81898],[-44.18832,-17.79921],[-44.20423,-17.81854],[-44.2239,-17.81122],[-44.26426,-17.82127],[-44.30303,-17.80954]]]},"properties":{"GEOCODIGO":"3109204","NOME":"Buenópolis","UF":"MG"}},
{"type":"Feature","geometry":{"type":"Polygon","coordinates":[[[-44.52979,-14.70476],[-44.51566,-14.71869],[-44.52844,-14.74216],[-44.51074,-14.75211],[-44.53613,-14.78141],[-44.54479,-14.81014],[-44.52624,-14.81752],[-44.51968,-14.84628],[-44.52902,-14.86609],[-44.4841,-14.90712],[-44.43438,-14.88297],[-44.37835,-14.8484],[-44.35087,-14.85016],[-44.3336,-14.8314],[-44.29752,-14.82089],[-44.32154,-14.80847],[-44.2938,-14.76141],[-44.3014,-14.72454],[-44.31719,-14.71231],[-44.34244,-14.66492],[-44.33646,-14.64703],[-44.37416,-14.60138],[-44.39789,-14.59646],[-44.41413,-14.59899],[-44.43743,-14.6309],[-44.47691,-14.65141],[-44.51838,-14.64497],[-44.52485,-14.65733],[-44.50952,-14.68083],[-44.52979,-14.70476]]]},"properties":{"GEOCODIGO":"3142254","NOME":"Miravânia","UF":"MG"}},
{"type":"Feature","geometry":{"type":"Polygon","coordinates":[[[-44.16348,-21.58969],[-44.16482,-21.61211],[-44.14638,-21.65358],[-44.09844,-21.66686],[-44.07611,-21.66266],[-44.06955,-21.67919],[-44.08035,-21.6967],[-44.0713,-21.73037],[-44.05428,-21.71352],[-44.02454,-21.71427],[-43.98955,-21.69315],[-44.01672,-21.67732],[-44.00921,-21.65869],[-43.97923,-21.66755],[-43.95732,-21.63511],[-44.01022,-21.61848],[-44.03271,-21.60454],[-44.06478,-21.57072],[-44.08433,-21.55882],[-44.08591,-21.54362],[-44.10552,-21.58047],[-44.12466,-21.56941],[-44.14302,-21.58604],[-44.16348,-21.58969]]]},"properties":{"GEOCODIGO":"3158706","NOME":"Santana do Garambéu","UF":"MG"}},
{"type":"Feature","geometry":{"type":"Polygon","coordinates":[[[-44.14997,-20.76484],[-44.18278,-20.77975],[-44.19378,-20.79812],[-44.19033,-20.82494],[-44.20217,-20.8646],[-44.18888,-20.87918],[-44.14717,-20.9075],[-44.1558,-20.93871],[-44.14806,-20.95061],[-44.12211,-20.96902],[-44.14363,-20.98424],[-44.13425,-21.02324],[-44.08003,-20.99586],[-44.0344,-21.00432],[-44.01161,-20.9872],[-43.99503,-20.98947],[-43.96525,-20.97114],[-43.9341,-20.93102],[-43.92273,-20.92746],[-43.93619,-20.92173],[-43.97445,-20.88152],[-43.97753,-20.85826],[-44.00613,-20.82288],[-44.00221,-20.79958],[-44.05597,-20.80791],[-44.06372,-20.79507],[-44.11594,-20.78077],[-44.1373,-20.78654],[-44.14997,-20.76484]]]},"properties":{"GEOCODIGO":"3137403","NOME":"Lagoa Dourada","UF":"MG"}},
{"type":"Feature","geometry":{"type":"Polygon","coordinates":[[[-44.13965,-19.24267],[-44.163,-19.21176],[-44.15542,-19.1827],[-44.17975,-19.16079],[-44.19953,-19.17266],[-44.24575,-19.1642],[-44.27742,-19.17292],[-44.27947,-19.2057],[-44.29814,-19.21564],[-44.29834,-19.24252],[-44.24234,-19.26432],[-44.25295,-19.29672],[-44.26536,-19.30654],[-44.27215,-19.3398],[-44.25097,-19.31451],[-44.23442,-19.30732],[-44.16143,-19.29162],[-44.15204,-19.2587],[-44.13965,-19.24267]]]},"properties":{"GEOCODIGO":"3103207","NOME":"Araçaí","UF":"MG"}},
{"type":"Feature","geometry":{"type":"Polygon","coordinates":[[[-44.09141,-21.79683],[-44.10176,-21.82339],[-44.09286,-21.84179],[-44.09909,-21.87576],[-44.08748,-21.88493],[-44.05438,-21.86568],[-44.01616,-21.8545],[-43.97811,-21.86181],[-43.93368,-21.84453],[-43.91005,-21.87018],[-43.90792,-21.89101],[-43.88783,-21.91891],[-43.86491,-21.92894],[-43.86805,-21.96223],[-43.85701,-21.96418],[-43.81491,-21.95702],[-43.78089,-21.93642],[-43.76607,-21.90927],[-43.77822,-21.87288],[-43.74752,-21.85788],[-43.70716,-21.85449],[-43.68641,-21.8331],[-43.66617,-21.85309],[-43.63038,-21.81465],[-43.65041,-21.79068],[-43.66786,-21.7505],[-43.69452,-21.75954],[-43.72668,-21.79268],[-43.75624,-21.78208],[-43.75002,-21.75856],[-43.77745,-21.73535],[-43.78969,-21.71336],[-43.82861,-21.72079],[-43.87282,-21.70846],[-43.87358,-21.67909],[-43.88938,-21.68654],[-43.90922,-21.66243],[-43.95732,-21.63511],[-43.97923,-21.66755],[-44.00921,-21.65869],[-44.01672,-21.67732],[-43.98955,-21.69315],[-44.02454,-21.71427],[-44.05428,-21.71352],[-44.0713,-21.73037],[-44.07858,-21.74265],[-44.07578,-21.78302],[-44.09141,-21.79683]]]},"properties":{"GEOCODIGO":"3138609","NOME":"Lima Duarte","UF":"MG"}},
{"type":"Feature","geometry":{"type":"Polygon","coordinates":[[[-44.48688,-14.96466],[-44.46693,-14.98108],[-44.40991,-14.97211],[-44.36285,-14.97959],[-44.3483,-14.99316],[-44.32583,-15.03608],[-44.32624,-15.04622],[-44.29497,-15.07706],[-44.27413,-15.08818],[-44.25043,-15.08569],[-44.23366,-15.09704],[-44.24193,-15.1363],[-44.21527,-15.17607],[-44.16916,-15.17507],[-44.12305,-15.19856],[-44.10891,-15.2181],[-44.13257,-15.24],[-44.13507,-15.26104],[-44.11674,-15.27656],[-44.12994,-15.32349],[-44.16566,-15.37917],[-44.14549,-15.37371],[-44.13205,-15.40306],[-44.10635,-15.43265],[-44.04598,-15.4477],[-44.02927,-15.48768],[-44.01404,-15.48611],[-43.98663,-15.51932],[-43.97537,-15.52008],[-43.94201,-15.49429],[-43.9491,-15.4691],[-43.93029,-15.43741],[-43.93757,-15.36659],[-43.92502,-15.34359],[-43.92818,-15.3085],[-43.99557,-15.25454],[-44.02627,-15.25077],[-44.0416,-15.21859],[-44.06102,-15.20603],[-44.05904,-15.18248],[-44.04009,-15.14252],[-44.03354,-15.09394],[-44.01922,-15.07161],[-44.0138,-15.0449],[-44.01893,-15.01417],[-44.00126,-14.97935],[-44.00691,-14.9784],[-44.06459,-14.99077],[-44.0841,-14.97102],[-44.10043,-14.96803],[-44.14162,-14.97629],[-44.1831,-14.97386],[-44.20748,-14.96689],[-44.24027,-14.99192],[-44.26152,-14.98048],[-44.28075,-14.99283],[-44.30324,-14.97136],[-44.32629,-14.96222],[-44.34352,-14.93594],[-44.36354,-14.94782],[-44.38694,-14.92924],[-44.42469,-14.92468],[-44.44832,-14.92825],[-44.4841,-14.90712],[-44.48688,-14.96466]]]},"properties":{"GEOCODIGO":"3132107","NOME":"Itacarambi","UF":"MG"}},
{"type":"Feature","geometry":{"type":"Polygon","coordinates":[[[-44.19622,-20.05093],[-44.21281,-20.06245],[-44.20985,-20.10052],[-44.16441,-20.09573],[-44.12264,-20.09871],[-44.14681,-20.08371],[-44.14847,-20.06071],[-44.18169,-20.0461],[-44.19622,-20.05093]]]},"properties":{"GEOCODIGO":"3140159","NOME":"Mário Campos","UF":"MG"}},
{"type":"Feature","geometry":{"type":"Polygon","coordinates":[[[-44.31281,-18.23185],[-44.31523,-18.27613],[-44.29593,-18.29314],[-44.30017,-18.31658],[-44.26159,-18.32975],[-44.27073,-18.36081],[-44.23259,-18.39981],[-44.19212,-18.41422],[-44.18562,-18.4461],[-44.19893,-18.48061],[-44.17933,-18.50717],[-44.12937,-18.51008],[-44.13736,-18.54503],[-44.10339,-18.56032],[-44.07864,-18.55746],[-44.05229,-18.50738],[-44.02253,-18.49286],[-44.00868,-18.47196],[-44.01506,-18.44682],[-44.04847,-18.44249],[-44.0747,-18.44604],[-44.11498,-18.40041],[-44.1372,-18.40083],[-44.16879,-18.36491],[-44.17031,-18.34731],[-44.15359,-18.32134],[-44.15584,-18.30039],[-44.19384,-18.27371],[-44.19557,-18.24573],[-44.20637,-18.23489],[-44.2754,-18.23694],[-44.31281,-18.23185]]]},"properties":{"GEOCODIGO":"3160603","NOME":"Santo Hipólito","UF":"MG"}},
{"type":"Feature","geometry":{"type":"Polygon","coordinates":[[[-44.14314,-21.07373],[-44.14416,-21.09174],[-44.1018,-21.12007],[-44.09222,-21.16262],[-44.1211,-21.17857],[-44.11869,-21.19609],[-44.08722,-21.20226],[-44.0506,-21.22162],[-44.03846,-21.24699],[-44.02291,-21.24196],[-44.00167,-21.22148],[-44.01305,-21.16066],[-44.04138,-21.14775],[-44.04017,-21.12457],[-44.06289,-21.10741],[-44.04122,-21.08988],[-44.02094,-21.04039],[-43.98731,-21.05784],[-43.96437,-21.04244],[-43.9795,-21.03325],[-43.9834,-21.00652],[-43.99503,-20.98947],[-44.01161,-20.9872],[-44.0344,-21.00432],[-44.08003,-20.99586],[-44.13425,-21.02324],[-44.14472,-21.0332],[-44.13252,-21.06519],[-44.14314,-21.07373]]]},"properties":{"GEOCODIGO":"3152709","NOME":"Prados","UF":"MG"}},
{"type":"Feature","geometry":{"type":"Polygon","coordinates":[[[-44.08748,-21.88493],[-44.07163,-21.92342],[-44.05114,-21.92686],[-44.03205,-21.91056],[-44.00036,-21.91049],[-43.9773,-21.95732],[-43.92688,-21.96333],[-43.89622,-21.97407],[-43.86805,-21.96223],[-43.86491,-21.92894],[-43.88783,-21.91891],[-43.90792,-21.89101],[-43.91005,-21.87018],[-43.93368,-21.84453],[-43.97811,-21.86181],[-44.01616,-21.8545],[-44.05438,-21.86568],[-44.08748,-21.88493]]]},"properties":{"GEOCODIGO":"3145406","NOME":"Olaria","UF":"MG"}},
{"type":"Feature","geometry":{"type":"Polygon","coordinates":[[[-44.17981,-20.52266],[-44.15925,-20.54718],[-44.12825,-20.56932],[-44.14492,-20.58435],[-44.13721,-20.60151],[-44.09947,-20.59872],[-44.07433,-20.6174],[-44.05031,-20.61167],[-44.04326,-20.62504],[-44.02991,-20.59704],[-44.00616,-20.56538],[-43.96494,-20.59664],[-43.91527,-20.58414],[-43.9062,-20.5621],[-43.91325,-20.54107],[-43.92961,-20.53164],[-43.96959,-20.54198],[-43.98272,-20.52883],[-43.98566,-20.50628],[-44.02546,-20.5083],[-44.06553,-20.49482],[-44.12253,-20.51054],[-44.15889,-20.5115],[-44.17981,-20.52266]]]},"properties":{"GEOCODIGO":"3135407","NOME":"Jeceaba","UF":"MG"}},
{"type":"Feature","geometry":{"type":"Polygon","coordinates":[[[-44.4841,-14.90712],[-44.44832,-14.92825],[-44.42469,-14.92468],[-44.38694,-14.92924],[-44.36354,-14.94782],[-44.34352,-14.93594],[-44.32629,-14.96222],[-44.30324,-14.97136],[-44.28075,-14.99283],[-44.26152,-14.98048],[-44.24027,-14.99192],[-44.20748,-14.96689],[-44.1831,-14.97386],[-44.14162,-14.97629],[-44.10043,-14.96803],[-44.0841,-14.97102],[-44.06459,-14.99077],[-44.00691,-14.9784],[-44.01156,-14.96184],[-44.05608,-14.94945],[-44.05154,-14.93172],[-44.07409,-14.88146],[-44.09688,-14.865],[-44.09654,-14.82277],[-44.14332,-14.79833],[-44.1563,-14.77956],[-44.19927,-14.76338],[-44.22818,-14.77176],[-44.23479,-14.78644],[-44.28339,-14.8065],[-44.29752,-14.82089],[-44.3336,-14.8314],[-44.35087,-14.85016],[-44.37835,-14.8484],[-44.43438,-14.88297],[-44.4841,-14.90712]]]},"properties":{"GEOCODIGO":"3162450","NOME":"São João das MissõEs","UF":"MG"}},
{"type":"Feature","geometry":{"type":"Polygon","coordinates":[[[-44.43716,-15.85009],[-44.42013,-15.85909],[-44.41143,-15.89273],[-44.42227,-15.90738],[-44.41133,-15.92956],[-44.43524,-15.95633],[-44.43055,-15.97342],[-44.42293,-16],[-44.38996,-16.00796],[-44.37444,-15.99471],[-44.33129,-16.01006],[-44.31415,-16.04119],[-44.27643,-16.06244],[-44.25487,-16.05919],[-44.22635,-16.08086],[-44.2058,-16.03114],[-44.20674,-16.01942],[-44.23216,-15.99997],[-44.23635,-15.97854],[-44.22748,-15.95557],[-44.20229,-15.93902],[-44.23718,-15.89923],[-44.27187,-15.92561],[-44.31926,-15.9262],[-44.33973,-15.93257],[-44.36235,-15.89457],[-44.35846,-15.8484],[-44.34603,-15.82597],[-44.3508,-15.79913],[-44.37197,-15.78483],[-44.39718,-15.78906],[-44.42776,-15.80649],[-44.43982,-15.82311],[-44.43716,-15.85009]]]},"properties":{"GEOCODIGO":"3135357","NOME":"Japonvar","UF":"MG"}},
{"type":"Feature","geometry":{"type":"Polygon","coordinates":[[[-44.15209,-20.42192],[-44.16164,-20.44364],[-44.146,-20.46503],[-44.17388,-20.49533],[-44.15889,-20.5115],[-44.12253,-20.51054],[-44.06553,-20.49482],[-44.02546,-20.5083],[-43.98566,-20.50628],[-43.97425,-20.50691],[-43.9468,-20.45773],[-43.92578,-20.45668],[-43.91586,-20.42635],[-43.92763,-20.4046],[-43.98092,-20.39287],[-43.98698,-20.38244],[-44.02739,-20.3821],[-44.03817,-20.34407],[-44.06884,-20.35436],[-44.06381,-20.33254],[-44.08196,-20.30813],[-44.12177,-20.30723],[-44.141,-20.3403],[-44.15683,-20.35188],[-44.15209,-20.42192]]]},"properties":{"GEOCODIGO":"3106408","NOME":"Belo Vale","UF":"MG"}},
{"type":"Feature","geometry":{"type":"Polygon","coordinates":[[[-44.22267,-19.59983],[-44.20137,-19.62266],[-44.19794,-19.64215],[-44.18825,-19.62],[-44.16789,-19.59953],[-44.14142,-19.60345],[-44.10734,-19.56968],[-44.11483,-19.52558],[-44.132,-19.52427],[-44.17142,-19.53642],[-44.18053,-19.52453],[-44.20662,-19.5293],[-44.22162,-19.5795],[-44.22267,-19.59983]]]},"properties":{"GEOCODIGO":"3112505","NOME":"Capim Branco","UF":"MG"}},
{"type":"Feature","geometry":{"type":"Polygon","coordinates":[[[-44.05491,-21.51768],[-44.08591,-21.54362],[-44.08433,-21.55882],[-44.06478,-21.57072],[-44.03271,-21.60454],[-44.01022,-21.61848],[-43.95732,-21.63511],[-43.90922,-21.66243],[-43.88938,-21.68654],[-43.87358,-21.67909],[-43.85482,-21.64377],[-43.83602,-21.62936],[-43.82852,-21.602],[-43.84108,-21.58208],[-43.83141,-21.55514],[-43.81733,-21.55347],[-43.81494,-21.52596],[-43.82395,-21.50912],[-43.87613,-21.50433],[-43.89378,-21.5116],[-43.92947,-21.50718],[-43.9678,-21.52791],[-43.9791,-21.54352],[-44.02586,-21.53572],[-44.05491,-21.51768]]]},"properties":{"GEOCODIGO":"3159407","NOME":"Santa Rita de Ibitipoca","UF":"MG"}},
{"type":"Feature","geometry":{"type":"Polygon","coordinates":[[[-44.3322,-16.94562],[-44.30452,-16.96261],[-44.28615,-16.99041],[-44.29607,-17.02103],[-44.33023,-17.04286],[-44.35048,-17.10993],[-44.32429,-17.11643],[-44.32351,-17.13709],[-44.28451,-17.14636],[-44.26793,-17.16235],[-44.29087,-17.18345],[-44.3199,-17.22783],[-44.32907,-17.25037],[-44.32512,-17.27143],[-44.28409,-17.2818],[-44.26518,-17.25557],[-44.2239,-17.27744],[-44.19679,-17.24244],[-44.19846,-17.22401],[-44.17359,-17.21593],[-44.16326,-17.18955],[-44.11183,-17.15686],[-44.1072,-17.14695],[-44.12121,-17.12358],[-44.13948,-17.11273],[-44.19788,-17.09919],[-44.18887,-17.06489],[-44.15443,-17.02103],[-44.15465,-16.95825],[-44.13772,-16.94209],[-44.13373,-16.89333],[-44.12024,-16.879],[-44.12949,-16.82011],[-44.15715,-16.83225],[-44.15515,-16.86452],[-44.17807,-16.8998],[-44.19276,-16.90761],[-44.18893,-16.85392],[-44.24109,-16.88504],[-44.24728,-16.90839],[-44.28089,-16.92847],[-44.3127,-16.93281],[-44.3322,-16.94562]]]},"properties":{"GEOCODIGO":"3116506","NOME":"Claro dos PoçõEs","UF":"MG"}},
{"type":"Feature","geometry":{"type":"Polygon","coordinates":[[[-44.18169,-20.0461],[-44.14847,-20.06071],[-44.14681,-20.08371],[-44.12264,-20.09871],[-44.09078,-20.09448],[-44.06347,-20.07893],[-44.08788,-20.05267],[-44.09431,-20.02683],[-44.11694,-20.02367],[-44.14586,-20.01802],[-44.18169,-20.0461]]]},"properties":{"GEOCODIGO":"3165537","NOME":"Sarzedo","UF":"MG"}},
{"type":"Feature","geometry":{"type":"Polygon","coordinates":[[[-44.08934,-21.43531],[-44.05239,-21.44963],[-44.05491,-21.51768],[-44.02586,-21.53572],[-43.9791,-21.54352],[-43.9678,-21.52791],[-43.92947,-21.50718],[-43.89378,-21.5116],[-43.87613,-21.50433],[-43.82395,-21.50912],[-43.81344,-21.49329],[-43.82367,-21.46933],[-43.84824,-21.45331],[-43.85717,-21.4138],[-43.87725,-21.40478],[-43.89091,-21.38382],[-43.87574,-21.3682],[-43.88029,-21.35316],[-43.91675,-21.37097],[-43.97602,-21.37319],[-44.006,-21.36339],[-44.03366,-21.38182],[-44.05471,-21.40754],[-44.0748,-21.41344],[-44.08934,-21.43531]]]},"properties":{"GEOCODIGO":"3129400","NOME":"Ibertioga","UF":"MG"}},
{"type":"Feature","geometry":{"type":"Polygon","coordinates":[[[-44.19794,-19.64215],[-44.19476,-19.66238],[-44.14822,-19.64189],[-44.12799,-19.6205],[-44.09881,-19.61461],[-44.06845,-19.59141],[-44.04539,-19.59296],[-44.04729,-19.56051],[-44.01629,-19.557],[-43.98434,-19.5154],[-43.95778,-19.50781],[-43.95089,-19.48741],[-43.94681,-19.43191],[-43.95732,-19.41539],[-43.98975,-19.40442],[-44.00666,-19.4463],[-44.01883,-19.44818],[-44.04075,-19.42518],[-44.04319,-19.46517],[-44.06498,-19.4624],[-44.08259,-19.48589],[-44.10517,-19.49691],[-44.11483,-19.52558],[-44.10734,-19.56968],[-44.14142,-19.60345],[-44.16789,-19.59953],[-44.18825,-19.62],[-44.19794,-19.64215]]]},"properties":{"GEOCODIGO":"3141108","NOME":"Matozinhos","UF":"MG"}},
{"type":"Feature","geometry":{"type":"Polygon","coordinates":[[[-44.19476,-19.66238],[-44.18453,-19.68104],[-44.14937,-19.685],[-44.13315,-19.70876],[-44.1045,-19.73693],[-44.06823,-19.71666],[-44.05517,-19.76194],[-44.04108,-19.77322],[-44.00514,-19.73673],[-44.00722,-19.72173],[-44.03461,-19.70837],[-44.04148,-19.6826],[-44.00433,-19.65445],[-43.99296,-19.60293],[-43.97135,-19.59828],[-43.97132,-19.57602],[-43.96055,-19.5405],[-43.92195,-19.53586],[-43.92214,-19.50842],[-43.95089,-19.48741],[-43.95778,-19.50781],[-43.98434,-19.5154],[-44.01629,-19.557],[-44.04729,-19.56051],[-44.04539,-19.59296],[-44.06845,-19.59141],[-44.09881,-19.61461],[-44.12799,-19.6205],[-44.14822,-19.64189],[-44.19476,-19.66238]]]},"properties":{"GEOCODIGO":"3149309","NOME":"Pedro Leopoldo","UF":"MG"}},
{"type":"Feature","geometry":{"type":"Polygon","coordinates":[[[-44.28793,-17.70182],[-44.28615,-17.73388],[-44.27501,-17.75871],[-44.28893,-17.77532],[-44.29184,-17.80157],[-44.30303,-17.80954],[-44.26426,-17.82127],[-44.2239,-17.81122],[-44.20423,-17.81854],[-44.18832,-17.79921],[-44.16186,-17.81898],[-44.14812,-17.81765],[-44.11354,-17.83185],[-44.11298,-17.85262],[-44.08514,-17.85412],[-44.07006,-17.82429],[-44.05692,-17.78295],[-44.02248,-17.74297],[-43.99646,-17.72098],[-43.98765,-17.66485],[-43.98984,-17.63826],[-43.97748,-17.62301],[-43.97276,-17.58613],[-43.9562,-17.55502],[-43.9602,-17.54419],[-44.00617,-17.51738],[-44.02976,-17.47555],[-44.05729,-17.44962],[-44.08501,-17.42808],[-44.08501,-17.45198],[-44.10087,-17.4979],[-44.09779,-17.55379],[-44.12631,-17.5766],[-44.1139,-17.59075],[-44.11642,-17.61209],[-44.14443,-17.63167],[-44.16432,-17.65545],[-44.1857,-17.65128],[-44.26253,-17.69054],[-44.28468,-17.67976],[-44.28793,-17.70182]]]},"properties":{"GEOCODIGO":"3136405","NOME":"Joaquim Felício","UF":"MG"}},
{"type":"Feature","geometry":{"type":"Polygon","coordinates":[[[-44.12804,-19.43135],[-44.17012,-19.47317],[-44.16562,-19.50114],[-44.18053,-19.52453],[-44.17142,-19.53642],[-44.132,-19.52427],[-44.11483,-19.52558],[-44.10517,-19.49691],[-44.08259,-19.48589],[-44.06498,-19.4624],[-44.04319,-19.46517],[-44.04075,-19.42518],[-44.04323,-19.40464],[-44.11953,-19.41061],[-44.12804,-19.43135]]]},"properties":{"GEOCODIGO":"3153608","NOME":"Prudente de Morais","UF":"MG"}},
{"type":"Feature","geometry":{"type":"Polygon","coordinates":[[[-44.16198,-19.84117],[-44.14943,-19.85541],[-44.15781,-19.88991],[-44.15122,-19.91871],[-44.12317,-19.93385],[-44.10706,-19.92711],[-44.08425,-19.93371],[-44.06645,-19.95327],[-44.07588,-19.96725],[-44.06197,-19.97431],[-44.03034,-19.97603],[-44.0124,-19.96768],[-44.01222,-19.94617],[-44.02672,-19.93695],[-44.02631,-19.89842],[-44.01293,-19.88059],[-44.00892,-19.85267],[-44.01683,-19.83118],[-44.0662,-19.84506],[-44.10159,-19.81998],[-44.10261,-19.80767],[-44.13398,-19.79878],[-44.16198,-19.84117]]]},"properties":{"GEOCODIGO":"3118601","NOME":"Contagem","UF":"MG"}},
{"type":"Feature","geometry":{"type":"Polygon","coordinates":[[[-44.13315,-19.70876],[-44.1642,-19.75685],[-44.14225,-19.77941],[-44.13398,-19.79878],[-44.10261,-19.80767],[-44.10159,-19.81998],[-44.0662,-19.84506],[-44.01683,-19.83118],[-44.00534,-19.82091],[-43.99011,-19.78539],[-43.97578,-19.78119],[-43.99431,-19.7625],[-44.00514,-19.73673],[-44.04108,-19.77322],[-44.05517,-19.76194],[-44.06823,-19.71666],[-44.1045,-19.73693],[-44.13315,-19.70876]]]},"properties":{"GEOCODIGO":"3154606","NOME":"Ribeirão das Neves","UF":"MG"}},
{"type":"Feature","geometry":{"type":"Polygon","coordinates":[[[-44.21959,-18.58234],[-44.20611,-18.59232],[-44.20862,-18.61803],[-44.16048,-18.64706],[-44.18723,-18.66197],[-44.18362,-18.67507],[-44.20942,-18.69338],[-44.20975,-18.70814],[-44.16965,-18.69492],[-44.15795,-18.76723],[-44.15242,-18.80652],[-44.13148,-18.83364],[-44.13637,-18.85627],[-44.12103,-18.88981],[-44.07384,-18.91488],[-44.05381,-18.88744],[-44.03061,-18.90301],[-43.99317,-18.91718],[-43.98759,-18.88633],[-43.95729,-18.86712],[-43.9522,-18.82183],[-43.97664,-18.80457],[-43.96937,-18.78625],[-43.97214,-18.76055],[-43.96017,-18.73575],[-43.98356,-18.72156],[-43.99895,-18.66746],[-44.01889,-18.67746],[-44.02509,-18.65541],[-44.06112,-18.63383],[-44.05387,-18.58869],[-44.06878,-18.56785],[-44.07864,-18.55746],[-44.10339,-18.56032],[-44.13736,-18.54503],[-44.12937,-18.51008],[-44.17933,-18.50717],[-44.1797,-18.56413],[-44.21959,-18.58234]]]},"properties":{"GEOCODIGO":"3153202","NOME":"Presidente Juscelino","UF":"MG"}},
{"type":"Feature","geometry":{"type":"Polygon","coordinates":[[[-44.34603,-15.82597],[-44.35846,-15.8484],[-44.36235,-15.89457],[-44.33973,-15.93257],[-44.31926,-15.9262],[-44.27187,-15.92561],[-44.23718,-15.89923],[-44.20229,-15.93902],[-44.16965,-15.90291],[-44.18665,-15.8416],[-44.20318,-15.82892],[-44.21538,-15.82132],[-44.2359,-15.78482],[-44.26313,-15.75045],[-44.2783,-15.74384],[-44.29109,-15.76427],[-44.31344,-15.76943],[-44.29852,-15.79443],[-44.29312,-15.84],[-44.31552,-15.83643],[-44.32576,-15.82225],[-44.34603,-15.82597]]]},"properties":{"GEOCODIGO":"3138658","NOME":"Lontra","UF":"MG"}},
{"type":"Feature","geometry":{"type":"Polygon","coordinates":[[[-43.9773,-21.95732],[-44.00333,-21.99441],[-44.00019,-22.0221],[-43.97858,-22.01758],[-43.94282,-22.02773],[-43.97018,-22.04574],[-43.96888,-22.06716],[-43.98102,-22.09552],[-43.96944,-22.12257],[-43.97839,-22.14617],[-43.88018,-22.11316],[-43.8795,-22.09987],[-43.84297,-22.09848],[-43.79984,-22.08201],[-43.77388,-22.06565],[-43.73213,-22.09641],[-43.70899,-22.07651],[-43.7206,-22.06777],[-43.74985,-22.02047],[-43.784,-22.01336],[-43.7953,-21.99476],[-43.83024,-21.9696],[-43.85701,-21.96418],[-43.86805,-21.96223],[-43.89622,-21.97407],[-43.92688,-21.96333],[-43.9773,-21.95732]]]},"properties":{"GEOCODIGO":"3155900","NOME":"Rio Preto","UF":"MG"}},
{"type":"Feature","geometry":{"type":"Polygon","coordinates":[[[-43.96437,-21.04244],[-43.98731,-21.05784],[-44.02094,-21.04039],[-44.04122,-21.08988],[-44.06289,-21.10741],[-44.04017,-21.12457],[-44.04138,-21.14775],[-44.01305,-21.16066],[-43.99928,-21.14979],[-43.96644,-21.15443],[-43.94178,-21.12185],[-43.92662,-21.08777],[-43.92964,-21.06293],[-43.9441,-21.04607],[-43.96437,-21.04244]]]},"properties":{"GEOCODIGO":"3123007","NOME":"Dores de Campos","UF":"MG"}},
{"type":"Feature","geometry":{"type":"Polygon","coordinates":[[[-44.07588,-19.96725],[-44.12309,-20.01361],[-44.11694,-20.02367],[-44.09431,-20.02683],[-44.08788,-20.05267],[-44.06347,-20.07893],[-44.01711,-20.05339],[-44.00989,-20.04158],[-44.03881,-20.014],[-44.06197,-19.97431],[-44.07588,-19.96725]]]},"properties":{"GEOCODIGO":"3129806","NOME":"Ibirité","UF":"MG"}},
{"type":"Feature","geometry":{"type":"Polygon","coordinates":[[[-44.1479,-19.30311],[-44.16342,-19.32653],[-44.12804,-19.43135],[-44.11953,-19.41061],[-44.04323,-19.40464],[-44.04075,-19.42518],[-44.01883,-19.44818],[-44.00666,-19.4463],[-43.98975,-19.40442],[-43.9747,-19.36712],[-43.99906,-19.35421],[-44.00729,-19.33342],[-44.05703,-19.33128],[-44.07281,-19.30065],[-44.07603,-19.27588],[-44.09509,-19.2714],[-44.1067,-19.29217],[-44.12761,-19.2899],[-44.1479,-19.30311]]]},"properties":{"GEOCODIGO":"3127206","NOME":"Funilândia","UF":"MG"}},
{"type":"Feature","geometry":{"type":"Polygon","coordinates":[[[-44.13965,-19.24267],[-44.15204,-19.2587],[-44.16143,-19.29162],[-44.1479,-19.30311],[-44.12761,-19.2899],[-44.1067,-19.29217],[-44.09509,-19.2714],[-44.07603,-19.27588],[-44.07281,-19.30065],[-44.05703,-19.33128],[-44.00729,-19.33342],[-43.99338,-19.3258],[-43.98512,-19.30148],[-43.99712,-19.27518],[-43.989,-19.26421],[-43.9405,-19.25063],[-43.93094,-19.23657],[-43.89773,-19.21461],[-43.87222,-19.21996],[-43.83694,-19.20606],[-43.8382,-19.16025],[-43.86167,-19.14471],[-43.88794,-19.14494],[-43.93249,-19.12411],[-43.9695,-19.14753],[-43.9957,-19.12106],[-44.01053,-19.09255],[-44.0412,-19.07822],[-44.02368,-19.12308],[-44.06617,-19.12057],[-44.0744,-19.13616],[-44.05664,-19.15238],[-44.09454,-19.17667],[-44.09692,-19.21427],[-44.13965,-19.24267]]]},"properties":{"GEOCODIGO":"3135704","NOME":"Jequitibá","UF":"MG"}},
{"type":"Feature","geometry":{"type":"Polygon","coordinates":[[[-44.02291,-21.24196],[-44.02462,-21.25955],[-44.01127,-21.28392],[-44.0113,-21.30718],[-44.02525,-21.34121],[-44.006,-21.36339],[-43.97602,-21.37319],[-43.91675,-21.37097],[-43.88029,-21.35316],[-43.8861,-21.3227],[-43.86124,-21.29028],[-43.81063,-21.27649],[-43.7826,-21.28295],[-43.76693,-21.29745],[-43.73888,-21.29552],[-43.70832,-21.3068],[-43.68083,-21.34633],[-43.65652,-21.35162],[-43.63041,-21.37534],[-43.60358,-21.33208],[-43.5803,-21.31887],[-43.59821,-21.28271],[-43.60881,-21.22333],[-43.59853,-21.21445],[-43.59935,-21.16653],[-43.6068,-21.12938],[-43.63208,-21.13436],[-43.63822,-21.14862],[-43.692,-21.18361],[-43.71246,-21.18824],[-43.77526,-21.16693],[-43.78594,-21.1548],[-43.83055,-21.14622],[-43.84638,-21.15096],[-43.87277,-21.13145],[-43.90257,-21.13712],[-43.90988,-21.12477],[-43.94178,-21.12185],[-43.92975,-21.13689],[-43.92579,-21.16429],[-43.89706,-21.19998],[-43.91474,-21.22243],[-43.9333,-21.22312],[-43.96597,-21.20856],[-43.98969,-21.22897],[-44.00167,-21.22148],[-44.02291,-21.24196]]]},"properties":{"GEOCODIGO":"3105608","NOME":"Barbacena","UF":"MG"}},
{"type":"Feature","geometry":{"type":"Polygon","coordinates":[[[-44.39789,-14.59646],[-44.37416,-14.60138],[-44.33646,-14.64703],[-44.34244,-14.66492],[-44.31719,-14.71231],[-44.3014,-14.72454],[-44.2938,-14.76141],[-44.32154,-14.80847],[-44.29752,-14.82089],[-44.28339,-14.8065],[-44.23479,-14.78644],[-44.22818,-14.77176],[-44.19927,-14.76338],[-44.1563,-14.77956],[-44.14332,-14.79833],[-44.09654,-14.82277],[-44.09688,-14.865],[-44.07409,-14.88146],[-44.05154,-14.93172],[-44.05608,-14.94945],[-44.01156,-14.96184],[-44.00691,-14.9784],[-44.00126,-14.97935],[-43.98432,-14.96731],[-43.96663,-14.92949],[-43.95063,-14.91224],[-43.9389,-14.8744],[-43.91882,-14.83566],[-43.93385,-14.77288],[-43.9164,-14.71481],[-43.91274,-14.64958],[-43.89738,-14.59045],[-43.8809,-14.56193],[-43.86986,-14.51263],[-43.83156,-14.44256],[-43.81898,-14.38886],[-43.86758,-14.40619],[-43.89812,-14.46466],[-43.9041,-14.49496],[-43.92177,-14.51725],[-44.01293,-14.53606],[-44.0208,-14.50021],[-44.05539,-14.38267],[-44.08118,-14.36156],[-44.11538,-14.36476],[-44.13061,-14.37594],[-44.14708,-14.40554],[-44.17413,-14.41048],[-44.21805,-14.43617],[-44.20608,-14.48282],[-44.2146,-14.50188],[-44.23621,-14.51557],[-44.25243,-14.53958],[-44.25671,-14.56047],[-44.27158,-14.5657],[-44.29955,-14.54143],[-44.32511,-14.55031],[-44.37174,-14.58644],[-44.39789,-14.59646]]]},"properties":{"GEOCODIGO":"3139300","NOME":"Manga","UF":"MG"}},
{"type":"Feature","geometry":{"type":"Polygon","coordinates":[[[-44.08196,-20.30813],[-44.06381,-20.33254],[-44.06884,-20.35436],[-44.03817,-20.34407],[-44.02739,-20.3821],[-43.98698,-20.38244],[-43.98092,-20.39287],[-43.92763,-20.4046],[-43.93077,-20.3824],[-43.94031,-20.31573],[-43.95011,-20.28131],[-43.96507,-20.25944],[-43.99812,-20.25457],[-44.01949,-20.27073],[-44.03058,-20.29833],[-44.05589,-20.31491],[-44.08196,-20.30813]]]},"properties":{"GEOCODIGO":"3142304","NOME":"Moeda","UF":"MG"}},
{"type":"Feature","geometry":{"type":"Polygon","coordinates":[[[-44.30894,-16.36112],[-44.28373,-16.39064],[-44.25323,-16.38492],[-44.24455,-16.39428],[-44.21066,-16.39056],[-44.17371,-16.37117],[-44.14282,-16.36817],[-44.10824,-16.3724],[-44.09496,-16.38987],[-44.05065,-16.42416],[-44.0356,-16.4242],[-44.06159,-16.38338],[-44.04665,-16.29602],[-43.98007,-16.23521],[-43.99365,-16.20731],[-43.99015,-16.16265],[-44.0209,-16.17572],[-44.05251,-16.17917],[-44.05545,-16.2002],[-44.10199,-16.19015],[-44.12494,-16.14456],[-44.16082,-16.1392],[-44.18404,-16.12096],[-44.2365,-16.09201],[-44.27173,-16.13518],[-44.28015,-16.16408],[-44.29793,-16.1784],[-44.28174,-16.20942],[-44.24366,-16.23392],[-44.25623,-16.26404],[-44.25335,-16.27987],[-44.29021,-16.3251],[-44.30894,-16.36112]]]},"properties":{"GEOCODIGO":"3142007","NOME":"Mirabela","UF":"MG"}},
{"type":"Feature","geometry":{"type":"Polygon","coordinates":[[[-44.19557,-18.24573],[-44.19384,-18.27371],[-44.15584,-18.30039],[-44.15359,-18.32134],[-44.17031,-18.34731],[-44.16879,-18.36491],[-44.1372,-18.40083],[-44.11498,-18.40041],[-44.0747,-18.44604],[-44.04847,-18.44249],[-44.01506,-18.44682],[-44.00868,-18.47196],[-44.02253,-18.49286],[-44.05229,-18.50738],[-44.07864,-18.55746],[-44.06878,-18.56785],[-44.01125,-18.54005],[-43.98847,-18.54618],[-43.94812,-18.52026],[-43.87814,-18.50129],[-43.86968,-18.47913],[-43.89301,-18.46695],[-43.87742,-18.44032],[-43.84653,-18.435],[-43.81501,-18.40821],[-43.82026,-18.39295],[-43.86278,-18.39029],[-43.8581,-18.36875],[-43.87776,-18.36343],[-43.90847,-18.37643],[-43.95875,-18.37574],[-43.96042,-18.35889],[-43.98577,-18.34565],[-43.97714,-18.3313],[-44.00332,-18.30409],[-44.00101,-18.28909],[-44.05548,-18.27501],[-44.05706,-18.26185],[-44.08826,-18.22016],[-44.1377,-18.22593],[-44.15598,-18.24949],[-44.17201,-18.23883],[-44.19557,-18.24573]]]},"properties":{"GEOCODIGO":"3142502","NOME":"Monjolos","UF":"MG"}},
{"type":"Feature","geometry":{"type":"Polygon","coordinates":[[[-44.01305,-21.16066],[-44.00167,-21.22148],[-43.98969,-21.22897],[-43.96597,-21.20856],[-43.9333,-21.22312],[-43.91474,-21.22243],[-43.89706,-21.19998],[-43.92579,-21.16429],[-43.92975,-21.13689],[-43.94178,-21.12185],[-43.96644,-21.15443],[-43.99928,-21.14979],[-44.01305,-21.16066]]]},"properties":{"GEOCODIGO":"3105905","NOME":"Barroso","UF":"MG"}},
{"type":"Feature","geometry":{"type":"Polygon","coordinates":[[[-44.04326,-20.62504],[-44.02152,-20.62963],[-43.9813,-20.68711],[-43.9593,-20.69154],[-43.94397,-20.67564],[-43.92366,-20.65841],[-43.92421,-20.62827],[-43.90983,-20.60254],[-43.91527,-20.58414],[-43.96494,-20.59664],[-44.00616,-20.56538],[-44.02991,-20.59704],[-44.04326,-20.62504]]]},"properties":{"GEOCODIGO":"3160900","NOME":"São Brás do Suaçuí","UF":"MG"}},
{"type":"Feature","geometry":{"type":"Polygon","coordinates":[[[-44.00221,-20.79958],[-44.00613,-20.82288],[-43.97753,-20.85826],[-43.97445,-20.88152],[-43.93619,-20.92173],[-43.92273,-20.92746],[-43.90038,-20.91784],[-43.8962,-20.88548],[-43.8803,-20.85177],[-43.89573,-20.82597],[-43.89397,-20.80372],[-43.89911,-20.76696],[-43.91955,-20.76562],[-43.94725,-20.75144],[-43.95694,-20.7587],[-43.97661,-20.7889],[-44.00221,-20.79958]]]},"properties":{"GEOCODIGO":"3114907","NOME":"Casa Grande","UF":"MG"}},
{"type":"Feature","geometry":{"type":"Polygon","coordinates":[[[-44.06197,-19.97431],[-44.03881,-20.014],[-44.00989,-20.04158],[-44.01711,-20.05339],[-44.0018,-20.05692],[-43.99686,-20.03718],[-43.97281,-20.00692],[-43.9394,-19.97445],[-43.91307,-19.96256],[-43.87067,-19.92783],[-43.88651,-19.89197],[-43.90783,-19.88238],[-43.89619,-19.8636],[-43.87678,-19.86701],[-43.86253,-19.85544],[-43.86184,-19.82691],[-43.90408,-19.80191],[-43.94734,-19.79228],[-43.94579,-19.77679],[-43.97578,-19.78119],[-43.99011,-19.78539],[-44.00534,-19.82091],[-44.01683,-19.83118],[-44.00892,-19.85267],[-44.01293,-19.88059],[-44.02631,-19.89842],[-44.02672,-19.93695],[-44.01222,-19.94617],[-44.0124,-19.96768],[-44.03034,-19.97603],[-44.06197,-19.97431]]]},"properties":{"GEOCODIGO":"3106200","NOME":"Belo Horizonte","UF":"MG"}},
{"type":"Feature","geometry":{"type":"Polygon","coordinates":[[[-43.99503,-20.98947],[-43.9834,-21.00652],[-43.9795,-21.03325],[-43.96437,-21.04244],[-43.9441,-21.04607],[-43.92964,-21.06293],[-43.92662,-21.08777],[-43.94178,-21.12185],[-43.90988,-21.12477],[-43.88991,-21.1038],[-43.85683,-21.10026],[-43.79818,-21.07886],[-43.77188,-21.0647],[-43.77032,-21.03871],[-43.74273,-21.02306],[-43.70853,-21.02002],[-43.7093,-21.00284],[-43.68427,-20.99386],[-43.66288,-20.95999],[-43.64831,-20.95405],[-43.68222,-20.96408],[-43.68907,-20.94906],[-43.67372,-20.9234],[-43.69552,-20.93264],[-43.71039,-20.9516],[-43.74385,-20.93331],[-43.77428,-20.94244],[-43.78977,-20.92596],[-43.80913,-20.93213],[-43.81975,-20.90079],[-43.79753,-20.88346],[-43.81594,-20.87187],[-43.88401,-20.89508],[-43.8962,-20.88548],[-43.90038,-20.91784],[-43.92273,-20.92746],[-43.9341,-20.93102],[-43.96525,-20.97114],[-43.99503,-20.98947]]]},"properties":{"GEOCODIGO":"3113206","NOME":"Carandaí","UF":"MG"}},
{"type":"Feature","geometry":{"type":"Polygon","coordinates":[[[-44.12053,-18.94566],[-44.10031,-18.945],[-44.07531,-18.99601],[-44.07387,-19.01088],[-44.0435,-19.01344],[-44.05304,-19.0389],[-44.03767,-19.04318],[-44.0412,-19.07822],[-44.01053,-19.09255],[-43.9957,-19.12106],[-43.9695,-19.14753],[-43.93249,-19.12411],[-43.88794,-19.14494],[-43.86167,-19.14471],[-43.8485,-19.08236],[-43.77342,-19.06151],[-43.77028,-19.03482],[-43.73833,-19.01797],[-43.74297,-19.00655],[-43.71406,-18.97224],[-43.74582,-18.89877],[-43.74634,-18.87541],[-43.77253,-18.85236],[-43.79162,-18.86437],[-43.82484,-18.80757],[-43.81315,-18.79778],[-43.84473,-18.70988],[-43.86089,-18.69948],[-43.8691,-18.67103],[-43.89264,-18.66448],[-43.9227,-18.63083],[-43.9457,-18.62895],[-44.00589,-18.65258],[-43.99895,-18.66746],[-43.98356,-18.72156],[-43.96017,-18.73575],[-43.97214,-18.76055],[-43.96937,-18.78625],[-43.97664,-18.80457],[-43.9522,-18.82183],[-43.95729,-18.86712],[-43.98759,-18.88633],[-43.99317,-18.91718],[-44.03061,-18.90301],[-44.05381,-18.88744],[-44.07384,-18.91488],[-44.12053,-18.94566]]]},"properties":{"GEOCODIGO":"3158508","NOME":"Santana de Pirapama","UF":"MG"}},
{"type":"Feature","geometry":{"type":"Polygon","coordinates":[[[-44.29268,-14.25236],[-44.23446,-14.31048],[-44.267,-14.32841],[-44.32438,-14.38413],[-44.32322,-14.41925],[-44.31521,-14.43291],[-44.31161,-14.46821],[-44.33746,-14.51048],[-44.3238,-14.5336],[-44.32511,-14.55031],[-44.29955,-14.54143],[-44.27158,-14.5657],[-44.25671,-14.56047],[-44.25243,-14.53958],[-44.23621,-14.51557],[-44.2146,-14.50188],[-44.20608,-14.48282],[-44.21805,-14.43617],[-44.17413,-14.41048],[-44.14708,-14.40554],[-44.13061,-14.37594],[-44.11538,-14.36476],[-44.08118,-14.36156],[-44.05539,-14.38267],[-44.0208,-14.50021],[-44.01293,-14.53606],[-43.92177,-14.51725],[-43.9041,-14.49496],[-43.89812,-14.46466],[-43.86758,-14.40619],[-43.81898,-14.38886],[-43.78361,-14.33673],[-43.79968,-14.33738],[-43.82111,-14.31135],[-43.84273,-14.31687],[-43.88052,-14.31136],[-43.90185,-14.29768],[-43.92743,-14.30448],[-43.94588,-14.28951],[-43.99724,-14.26496],[-44.05092,-14.28567],[-44.10688,-14.25867],[-44.13191,-14.28162],[-44.13686,-14.26371],[-44.1596,-14.25719],[-44.16997,-14.26825],[-44.20871,-14.24623],[-44.24021,-14.24024],[-44.29268,-14.25236]]]},"properties":{"GEOCODIGO":"3136959","NOME":"Juvenília","UF":"MG"}},
{"type":"Feature","geometry":{"type":"Polygon","coordinates":[[[-44.2783,-15.74384],[-44.26313,-15.75045],[-44.2359,-15.78482],[-44.21538,-15.82132],[-44.20318,-15.82892],[-44.15776,-15.80672],[-44.12113,-15.78207],[-44.1171,-15.76644],[-44.08859,-15.77426],[-44.06326,-15.77116],[-44.05649,-15.75005],[-44.07607,-15.72225],[-44.08994,-15.68539],[-44.06799,-15.62452],[-44.05504,-15.61062],[-44.06557,-15.58151],[-44.06052,-15.54307],[-44.04524,-15.49518],[-44.02927,-15.48768],[-44.05543,-15.47449],[-44.08204,-15.49686],[-44.07374,-15.51555],[-44.09421,-15.55096],[-44.0961,-15.57739],[-44.11165,-15.59897],[-44.11985,-15.66916],[-44.14221,-15.65551],[-44.14827,-15.64012],[-44.17265,-15.63081],[-44.1931,-15.65664],[-44.19796,-15.67806],[-44.23318,-15.67645],[-44.2469,-15.72672],[-44.26996,-15.72929],[-44.2783,-15.74384]]]},"properties":{"GEOCODIGO":"3129657","NOME":"Ibiracatu","UF":"MG"}},
{"type":"Feature","geometry":{"type":"Polygon","coordinates":[[[-44.12949,-16.82011],[-44.12024,-16.879],[-44.13373,-16.89333],[-44.13772,-16.94209],[-44.15465,-16.95825],[-44.15443,-17.02103],[-44.18887,-17.06489],[-44.19788,-17.09919],[-44.13948,-17.11273],[-44.12121,-17.12358],[-44.1072,-17.14695],[-44.08684,-17.13654],[-44.02046,-17.11468],[-44.02434,-17.06724],[-44.01264,-17.04898],[-43.98593,-17.04124],[-43.96557,-17.02598],[-43.95465,-16.99314],[-43.91713,-16.96501],[-43.89154,-16.96808],[-43.88657,-16.95095],[-43.85818,-16.9385],[-43.87235,-16.91921],[-43.85112,-16.89811],[-43.81162,-16.89943],[-43.77993,-16.88656],[-43.74496,-16.90671],[-43.72054,-16.90274],[-43.70176,-16.85102],[-43.69124,-16.8163],[-43.67471,-16.8091],[-43.69843,-16.78024],[-43.69304,-16.74251],[-43.66782,-16.72501],[-43.70376,-16.69139],[-43.7031,-16.6664],[-43.74096,-16.61066],[-43.75137,-16.56781],[-43.74027,-16.55635],[-43.76179,-16.5337],[-43.75012,-16.49075],[-43.73671,-16.49122],[-43.74621,-16.4046],[-43.76201,-16.40046],[-43.76399,-16.37981],[-43.78594,-16.35726],[-43.79374,-16.29925],[-43.77915,-16.28205],[-43.80185,-16.24345],[-43.79129,-16.20661],[-43.77354,-16.193],[-43.76643,-16.14605],[-43.78371,-16.11868],[-43.7654,-16.08858],[-43.81521,-16.08846],[-43.85254,-16.11065],[-43.88876,-16.1121],[-43.92815,-16.09877],[-43.95057,-16.10343],[-43.96916,-16.08669],[-43.99015,-16.16265],[-43.99365,-16.20731],[-43.98007,-16.23521],[-44.04665,-16.29602],[-44.06159,-16.38338],[-44.0356,-16.4242],[-44.05065,-16.42416],[-44.09496,-16.38987],[-44.10824,-16.3724],[-44.14282,-16.36817],[-44.17371,-16.37117],[-44.21066,-16.39056],[-44.2064,-16.4006],[-44.16312,-16.43199],[-44.14474,-16.43732],[-44.13235,-16.46118],[-44.10707,-16.46221],[-44.09144,-16.48488],[-44.06449,-16.4902],[-44.01895,-16.44663],[-43.99542,-16.45311],[-43.97738,-16.47485],[-43.96987,-16.50209],[-43.98157,-16.53242],[-44.00637,-16.54935],[-44.02054,-16.59015],[-44.05607,-16.61902],[-44.08256,-16.60477],[-44.10512,-16.60509],[-44.10631,-16.64243],[-44.12615,-16.67057],[-44.14551,-16.72787],[-44.13698,-16.73976],[-44.10957,-16.74559],[-44.10363,-16.76575],[-44.07287,-16.79898],[-44.09253,-16.81682],[-44.12949,-16.82011]]]},"properties":{"GEOCODIGO":"3143302","NOME":"Montes Claros","UF":"MG"}},
{"type":"Feature","geometry":{"type":"Polygon","coordinates":[[[-44.00433,-19.65445],[-44.04148,-19.6826],[-44.03461,-19.70837],[-44.00722,-19.72173],[-43.97717,-19.7316],[-43.95692,-19.71971],[-43.93825,-19.69404],[-43.95514,-19.67123],[-43.98842,-19.68741],[-44.00433,-19.65445]]]},"properties":{"GEOCODIGO":"3162955","NOME":"São José da Lapa","UF":"MG"}},
{"type":"Feature","geometry":{"type":"Polygon","coordinates":[[[-43.94397,-20.67564],[-43.96108,-20.70062],[-43.96942,-20.73325],[-43.95694,-20.7587],[-43.94725,-20.75144],[-43.91955,-20.76562],[-43.89911,-20.76696],[-43.89397,-20.80372],[-43.85725,-20.78637],[-43.83791,-20.79641],[-43.81935,-20.77213],[-43.82527,-20.73399],[-43.87544,-20.6762],[-43.92366,-20.65841],[-43.94397,-20.67564]]]},"properties":{"GEOCODIGO":"3153806","NOME":"Queluzito","UF":"MG"}},
{"type":"Feature","geometry":{"type":"Polygon","coordinates":[[[-43.98566,-20.50628],[-43.98272,-20.52883],[-43.96959,-20.54198],[-43.92961,-20.53164],[-43.91325,-20.54107],[-43.9062,-20.5621],[-43.91527,-20.58414],[-43.90983,-20.60254],[-43.88809,-20.59904],[-43.8731,-20.61858],[-43.84413,-20.60064],[-43.81152,-20.59773],[-43.80483,-20.57661],[-43.81214,-20.54872],[-43.79964,-20.53804],[-43.75755,-20.54864],[-43.73425,-20.56359],[-43.70783,-20.55612],[-43.71255,-20.53617],[-43.73355,-20.51552],[-43.76695,-20.49953],[-43.80278,-20.50315],[-43.79859,-20.45638],[-43.86052,-20.4386],[-43.88744,-20.4193],[-43.91586,-20.42635],[-43.92578,-20.45668],[-43.9468,-20.45773],[-43.97425,-20.50691],[-43.98566,-20.50628]]]},"properties":{"GEOCODIGO":"3118007","NOME":"Congonhas","UF":"MG"}},
{"type":"Feature","geometry":{"type":"Polygon","coordinates":[[[-44.2365,-16.09201],[-44.18404,-16.12096],[-44.16082,-16.1392],[-44.12494,-16.14456],[-44.10199,-16.19015],[-44.05545,-16.2002],[-44.05251,-16.17917],[-44.0209,-16.17572],[-43.99015,-16.16265],[-43.96916,-16.08669],[-43.9741,-16.07539],[-44.00847,-16.04708],[-44.01774,-16.02696],[-44.05054,-16.00486],[-44.06824,-16.00243],[-44.09304,-16.0173],[-44.1279,-15.97098],[-44.16943,-15.98718],[-44.20023,-15.9722],[-44.23635,-15.97854],[-44.23216,-15.99997],[-44.20674,-16.01942],[-44.2058,-16.03114],[-44.22635,-16.08086],[-44.2365,-16.09201]]]},"properties":{"GEOCODIGO":"3147956","NOME":"Patis","UF":"MG"}},
{"type":"Feature","geometry":{"type":"Polygon","coordinates":[[[-44.23635,-15.97854],[-44.20023,-15.9722],[-44.16943,-15.98718],[-44.1279,-15.97098],[-44.09304,-16.0173],[-44.06824,-16.00243],[-44.05054,-16.00486],[-44.01774,-16.02696],[-44.00847,-16.04708],[-43.9741,-16.07539],[-43.96916,-16.08669],[-43.95057,-16.10343],[-43.92815,-16.09877],[-43.88876,-16.1121],[-43.85254,-16.11065],[-43.81521,-16.08846],[-43.7654,-16.08858],[-43.75876,-16.07249],[-43.71893,-16.05956],[-43.70207,-16.0408],[-43.70334,-16.01888],[-43.68679,-15.99158],[-43.65548,-15.96527],[-43.63465,-15.92135],[-43.63549,-15.86475],[-43.66473,-15.84337],[-43.64016,-15.83337],[-43.63446,-15.82044],[-43.6534,-15.7825],[-43.62015,-15.78565],[-43.61765,-15.76522],[-43.59387,-15.7539],[-43.58566,-15.73502],[-43.6032,-15.72022],[-43.64329,-15.71077],[-43.67201,-15.7331],[-43.69621,-15.73],[-43.72404,-15.75904],[-43.74507,-15.75731],[-43.76334,-15.77845],[-43.79279,-15.78989],[-43.83785,-15.7844],[-43.84056,-15.77033],[-43.87876,-15.7481],[-43.9452,-15.77521],[-43.97046,-15.77568],[-43.98938,-15.76546],[-44.02788,-15.77214],[-44.06326,-15.77116],[-44.08859,-15.77426],[-44.1171,-15.76644],[-44.12113,-15.78207],[-44.15776,-15.80672],[-44.20318,-15.82892],[-44.18665,-15.8416],[-44.16965,-15.90291],[-44.20229,-15.93902],[-44.22748,-15.95557],[-44.23635,-15.97854]]]},"properties":{"GEOCODIGO":"3162401","NOME":"São João da Ponte","UF":"MG"}},
{"type":"Feature","geometry":{"type":"Polygon","coordinates":[[[-44.0018,-20.05692],[-43.98386,-20.10055],[-43.9727,-20.17731],[-43.98009,-20.18727],[-43.97639,-20.22221],[-43.95183,-20.22458],[-43.93789,-20.2083],[-43.90748,-20.21533],[-43.85406,-20.19795],[-43.86344,-20.17521],[-43.86239,-20.14796],[-43.85225,-20.13853],[-43.84989,-20.10082],[-43.81535,-20.05208],[-43.78314,-20.02886],[-43.81183,-20.00716],[-43.82412,-19.96687],[-43.83859,-19.95639],[-43.83472,-19.92739],[-43.87067,-19.92783],[-43.91307,-19.96256],[-43.9394,-19.97445],[-43.97281,-20.00692],[-43.99686,-20.03718],[-44.0018,-20.05692]]]},"properties":{"GEOCODIGO":"3144805","NOME":"Nova Lima","UF":"MG"}},
{"type":"Feature","geometry":{"type":"Polygon","coordinates":[[[-44.11183,-17.15686],[-44.12865,-17.18166],[-44.14498,-17.21988],[-44.11451,-17.23214],[-44.11854,-17.24843],[-44.15354,-17.28782],[-44.16159,-17.32858],[-44.13665,-17.33747],[-44.11381,-17.36705],[-44.11776,-17.40751],[-44.08501,-17.42808],[-44.05729,-17.44962],[-44.02076,-17.41271],[-44.02837,-17.38853],[-44.01534,-17.35475],[-43.96885,-17.37648],[-43.94323,-17.37729],[-43.89951,-17.36602],[-43.87473,-17.35126],[-43.85496,-17.32418],[-43.83349,-17.27996],[-43.85928,-17.26268],[-43.88548,-17.27141],[-43.87671,-17.23583],[-43.94448,-17.20712],[-43.96387,-17.22087],[-43.98204,-17.2169],[-43.99796,-17.19681],[-44.04881,-17.17558],[-44.0474,-17.16094],[-44.09868,-17.14693],[-44.11183,-17.15686]]]},"properties":{"GEOCODIGO":"3123809","NOME":"Engenheiro Navarro","UF":"MG"}},
{"type":"Feature","geometry":{"type":"Polygon","coordinates":[[[-43.97639,-20.22221],[-43.96507,-20.25944],[-43.95011,-20.28131],[-43.94031,-20.31573],[-43.93077,-20.3824],[-43.9067,-20.37996],[-43.86335,-20.39339],[-43.81963,-20.37785],[-43.80297,-20.3517],[-43.79727,-20.32145],[-43.76214,-20.30607],[-43.75169,-20.26842],[-43.70453,-20.25906],[-43.6843,-20.24227],[-43.62247,-20.2111],[-43.61886,-20.19304],[-43.63967,-20.16383],[-43.62939,-20.15011],[-43.65904,-20.12492],[-43.66333,-20.13255],[-43.70867,-20.14109],[-43.75236,-20.15449],[-43.78117,-20.15232],[-43.79198,-20.17604],[-43.84063,-20.18341],[-43.85406,-20.19795],[-43.90748,-20.21533],[-43.93789,-20.2083],[-43.95183,-20.22458],[-43.97639,-20.22221]]]},"properties":{"GEOCODIGO":"3131901","NOME":"Itabirito","UF":"MG"}},
{"type":"Feature","geometry":{"type":"Polygon","coordinates":[[[-44.00722,-19.72173],[-44.00514,-19.73673],[-43.99431,-19.7625],[-43.97578,-19.78119],[-43.94579,-19.77679],[-43.94358,-19.76289],[-43.90383,-19.74047],[-43.88874,-19.72387],[-43.8971,-19.69863],[-43.906,-19.6805],[-43.92595,-19.68488],[-43.9445,-19.67123],[-43.95514,-19.67123],[-43.93825,-19.69404],[-43.95692,-19.71971],[-43.97717,-19.7316],[-44.00722,-19.72173]]]},"properties":{"GEOCODIGO":"3171204","NOME":"Vespasiano","UF":"MG"}},
{"type":"Feature","geometry":{"type":"Polygon","coordinates":[[[-43.85701,-21.96418],[-43.83024,-21.9696],[-43.7953,-21.99476],[-43.784,-22.01336],[-43.74985,-22.02047],[-43.7206,-22.06777],[-43.70899,-22.07651],[-43.66303,-22.07309],[-43.64396,-22.06583],[-43.61278,-22.08185],[-43.59231,-22.05544],[-43.62266,-22.03816],[-43.63359,-22.02327],[-43.59463,-22.00897],[-43.58555,-21.99911],[-43.59485,-21.97712],[-43.57711,-21.96367],[-43.61024,-21.90611],[-43.62969,-21.90968],[-43.6448,-21.86852],[-43.66617,-21.85309],[-43.68641,-21.8331],[-43.70716,-21.85449],[-43.74752,-21.85788],[-43.77822,-21.87288],[-43.76607,-21.90927],[-43.78089,-21.93642],[-43.81491,-21.95702],[-43.85701,-21.96418]]]},"properties":{"GEOCODIGO":"3157278","NOME":"Santa Bárbara do Monte Verde","UF":"MG"}},
{"type":"Feature","geometry":{"type":"Polygon","coordinates":[[[-44.06878,-18.56785],[-44.05387,-18.58869],[-44.06112,-18.63383],[-44.02509,-18.65541],[-44.01889,-18.67746],[-43.99895,-18.66746],[-44.00589,-18.65258],[-43.9457,-18.62895],[-43.9227,-18.63083],[-43.89264,-18.66448],[-43.8691,-18.67103],[-43.82023,-18.65627],[-43.81662,-18.6304],[-43.78915,-18.61347],[-43.76543,-18.63852],[-43.75272,-18.62153],[-43.73631,-18.62464],[-43.69006,-18.60562],[-43.66609,-18.55981],[-43.68378,-18.55393],[-43.68984,-18.52144],[-43.68323,-18.49899],[-43.68956,-18.4594],[-43.68927,-18.42316],[-43.68253,-18.37549],[-43.69038,-18.36192],[-43.7399,-18.35333],[-43.76443,-18.33642],[-43.81887,-18.33777],[-43.84217,-18.34408],[-43.8581,-18.36875],[-43.86278,-18.39029],[-43.82026,-18.39295],[-43.81501,-18.40821],[-43.84653,-18.435],[-43.87742,-18.44032],[-43.89301,-18.46695],[-43.86968,-18.47913],[-43.87814,-18.50129],[-43.94812,-18.52026],[-43.98847,-18.54618],[-44.01125,-18.54005],[-44.06878,-18.56785]]]},"properties":{"GEOCODIGO":"3127602","NOME":"Gouveia","UF":"MG"}},
{"type":"Feature","geometry":{"type":"Polygon","coordinates":[[[-43.87358,-21.67909],[-43.87282,-21.70846],[-43.82861,-21.72079],[-43.78969,-21.71336],[-43.77102,-21.67733],[-43.74466,-21.65877],[-43.71729,-21.66962],[-43.6903,-21.70858],[-43.67841,-21.71193],[-43.68238,-21.69379],[-43.6703,-21.66866],[-43.68238,-21.66192],[-43.68469,-21.62818],[-43.6652,-21.6048],[-43.706,-21.58529],[-43.72586,-21.54439],[-43.74825,-21.52732],[-43.80013,-21.51993],[-43.81494,-21.52596],[-43.81733,-21.55347],[-43.83141,-21.55514],[-43.84108,-21.58208],[-43.82852,-21.602],[-43.83602,-21.62936],[-43.85482,-21.64377],[-43.87358,-21.67909]]]},"properties":{"GEOCODIGO":"3106804","NOME":"Bias Fortes","UF":"MG"}},
{"type":"Feature","geometry":{"type":"Polygon","coordinates":[[[-43.97135,-19.59828],[-43.99296,-19.60293],[-44.00433,-19.65445],[-43.98842,-19.68741],[-43.95514,-19.67123],[-43.9445,-19.67123],[-43.94239,-19.65265],[-43.959,-19.63891],[-43.95076,-19.61361],[-43.97135,-19.59828]]]},"properties":{"GEOCODIGO":"3117876","NOME":"Confins","UF":"MG"}},
{"type":"Feature","geometry":{"type":"Polygon","coordinates":[[[-43.90988,-21.12477],[-43.90257,-21.13712],[-43.87277,-21.13145],[-43.84638,-21.15096],[-43.83055,-21.14622],[-43.81302,-21.11661],[-43.79913,-21.1246],[-43.77754,-21.11561],[-43.74202,-21.11288],[-43.71195,-21.12817],[-43.68735,-21.12166],[-43.66012,-21.09197],[-43.62817,-21.09811],[-43.64704,-21.07375],[-43.65903,-21.03339],[-43.6922,-21.02989],[-43.70853,-21.02002],[-43.74273,-21.02306],[-43.77032,-21.03871],[-43.77188,-21.0647],[-43.79818,-21.07886],[-43.85683,-21.10026],[-43.88991,-21.1038],[-43.90988,-21.12477]]]},"properties":{"GEOCODIGO":"3154408","NOME":"Ressaquinha","UF":"MG"}},
{"type":"Feature","geometry":{"type":"Polygon","coordinates":[[[-43.88029,-21.35316],[-43.87574,-21.3682],[-43.89091,-21.38382],[-43.87725,-21.40478],[-43.85717,-21.4138],[-43.84824,-21.45331],[-43.82367,-21.46933],[-43.81344,-21.49329],[-43.82395,-21.50912],[-43.81494,-21.52596],[-43.80013,-21.51993],[-43.74825,-21.52732],[-43.72586,-21.54439],[-43.706,-21.58529],[-43.68727,-21.58192],[-43.67841,-21.55744],[-43.68491,-21.53017],[-43.64947,-21.49805],[-43.65542,-21.47033],[-43.67308,-21.46152],[-43.6716,-21.43983],[-43.70408,-21.41858],[-43.70701,-21.4031],[-43.68405,-21.38404],[-43.6724,-21.38891],[-43.63041,-21.37534],[-43.65652,-21.35162],[-43.68083,-21.34633],[-43.70832,-21.3068],[-43.73888,-21.29552],[-43.76693,-21.29745],[-43.7826,-21.28295],[-43.81063,-21.27649],[-43.86124,-21.29028],[-43.8861,-21.3227],[-43.88029,-21.35316]]]},"properties":{"GEOCODIGO":"3102902","NOME":"Antônio Carlos","UF":"MG"}},
{"type":"Feature","geometry":{"type":"Polygon","coordinates":[[[-44.08826,-18.22016],[-44.05706,-18.26185],[-44.05548,-18.27501],[-44.00101,-18.28909],[-44.00332,-18.30409],[-43.97714,-18.3313],[-43.98577,-18.34565],[-43.96042,-18.35889],[-43.95875,-18.37574],[-43.90847,-18.37643],[-43.87776,-18.36343],[-43.8581,-18.36875],[-43.84217,-18.34408],[-43.81887,-18.33777],[-43.76443,-18.33642],[-43.7399,-18.35333],[-43.69038,-18.36192],[-43.68253,-18.37549],[-43.68873,-18.34749],[-43.68409,-18.30085],[-43.60686,-18.31143],[-43.60787,-18.33965],[-43.63087,-18.38909],[-43.59583,-18.40144],[-43.57006,-18.43974],[-43.54831,-18.44719],[-43.53066,-18.43492],[-43.5127,-18.3977],[-43.49781,-18.38988],[-43.45673,-18.32817],[-43.46009,-18.30672],[-43.43797,-18.28876],[-43.4277,-18.29978],[-43.40236,-18.29303],[-43.38834,-18.23517],[-43.43186,-18.22057],[-43.45908,-18.18731],[-43.46536,-18.16943],[-43.4582,-18.14825],[-43.47998,-18.13669],[-43.49373,-18.11647],[-43.49581,-18.09486],[-43.55208,-18.04677],[-43.56184,-18.02517],[-43.54776,-18.0094],[-43.55761,-17.98427],[-43.52481,-17.96996],[-43.52204,-17.935],[-43.50167,-17.87198],[-43.50106,-17.8495],[-43.47111,-17.84565],[-43.45721,-17.86911],[-43.46339,-17.90369],[-43.45097,-17.93475],[-43.40843,-17.94723],[-43.38595,-17.92601],[-43.38987,-17.9129],[-43.37606,-17.87273],[-43.38192,-17.8613],[-43.38034,-17.7955],[-43.32698,-17.76643],[-43.33481,-17.73163],[-43.29992,-17.72121],[-43.28907,-17.70296],[-43.30017,-17.68131],[-43.30135,-17.65708],[-43.26606,-17.65452],[-43.24812,-17.6424],[-43.25462,-17.60188],[-43.24851,-17.57563],[-43.22773,-17.5622],[-43.23267,-17.48547],[-43.22098,-17.47183],[-43.2285,-17.44166],[-43.21734,-17.41477],[-43.24068,-17.42166],[-43.2782,-17.38696],[-43.2952,-17.37968],[-43.28379,-17.40321],[-43.29998,-17.43552],[-43.28992,-17.46113],[-43.33776,-17.49065],[-43.31184,-17.51535],[-43.33595,-17.51849],[-43.35998,-17.50037],[-43.36562,-17.51886],[-43.38581,-17.52794],[-43.38298,-17.55028],[-43.4222,-17.53102],[-43.4624,-17.55419],[-43.48498,-17.54379],[-43.50328,-17.51585],[-43.51945,-17.53952],[-43.55,-17.53952],[-43.57395,-17.5557],[-43.56471,-17.56955],[-43.57451,-17.59607],[-43.56764,-17.60939],[-43.59176,-17.627],[-43.61301,-17.63235],[-43.59211,-17.69262],[-43.60601,-17.71141],[-43.61055,-17.7546],[-43.63192,-17.77207],[-43.6445,-17.79847],[-43.67709,-17.8305],[-43.67521,-17.85657],[-43.69651,-17.87671],[-43.75614,-17.88659],[-43.75179,-17.90972],[-43.76246,-17.92462],[-43.79278,-17.95839],[-43.78251,-17.97901],[-43.8047,-17.9933],[-43.81962,-18.0254],[-43.84198,-18.02704],[-43.85567,-18.04135],[-43.88051,-18.04145],[-43.92597,-18.06176],[-43.93631,-18.07613],[-43.91587,-18.09903],[-43.9172,-18.14602],[-43.95384,-18.1471],[-43.95309,-18.15668],[-43.99158,-18.18654],[-44.01317,-18.21279],[-44.07,-18.19562],[-44.08826,-18.22016]]]},"properties":{"GEOCODIGO":"3121605","NOME":"Diamantina","UF":"MG"}},
{"type":"Feature","geometry":{"type":"Polygon","coordinates":[[[-44.00729,-19.33342],[-43.99906,-19.35421],[-43.9747,-19.36712],[-43.98975,-19.40442],[-43.95732,-19.41539],[-43.94681,-19.43191],[-43.93245,-19.43222],[-43.91856,-19.40877],[-43.89269,-19.38246],[-43.85892,-19.39138],[-43.819,-19.38637],[-43.79406,-19.35239],[-43.80989,-19.31927],[-43.8045,-19.30109],[-43.77656,-19.28444],[-43.74907,-19.2361],[-43.74472,-19.21879],[-43.77566,-19.19016],[-43.75234,-19.17623],[-43.75834,-19.09389],[-43.7802,-19.07484],[-43.77342,-19.06151],[-43.8485,-19.08236],[-43.86167,-19.14471],[-43.8382,-19.16025],[-43.83694,-19.20606],[-43.87222,-19.21996],[-43.89773,-19.21461],[-43.93094,-19.23657],[-43.9405,-19.25063],[-43.989,-19.26421],[-43.99712,-19.27518],[-43.98512,-19.30148],[-43.99338,-19.3258],[-44.00729,-19.33342]]]},"properties":{"GEOCODIGO":"3105004","NOME":"Baldim","UF":"MG"}},
{"type":"Feature","geometry":{"type":"Polygon","coordinates":[[[-43.90983,-20.60254],[-43.92421,-20.62827],[-43.92366,-20.65841],[-43.87544,-20.6762],[-43.82527,-20.73399],[-43.81935,-20.77213],[-43.77305,-20.8006],[-43.75914,-20.78343],[-43.7543,-20.75802],[-43.74146,-20.75592],[-43.69163,-20.7191],[-43.69964,-20.70801],[-43.68806,-20.66368],[-43.70894,-20.6385],[-43.67904,-20.6225],[-43.69192,-20.59698],[-43.71419,-20.58925],[-43.74189,-20.60211],[-43.79964,-20.53804],[-43.81214,-20.54872],[-43.80483,-20.57661],[-43.81152,-20.59773],[-43.84413,-20.60064],[-43.8731,-20.61858],[-43.88809,-20.59904],[-43.90983,-20.60254]]]},"properties":{"GEOCODIGO":"3118304","NOME":"Conselheiro Lafaiete","UF":"MG"}},
{"type":"Feature","geometry":{"type":"Polygon","coordinates":[[[-43.92763,-20.4046],[-43.91586,-20.42635],[-43.88744,-20.4193],[-43.86052,-20.4386],[-43.79859,-20.45638],[-43.80278,-20.50315],[-43.76695,-20.49953],[-43.74802,-20.46032],[-43.71281,-20.46188],[-43.68719,-20.43159],[-43.66214,-20.43281],[-43.62584,-20.46556],[-43.5893,-20.48696],[-43.58025,-20.50806],[-43.59788,-20.54064],[-43.6008,-20.56236],[-43.57483,-20.58834],[-43.56497,-20.605],[-43.53307,-20.59477],[-43.50064,-20.62235],[-43.45874,-20.63232],[-43.44238,-20.6223],[-43.45203,-20.59923],[-43.42574,-20.5976],[-43.4036,-20.5467],[-43.41716,-20.54379],[-43.43012,-20.51839],[-43.42685,-20.48991],[-43.44752,-20.47339],[-43.48917,-20.45633],[-43.4955,-20.44516],[-43.47269,-20.40673],[-43.47289,-20.34475],[-43.46852,-20.31808],[-43.4536,-20.30479],[-43.45336,-20.27124],[-43.47125,-20.23618],[-43.49911,-20.21582],[-43.49719,-20.17332],[-43.53399,-20.16073],[-43.53833,-20.20133],[-43.58736,-20.21542],[-43.61886,-20.19304],[-43.62247,-20.2111],[-43.6843,-20.24227],[-43.70453,-20.25906],[-43.75169,-20.26842],[-43.76214,-20.30607],[-43.79727,-20.32145],[-43.80297,-20.3517],[-43.81963,-20.37785],[-43.86335,-20.39339],[-43.9067,-20.37996],[-43.93077,-20.3824],[-43.92763,-20.4046]]]},"properties":{"GEOCODIGO":"3146107","NOME":"Ouro Preto","UF":"MG"}},
{"type":"Feature","geometry":{"type":"Polygon","coordinates":[[[-43.89397,-20.80372],[-43.89573,-20.82597],[-43.8803,-20.85177],[-43.8962,-20.88548],[-43.88401,-20.89508],[-43.81594,-20.87187],[-43.79753,-20.88346],[-43.77844,-20.85454],[-43.76078,-20.85846],[-43.73143,-20.84534],[-43.74022,-20.82854],[-43.7595,-20.82614],[-43.77305,-20.8006],[-43.81935,-20.77213],[-43.83791,-20.79641],[-43.85725,-20.78637],[-43.89397,-20.80372]]]},"properties":{"GEOCODIGO":"3120409","NOME":"Cristiano Otoni","UF":"MG"}},
{"type":"Feature","geometry":{"type":"Polygon","coordinates":[[[-43.92195,-19.53586],[-43.96055,-19.5405],[-43.97132,-19.57602],[-43.97135,-19.59828],[-43.95076,-19.61361],[-43.959,-19.63891],[-43.94239,-19.65265],[-43.9445,-19.67123],[-43.92595,-19.68488],[-43.906,-19.6805],[-43.8971,-19.69863],[-43.88544,-19.69495],[-43.84759,-19.71564],[-43.82436,-19.71569],[-43.79291,-19.66293],[-43.81178,-19.65467],[-43.81712,-19.62295],[-43.79867,-19.6128],[-43.80881,-19.61263],[-43.84065,-19.58116],[-43.87078,-19.56995],[-43.8871,-19.57956],[-43.90708,-19.54294],[-43.92195,-19.53586]]]},"properties":{"GEOCODIGO":"3137601","NOME":"Lagoa Santa","UF":"MG"}},
{"type":"Feature","geometry":{"type":"Polygon","coordinates":[[[-44.11183,-17.15686],[-44.09868,-17.14693],[-44.0474,-17.16094],[-44.04881,-17.17558],[-43.99796,-17.19681],[-43.98204,-17.2169],[-43.96387,-17.22087],[-43.94448,-17.20712],[-43.87671,-17.23583],[-43.88548,-17.27141],[-43.85928,-17.26268],[-43.83349,-17.27996],[-43.85496,-17.32418],[-43.87473,-17.35126],[-43.89951,-17.36602],[-43.94323,-17.37729],[-43.96885,-17.37648],[-44.01534,-17.35475],[-44.02837,-17.38853],[-44.02076,-17.41271],[-44.05729,-17.44962],[-44.02976,-17.47555],[-44.00617,-17.51738],[-43.9602,-17.54419],[-43.9562,-17.55502],[-43.93292,-17.56517],[-43.9079,-17.58802],[-43.89437,-17.61169],[-43.89732,-17.66691],[-43.88854,-17.70578],[-43.90065,-17.72879],[-43.89242,-17.74472],[-43.86918,-17.75827],[-43.86917,-17.77956],[-43.84343,-17.80559],[-43.84256,-17.83203],[-43.81309,-17.86184],[-43.80081,-17.89077],[-43.77509,-17.90067],[-43.76246,-17.92462],[-43.75179,-17.90972],[-43.75614,-17.88659],[-43.76496,-17.87722],[-43.7725,-17.82922],[-43.75545,-17.81743],[-43.77951,-17.79824],[-43.75298,-17.78365],[-43.75968,-17.75252],[-43.7699,-17.74693],[-43.75506,-17.71641],[-43.77601,-17.68381],[-43.76587,-17.63429],[-43.77218,-17.60533],[-43.77579,-17.54732],[-43.7454,-17.51485],[-43.75603,-17.48722],[-43.71915,-17.41596],[-43.73514,-17.36986],[-43.7731,-17.37139],[-43.78509,-17.36448],[-43.81673,-17.3212],[-43.80221,-17.28689],[-43.81068,-17.27189],[-43.787,-17.25057],[-43.76681,-17.25945],[-43.75887,-17.23872],[-43.73187,-17.21701],[-43.71573,-17.22161],[-43.69981,-17.20605],[-43.66968,-17.21325],[-43.62887,-17.25649],[-43.61073,-17.25332],[-43.58436,-17.27227],[-43.57089,-17.26665],[-43.54064,-17.23258],[-43.52532,-17.23583],[-43.4997,-17.26544],[-43.47659,-17.27347],[-43.41465,-17.27575],[-43.36665,-17.29676],[-43.33909,-17.32601],[-43.33417,-17.35569],[-43.31506,-17.3748],[-43.2952,-17.37968],[-43.2782,-17.38696],[-43.24068,-17.42166],[-43.21734,-17.41477],[-43.19635,-17.38848],[-43.20326,-17.35982],[-43.22798,-17.34547],[-43.21737,-17.31789],[-43.18753,-17.30833],[-43.16993,-17.29226],[-43.15298,-17.31372],[-43.13178,-17.28904],[-43.10984,-17.28807],[-43.08329,-17.25237],[-43.06998,-17.22422],[-43.10851,-17.19576],[-43.09351,-17.16622],[-43.10673,-17.13301],[-43.13129,-17.13776],[-43.15774,-17.11831],[-43.17362,-17.12726],[-43.20597,-17.10622],[-43.22903,-17.13653],[-43.25095,-17.14014],[-43.27534,-17.12781],[-43.29009,-17.14216],[-43.36,-17.15283],[-43.37375,-17.16285],[-43.39278,-17.15667],[-43.40959,-17.16528],[-43.4876,-17.17741],[-43.53068,-17.20756],[-43.54501,-17.18294],[-43.56802,-17.19544],[-43.6004,-17.19675],[-43.62733,-17.17302],[-43.65126,-17.17494],[-43.67696,-17.15774],[-43.68485,-17.10491],[-43.72004,-17.08201],[-43.70874,-17.05483],[-43.71416,-17.01793],[-43.7009,-16.99333],[-43.7024,-16.96157],[-43.68623,-16.92749],[-43.67772,-16.90664],[-43.70176,-16.85102],[-43.72054,-16.90274],[-43.74496,-16.90671],[-43.77993,-16.88656],[-43.81162,-16.89943],[-43.85112,-16.89811],[-43.87235,-16.91921],[-43.85818,-16.9385],[-43.88657,-16.95095],[-43.89154,-16.96808],[-43.91713,-16.96501],[-43.95465,-16.99314],[-43.96557,-17.02598],[-43.98593,-17.04124],[-44.01264,-17.04898],[-44.02434,-17.06724],[-44.02046,-17.11468],[-44.08684,-17.13654],[-44.1072,-17.14695],[-44.11183,-17.15686]]]},"properties":{"GEOCODIGO":"3107307","NOME":"Bocaiúva","UF":"MG"}},
{"type":"Feature","geometry":{"type":"Polygon","coordinates":[[[-43.94579,-19.77679],[-43.94734,-19.79228],[-43.90408,-19.80191],[-43.86184,-19.82691],[-43.83733,-19.82509],[-43.81134,-19.83997],[-43.79303,-19.83508],[-43.77501,-19.80881],[-43.7927,-19.80472],[-43.80436,-19.76581],[-43.77967,-19.75407],[-43.77064,-19.7258],[-43.78272,-19.7144],[-43.77447,-19.69077],[-43.75433,-19.66658],[-43.75597,-19.62806],[-43.7672,-19.60623],[-43.78227,-19.61113],[-43.79867,-19.6128],[-43.81712,-19.62295],[-43.81178,-19.65467],[-43.79291,-19.66293],[-43.82436,-19.71569],[-43.84759,-19.71564],[-43.88544,-19.69495],[-43.8971,-19.69863],[-43.88874,-19.72387],[-43.90383,-19.74047],[-43.94358,-19.76289],[-43.94579,-19.77679]]]},"properties":{"GEOCODIGO":"3157807","NOME":"Santa Luzia","UF":"MG"}},
{"type":"Feature","geometry":{"type":"Polygon","coordinates":[[[-43.94681,-19.43191],[-43.95089,-19.48741],[-43.92214,-19.50842],[-43.92195,-19.53586],[-43.90708,-19.54294],[-43.8871,-19.57956],[-43.87078,-19.56995],[-43.84065,-19.58116],[-43.80881,-19.61263],[-43.79867,-19.6128],[-43.78227,-19.61113],[-43.76309,-19.56136],[-43.71631,-19.54993],[-43.70064,-19.56399],[-43.66978,-19.54919],[-43.65436,-19.56513],[-43.6175,-19.53531],[-43.58269,-19.51376],[-43.58384,-19.49379],[-43.5659,-19.48416],[-43.54711,-19.51015],[-43.5435,-19.54189],[-43.48053,-19.45437],[-43.48183,-19.41869],[-43.49458,-19.38761],[-43.48777,-19.37358],[-43.519,-19.3492],[-43.51881,-19.33088],[-43.59489,-19.34764],[-43.64125,-19.34761],[-43.65106,-19.33251],[-43.67047,-19.33071],[-43.67797,-19.28398],[-43.7067,-19.267],[-43.73266,-19.2808],[-43.73398,-19.25501],[-43.74907,-19.2361],[-43.77656,-19.28444],[-43.8045,-19.30109],[-43.80989,-19.31927],[-43.79406,-19.35239],[-43.819,-19.38637],[-43.85892,-19.39138],[-43.89269,-19.38246],[-43.91856,-19.40877],[-43.93245,-19.43222],[-43.94681,-19.43191]]]},"properties":{"GEOCODIGO":"3134608","NOME":"Jaboticatubas","UF":"MG"}},
{"type":"Feature","geometry":{"type":"Polygon","coordinates":[[[-43.83055,-21.14622],[-43.78594,-21.1548],[-43.77526,-21.16693],[-43.71246,-21.18824],[-43.692,-21.18361],[-43.63822,-21.14862],[-43.63208,-21.13436],[-43.6068,-21.12938],[-43.60106,-21.11171],[-43.62817,-21.09811],[-43.66012,-21.09197],[-43.68735,-21.12166],[-43.71195,-21.12817],[-43.74202,-21.11288],[-43.77754,-21.11561],[-43.79913,-21.1246],[-43.81302,-21.11661],[-43.83055,-21.14622]]]},"properties":{"GEOCODIGO":"3101631","NOME":"Alfredo Vasconcelos","UF":"MG"}},
{"type":"Feature","geometry":{"type":"Polygon","coordinates":[[[-43.78969,-21.71336],[-43.77745,-21.73535],[-43.75002,-21.75856],[-43.75624,-21.78208],[-43.72668,-21.79268],[-43.69452,-21.75954],[-43.66786,-21.7505],[-43.67841,-21.71193],[-43.6903,-21.70858],[-43.71729,-21.66962],[-43.74466,-21.65877],[-43.77102,-21.67733],[-43.78969,-21.71336]]]},"properties":{"GEOCODIGO":"3149408","NOME":"Pedro Teixeira","UF":"MG"}},
{"type":"Feature","geometry":{"type":"Polygon","coordinates":[[[-43.86184,-19.82691],[-43.86253,-19.85544],[-43.87678,-19.86701],[-43.89619,-19.8636],[-43.90783,-19.88238],[-43.88651,-19.89197],[-43.87067,-19.92783],[-43.83472,-19.92739],[-43.83336,-19.93995],[-43.77456,-19.95051],[-43.7228,-19.96694],[-43.7363,-19.91684],[-43.74866,-19.89732],[-43.70066,-19.82161],[-43.69136,-19.79973],[-43.68859,-19.76703],[-43.70886,-19.74735],[-43.72778,-19.73482],[-43.77064,-19.7258],[-43.77967,-19.75407],[-43.80436,-19.76581],[-43.7927,-19.80472],[-43.77501,-19.80881],[-43.79303,-19.83508],[-43.81134,-19.83997],[-43.83733,-19.82509],[-43.86184,-19.82691]]]},"properties":{"GEOCODIGO":"3156700","NOME":"Sabará","UF":"MG"}},
{"type":"Feature","geometry":{"type":"Polygon","coordinates":[[[-43.78314,-20.02886],[-43.81535,-20.05208],[-43.84989,-20.10082],[-43.85225,-20.13853],[-43.86239,-20.14796],[-43.86344,-20.17521],[-43.85406,-20.19795],[-43.84063,-20.18341],[-43.79198,-20.17604],[-43.78117,-20.15232],[-43.75236,-20.15449],[-43.70867,-20.14109],[-43.66333,-20.13255],[-43.65904,-20.12492],[-43.69233,-20.07419],[-43.71035,-20.07546],[-43.72723,-20.05733],[-43.73478,-20.00008],[-43.75544,-20.02231],[-43.78314,-20.02886]]]},"properties":{"GEOCODIGO":"3154804","NOME":"Rio Acima","UF":"MG"}},
{"type":"Feature","geometry":{"type":"Polygon","coordinates":[[[-43.79753,-20.88346],[-43.81975,-20.90079],[-43.80913,-20.93213],[-43.78977,-20.92596],[-43.77428,-20.94244],[-43.74385,-20.93331],[-43.71039,-20.9516],[-43.69552,-20.93264],[-43.67372,-20.9234],[-43.64736,-20.89871],[-43.61892,-20.85739],[-43.63117,-20.84047],[-43.6605,-20.83667],[-43.6778,-20.84753],[-43.71674,-20.85503],[-43.73143,-20.84534],[-43.76078,-20.85846],[-43.77844,-20.85454],[-43.79753,-20.88346]]]},"properties":{"GEOCODIGO":"3113107","NOME":"Caranaíba","UF":"MG"}},
{"type":"Feature","geometry":{"type":"Polygon","coordinates":[[[-44.02927,-15.48768],[-44.04524,-15.49518],[-44.06052,-15.54307],[-44.06557,-15.58151],[-44.05504,-15.61062],[-44.06799,-15.62452],[-44.08994,-15.68539],[-44.07607,-15.72225],[-44.05649,-15.75005],[-44.06326,-15.77116],[-44.02788,-15.77214],[-43.98938,-15.76546],[-43.97046,-15.77568],[-43.9452,-15.77521],[-43.87876,-15.7481],[-43.84056,-15.77033],[-43.83785,-15.7844],[-43.79279,-15.78989],[-43.76334,-15.77845],[-43.79671,-15.73068],[-43.79377,-15.69564],[-43.80518,-15.69312],[-43.84207,-15.637],[-43.83079,-15.6077],[-43.8098,-15.5936],[-43.78002,-15.55757],[-43.78657,-15.53329],[-43.82557,-15.52852],[-43.85618,-15.50961],[-43.87568,-15.50982],[-43.89451,-15.49727],[-43.9158,-15.49569],[-43.95554,-15.53236],[-43.98663,-15.51932],[-44.01404,-15.48611],[-44.02927,-15.48768]]]},"properties":{"GEOCODIGO":"3170909","NOME":"Varzelândia","UF":"MG"}},
{"type":"Feature","geometry":{"type":"Polygon","coordinates":[[[-43.83472,-19.92739],[-43.83859,-19.95639],[-43.82412,-19.96687],[-43.81183,-20.00716],[-43.78314,-20.02886],[-43.75544,-20.02231],[-43.73478,-20.00008],[-43.73908,-19.98799],[-43.7228,-19.96694],[-43.77456,-19.95051],[-43.83336,-19.93995],[-43.83472,-19.92739]]]},"properties":{"GEOCODIGO":"3153905","NOME":"Raposos","UF":"MG"}},
{"type":"Feature","geometry":{"type":"Polygon","coordinates":[[[-43.79964,-20.53804],[-43.74189,-20.60211],[-43.71419,-20.58925],[-43.69192,-20.59698],[-43.67904,-20.6225],[-43.65375,-20.59355],[-43.6223,-20.59722],[-43.60197,-20.58406],[-43.57483,-20.58834],[-43.6008,-20.56236],[-43.59788,-20.54064],[-43.58025,-20.50806],[-43.5893,-20.48696],[-43.62584,-20.46556],[-43.66214,-20.43281],[-43.68719,-20.43159],[-43.71281,-20.46188],[-43.74802,-20.46032],[-43.76695,-20.49953],[-43.73355,-20.51552],[-43.71255,-20.53617],[-43.70783,-20.55612],[-43.73425,-20.56359],[-43.75755,-20.54864],[-43.79964,-20.53804]]]},"properties":{"GEOCODIGO":"3145901","NOME":"Ouro Branco","UF":"MG"}},
{"type":"Feature","geometry":{"type":"Polygon","coordinates":[[[-43.77305,-20.8006],[-43.7595,-20.82614],[-43.74022,-20.82854],[-43.73143,-20.84534],[-43.71674,-20.85503],[-43.6778,-20.84753],[-43.6605,-20.83667],[-43.63117,-20.84047],[-43.61892,-20.85739],[-43.60024,-20.84381],[-43.59805,-20.82623],[-43.57291,-20.80965],[-43.55334,-20.7786],[-43.56221,-20.7541],[-43.58884,-20.76518],[-43.60689,-20.75387],[-43.61902,-20.76606],[-43.65069,-20.76838],[-43.66106,-20.75034],[-43.68075,-20.74378],[-43.69163,-20.7191],[-43.74146,-20.75592],[-43.7543,-20.75802],[-43.75914,-20.78343],[-43.77305,-20.8006]]]},"properties":{"GEOCODIGO":"3159100","NOME":"Santana dos Montes","UF":"MG"}},
{"type":"Feature","geometry":{"type":"Polygon","coordinates":[[[-43.706,-21.58529],[-43.6652,-21.6048],[-43.64015,-21.60815],[-43.6465,-21.59441],[-43.62299,-21.57326],[-43.58679,-21.56934],[-43.57502,-21.55125],[-43.55436,-21.54503],[-43.53896,-21.51589],[-43.50344,-21.51359],[-43.47284,-21.53083],[-43.45052,-21.52049],[-43.43713,-21.53682],[-43.4193,-21.53094],[-43.40057,-21.4994],[-43.38105,-21.48974],[-43.37415,-21.46435],[-43.32824,-21.45206],[-43.30088,-21.4324],[-43.30897,-21.39168],[-43.35384,-21.35866],[-43.3968,-21.38644],[-43.4578,-21.4123],[-43.499,-21.39579],[-43.49741,-21.38056],[-43.47105,-21.37402],[-43.47263,-21.36029],[-43.52988,-21.36742],[-43.55835,-21.35656],[-43.63041,-21.37534],[-43.6724,-21.38891],[-43.68405,-21.38404],[-43.70701,-21.4031],[-43.70408,-21.41858],[-43.6716,-21.43983],[-43.67308,-21.46152],[-43.65542,-21.47033],[-43.64947,-21.49805],[-43.68491,-21.53017],[-43.67841,-21.55744],[-43.68727,-21.58192],[-43.706,-21.58529]]]},"properties":{"GEOCODIGO":"3160702","NOME":"Santos Dumont","UF":"MG"}},
{"type":"Feature","geometry":{"type":"Polygon","coordinates":[[[-44.01922,-15.07161],[-44.03354,-15.09394],[-44.04009,-15.14252],[-44.05904,-15.18248],[-44.06102,-15.20603],[-44.0416,-15.21859],[-44.02627,-15.25077],[-43.99557,-15.25454],[-43.92818,-15.3085],[-43.92502,-15.34359],[-43.93757,-15.36659],[-43.93029,-15.43741],[-43.9491,-15.4691],[-43.94201,-15.49429],[-43.97537,-15.52008],[-43.98663,-15.51932],[-43.95554,-15.53236],[-43.9158,-15.49569],[-43.89451,-15.49727],[-43.8842,-15.47311],[-43.84349,-15.43891],[-43.80298,-15.41481],[-43.76303,-15.41461],[-43.73221,-15.37809],[-43.66513,-15.37474],[-43.64627,-15.40214],[-43.67122,-15.41432],[-43.65996,-15.43133],[-43.66362,-15.49323],[-43.43759,-15.37064],[-43.31052,-15.30113],[-43.3236,-15.25886],[-43.31029,-15.22158],[-43.31854,-15.19637],[-43.31168,-15.16344],[-43.33157,-15.14113],[-43.32079,-15.13108],[-43.3301,-15.1065],[-43.31021,-15.08337],[-43.3231,-15.06766],[-43.35325,-15.05161],[-43.43685,-15.07614],[-43.47274,-15.07481],[-43.48605,-15.04161],[-43.5081,-15.01983],[-43.50355,-14.98645],[-43.52679,-14.97688],[-43.54757,-14.96825],[-43.5686,-14.97585],[-43.53785,-15.00674],[-43.56905,-15.00274],[-43.58563,-15.01095],[-43.5854,-15.04239],[-43.61715,-15.03998],[-43.62824,-15.06042],[-43.61271,-15.09271],[-43.64285,-15.10691],[-43.80797,-15.10717],[-43.98576,-15.07181],[-44.01922,-15.07161]]]},"properties":{"GEOCODIGO":"3135050","NOME":"Jaíba","UF":"MG"}},
{"type":"Feature","geometry":{"type":"Polygon","coordinates":[[[-43.6652,-21.6048],[-43.68469,-21.62818],[-43.68238,-21.66192],[-43.6703,-21.66866],[-43.68238,-21.69379],[-43.67841,-21.71193],[-43.66786,-21.7505],[-43.65041,-21.79068],[-43.63038,-21.81465],[-43.66617,-21.85309],[-43.6448,-21.86852],[-43.62969,-21.90968],[-43.61024,-21.90611],[-43.57711,-21.96367],[-43.59485,-21.97712],[-43.58555,-21.99911],[-43.49691,-21.93767],[-43.49527,-21.89188],[-43.47479,-21.89121],[-43.44393,-21.85923],[-43.4219,-21.858],[-43.40532,-21.87749],[-43.37477,-21.89607],[-43.3914,-21.86107],[-43.37635,-21.8261],[-43.33465,-21.80931],[-43.32163,-21.82162],[-43.28197,-21.82242],[-43.27434,-21.83888],[-43.2521,-21.828],[-43.23712,-21.86173],[-43.20355,-21.84157],[-43.18896,-21.85474],[-43.15817,-21.82859],[-43.16216,-21.80112],[-43.17402,-21.79829],[-43.17187,-21.75917],[-43.18783,-21.74303],[-43.24304,-21.75046],[-43.25774,-21.74198],[-43.26516,-21.70984],[-43.26304,-21.6855],[-43.28032,-21.68564],[-43.29537,-21.66122],[-43.31615,-21.66275],[-43.33976,-21.65186],[-43.35961,-21.62648],[-43.35119,-21.59577],[-43.36087,-21.58657],[-43.37697,-21.55751],[-43.4193,-21.53094],[-43.43713,-21.53682],[-43.45052,-21.52049],[-43.47284,-21.53083],[-43.49269,-21.53081],[-43.49385,-21.55599],[-43.51102,-21.55947],[-43.51413,-21.58547],[-43.52923,-21.595],[-43.54172,-21.62026],[-43.62091,-21.61424],[-43.64015,-21.60815],[-43.6652,-21.6048]]]},"properties":{"GEOCODIGO":"3136702","NOME":"Juiz de Fora","UF":"MG"}},
{"type":"Feature","geometry":{"type":"Polygon","coordinates":[[[-43.8691,-18.67103],[-43.86089,-18.69948],[-43.84473,-18.70988],[-43.81315,-18.79778],[-43.79666,-18.78868],[-43.79595,-18.76532],[-43.74506,-18.74906],[-43.7324,-18.72013],[-43.70447,-18.71899],[-43.68734,-18.69834],[-43.65762,-18.71129],[-43.64525,-18.72887],[-43.62311,-18.71156],[-43.61153,-18.72124],[-43.60894,-18.76201],[-43.61875,-18.78658],[-43.60254,-18.83539],[-43.61811,-18.86691],[-43.6092,-18.89779],[-43.63011,-18.90502],[-43.64931,-18.93338],[-43.68351,-18.94448],[-43.66956,-18.9727],[-43.63437,-19.0169],[-43.64377,-19.03087],[-43.62276,-19.07642],[-43.61453,-19.09946],[-43.56828,-19.12002],[-43.54931,-19.15192],[-43.50767,-19.16873],[-43.49753,-19.18353],[-43.46556,-19.16785],[-43.45718,-19.13894],[-43.42587,-19.14467],[-43.37014,-19.14166],[-43.35522,-19.12592],[-43.3455,-19.09866],[-43.31847,-19.11501],[-43.31194,-19.14218],[-43.27265,-19.17188],[-43.24678,-19.20384],[-43.21856,-19.21377],[-43.20794,-19.20223],[-43.18617,-19.21685],[-43.19182,-19.24198],[-43.1675,-19.23625],[-43.14995,-19.25323],[-43.12584,-19.23747],[-43.11811,-19.19836],[-43.13658,-19.1816],[-43.16392,-19.114],[-43.17928,-19.13546],[-43.25108,-19.13953],[-43.27874,-19.12667],[-43.26879,-19.11213],[-43.29534,-19.09822],[-43.31822,-19.0867],[-43.31984,-19.04399],[-43.30555,-19.01519],[-43.31645,-18.99799],[-43.30922,-18.96296],[-43.34383,-18.94243],[-43.35814,-18.90511],[-43.35395,-18.89667],[-43.31569,-18.88282],[-43.30775,-18.86738],[-43.31425,-18.87415],[-43.39151,-18.85629],[-43.42997,-18.88241],[-43.45412,-18.84681],[-43.46531,-18.80666],[-43.48506,-18.81038],[-43.51881,-18.77765],[-43.49389,-18.74686],[-43.4907,-18.71588],[-43.49339,-18.70186],[-43.52088,-18.69777],[-43.53794,-18.71186],[-43.56881,-18.6944],[-43.60176,-18.68401],[-43.64238,-18.65863],[-43.65767,-18.66477],[-43.67893,-18.64523],[-43.72891,-18.64726],[-43.73631,-18.62464],[-43.75272,-18.62153],[-43.76543,-18.63852],[-43.78915,-18.61347],[-43.81662,-18.6304],[-43.82023,-18.65627],[-43.8691,-18.67103]]]},"properties":{"GEOCODIGO":"3117504","NOME":"Conceição do Mato Dentro","UF":"MG"}},
{"type":"Feature","geometry":{"type":"Polygon","coordinates":[[[-43.64831,-20.95405],[-43.66288,-20.95999],[-43.68427,-20.99386],[-43.7093,-21.00284],[-43.70853,-21.02002],[-43.6922,-21.02989],[-43.65903,-21.03339],[-43.64704,-21.07375],[-43.62817,-21.09811],[-43.60106,-21.11171],[-43.56171,-21.13162],[-43.51271,-21.06478],[-43.52563,-21.0399],[-43.53058,-21],[-43.55241,-20.97956],[-43.56199,-20.95731],[-43.58136,-20.9499],[-43.61957,-20.95775],[-43.64831,-20.95405]]]},"properties":{"GEOCODIGO":"3166204","NOME":"Senhora dos Remédios","UF":"MG"}},
{"type":"Feature","geometry":{"type":"Polygon","coordinates":[[[-43.58555,-21.99911],[-43.59463,-22.00897],[-43.63359,-22.02327],[-43.62266,-22.03816],[-43.59231,-22.05544],[-43.56652,-22.08724],[-43.50727,-22.06203],[-43.50388,-22.07476],[-43.46205,-22.07216],[-43.4161,-22.04928],[-43.35049,-22.00722],[-43.32407,-22.00586],[-43.33932,-21.99739],[-43.34696,-21.97487],[-43.37121,-21.96954],[-43.37276,-21.95281],[-43.35147,-21.93504],[-43.34521,-21.91596],[-43.36169,-21.9187],[-43.37477,-21.89607],[-43.40532,-21.87749],[-43.4219,-21.858],[-43.44393,-21.85923],[-43.47479,-21.89121],[-43.49527,-21.89188],[-43.49691,-21.93767],[-43.58555,-21.99911]]]},"properties":{"GEOCODIGO":"3106101","NOME":"Belmiro Braga","UF":"MG"}},
{"type":"Feature","geometry":{"type":"Polygon","coordinates":[[[-43.81315,-18.79778],[-43.82484,-18.80757],[-43.79162,-18.86437],[-43.77253,-18.85236],[-43.74634,-18.87541],[-43.74582,-18.89877],[-43.71406,-18.97224],[-43.74297,-19.00655],[-43.73833,-19.01797],[-43.68161,-19.03065],[-43.66486,-19.02744],[-43.64062,-19.06722],[-43.62276,-19.07642],[-43.64377,-19.03087],[-43.63437,-19.0169],[-43.66956,-18.9727],[-43.68351,-18.94448],[-43.64931,-18.93338],[-43.63011,-18.90502],[-43.6092,-18.89779],[-43.61811,-18.86691],[-43.60254,-18.83539],[-43.61875,-18.78658],[-43.60894,-18.76201],[-43.61153,-18.72124],[-43.62311,-18.71156],[-43.64525,-18.72887],[-43.65762,-18.71129],[-43.68734,-18.69834],[-43.70447,-18.71899],[-43.7324,-18.72013],[-43.74506,-18.74906],[-43.79595,-18.76532],[-43.79666,-18.78868],[-43.81315,-18.79778]]]},"properties":{"GEOCODIGO":"3118106","NOME":"Congonhas do Norte","UF":"MG"}},
{"type":"Feature","geometry":{"type":"Polygon","coordinates":[[[-43.78227,-19.61113],[-43.7672,-19.60623],[-43.75597,-19.62806],[-43.75433,-19.66658],[-43.77447,-19.69077],[-43.78272,-19.7144],[-43.77064,-19.7258],[-43.72778,-19.73482],[-43.70886,-19.74735],[-43.70081,-19.7277],[-43.67553,-19.72453],[-43.65521,-19.7325],[-43.63328,-19.71391],[-43.62903,-19.69465],[-43.61394,-19.64356],[-43.5997,-19.62741],[-43.59344,-19.5769],[-43.57609,-19.54658],[-43.58269,-19.51376],[-43.6175,-19.53531],[-43.65436,-19.56513],[-43.66978,-19.54919],[-43.70064,-19.56399],[-43.71631,-19.54993],[-43.76309,-19.56136],[-43.78227,-19.61113]]]},"properties":{"GEOCODIGO":"3168309","NOME":"Taquaraçu de Minas","UF":"MG"}},
{"type":"Feature","geometry":{"type":"Polygon","coordinates":[[[-43.47284,-21.53083],[-43.50344,-21.51359],[-43.53896,-21.51589],[-43.55436,-21.54503],[-43.57502,-21.55125],[-43.58679,-21.56934],[-43.62299,-21.57326],[-43.6465,-21.59441],[-43.64015,-21.60815],[-43.62091,-21.61424],[-43.54172,-21.62026],[-43.52923,-21.595],[-43.51413,-21.58547],[-43.51102,-21.55947],[-43.49385,-21.55599],[-43.49269,-21.53081],[-43.47284,-21.53083]]]},"properties":{"GEOCODIGO":"3125002","NOME":"Ewbank da Câmara","UF":"MG"}},
{"type":"Feature","geometry":{"type":"Polygon","coordinates":[[[-43.69163,-20.7191],[-43.68075,-20.74378],[-43.66106,-20.75034],[-43.65069,-20.76838],[-43.61902,-20.76606],[-43.60689,-20.75387],[-43.58884,-20.76518],[-43.56221,-20.7541],[-43.53089,-20.7579],[-43.49177,-20.75315],[-43.49783,-20.73453],[-43.51878,-20.73503],[-43.53436,-20.71913],[-43.54097,-20.68771],[-43.55652,-20.66327],[-43.55386,-20.64265],[-43.56497,-20.605],[-43.57483,-20.58834],[-43.60197,-20.58406],[-43.6223,-20.59722],[-43.65375,-20.59355],[-43.67904,-20.6225],[-43.70894,-20.6385],[-43.68806,-20.66368],[-43.69964,-20.70801],[-43.69163,-20.7191]]]},"properties":{"GEOCODIGO":"3133907","NOME":"Itaverava","UF":"MG"}},
{"type":"Feature","geometry":{"type":"Polygon","coordinates":[[[-43.67372,-20.9234],[-43.68907,-20.94906],[-43.68222,-20.96408],[-43.64831,-20.95405],[-43.61957,-20.95775],[-43.58136,-20.9499],[-43.52326,-20.93771],[-43.54828,-20.90611],[-43.56447,-20.8707],[-43.61892,-20.85739],[-43.64736,-20.89871],[-43.67372,-20.9234]]]},"properties":{"GEOCODIGO":"3112208","NOME":"Capela Nova","UF":"MG"}},
{"type":"Feature","geometry":{"type":"Polygon","coordinates":[[[-44.01922,-15.07161],[-43.98576,-15.07181],[-43.80797,-15.10717],[-43.64285,-15.10691],[-43.61271,-15.09271],[-43.62824,-15.06042],[-43.61715,-15.03998],[-43.5854,-15.04239],[-43.58563,-15.01095],[-43.56905,-15.00274],[-43.53785,-15.00674],[-43.5686,-14.97585],[-43.54757,-14.96825],[-43.52679,-14.97688],[-43.53941,-14.96126],[-43.51474,-14.93594],[-43.49788,-14.94027],[-43.50362,-14.90039],[-43.49595,-14.88487],[-43.50835,-14.84973],[-43.53099,-14.81485],[-43.54124,-14.77868],[-43.57338,-14.76471],[-43.5859,-14.74961],[-43.6146,-14.75944],[-43.6566,-14.7453],[-43.71182,-14.71454],[-43.72585,-14.69771],[-43.75511,-14.70039],[-43.78526,-14.68527],[-43.79846,-14.68703],[-43.84646,-14.67166],[-43.85879,-14.67385],[-43.8831,-14.65278],[-43.87049,-14.62039],[-43.8741,-14.59424],[-43.88682,-14.58473],[-43.8809,-14.56193],[-43.89738,-14.59045],[-43.91274,-14.64958],[-43.9164,-14.71481],[-43.93385,-14.77288],[-43.91882,-14.83566],[-43.9389,-14.8744],[-43.95063,-14.91224],[-43.96663,-14.92949],[-43.98432,-14.96731],[-44.00126,-14.97935],[-44.01893,-15.01417],[-44.0138,-15.0449],[-44.01922,-15.07161]]]},"properties":{"GEOCODIGO":"3140852","NOME":"Matias Cardoso","UF":"MG"}},
{"type":"Feature","geometry":{"type":"Polygon","coordinates":[[[-43.70886,-19.74735],[-43.68859,-19.76703],[-43.69136,-19.79973],[-43.70066,-19.82161],[-43.74866,-19.89732],[-43.7363,-19.91684],[-43.7228,-19.96694],[-43.73908,-19.98799],[-43.73478,-20.00008],[-43.72723,-20.05733],[-43.71035,-20.07546],[-43.69233,-20.07419],[-43.69557,-20.06147],[-43.67247,-20.02168],[-43.66193,-19.99183],[-43.638,-19.96585],[-43.62278,-19.95186],[-43.6026,-19.95068],[-43.57989,-19.92267],[-43.5317,-19.92698],[-43.52065,-19.91827],[-43.52658,-19.87295],[-43.53061,-19.80311],[-43.54059,-19.78399],[-43.53758,-19.76112],[-43.53878,-19.75433],[-43.57175,-19.73055],[-43.58155,-19.74924],[-43.60403,-19.73865],[-43.59208,-19.72019],[-43.62903,-19.69465],[-43.63328,-19.71391],[-43.65521,-19.7325],[-43.67553,-19.72453],[-43.70081,-19.7277],[-43.70886,-19.74735]]]},"properties":{"GEOCODIGO":"3110004","NOME":"Caeté","UF":"MG"}},
{"type":"Feature","geometry":{"type":"Polygon","coordinates":[[[-43.77342,-19.06151],[-43.7802,-19.07484],[-43.75834,-19.09389],[-43.75234,-19.17623],[-43.77566,-19.19016],[-43.74472,-19.21879],[-43.74907,-19.2361],[-43.73398,-19.25501],[-43.73266,-19.2808],[-43.7067,-19.267],[-43.67797,-19.28398],[-43.67047,-19.33071],[-43.65106,-19.33251],[-43.64125,-19.34761],[-43.59489,-19.34764],[-43.51881,-19.33088],[-43.51794,-19.31624],[-43.52848,-19.30231],[-43.53636,-19.26245],[-43.50134,-19.22322],[-43.49862,-19.19352],[-43.50767,-19.16873],[-43.54931,-19.15192],[-43.56828,-19.12002],[-43.61453,-19.09946],[-43.62276,-19.07642],[-43.64062,-19.06722],[-43.66486,-19.02744],[-43.68161,-19.03065],[-43.73833,-19.01797],[-43.77028,-19.03482],[-43.77342,-19.06151]]]},"properties":{"GEOCODIGO":"3159001","NOME":"Santana do Riacho","UF":"MG"}},
{"type":"Feature","geometry":{"type":"Polygon","coordinates":[[[-43.63041,-21.37534],[-43.55835,-21.35656],[-43.52988,-21.36742],[-43.47263,-21.36029],[-43.47105,-21.37402],[-43.44033,-21.35665],[-43.42338,-21.33612],[-43.43075,-21.31017],[-43.46624,-21.30903],[-43.47696,-21.28086],[-43.50538,-21.29957],[-43.50694,-21.31556],[-43.5803,-21.31887],[-43.60358,-21.33208],[-43.63041,-21.37534]]]},"properties":{"GEOCODIGO":"3145703","NOME":"Oliveira Fortes","UF":"MG"}},
{"type":"Feature","geometry":{"type":"Polygon","coordinates":[[[-43.638,-19.96585],[-43.66193,-19.99183],[-43.67247,-20.02168],[-43.69557,-20.06147],[-43.69233,-20.07419],[-43.65904,-20.12492],[-43.62939,-20.15011],[-43.63967,-20.16383],[-43.61886,-20.19304],[-43.58736,-20.21542],[-43.53833,-20.20133],[-43.53399,-20.16073],[-43.51086,-20.12833],[-43.51913,-20.11479],[-43.5137,-20.09198],[-43.48553,-20.06902],[-43.47964,-20.02571],[-43.44594,-20.03251],[-43.41013,-20.01302],[-43.40583,-19.99704],[-43.35176,-20.00344],[-43.33019,-20.01997],[-43.31472,-20.04879],[-43.31591,-20.07628],[-43.28817,-20.05381],[-43.27811,-20.01444],[-43.24088,-19.98153],[-43.20905,-19.97013],[-43.21627,-19.94536],[-43.23239,-19.93272],[-43.22083,-19.89324],[-43.26064,-19.89066],[-43.27244,-19.90206],[-43.31081,-19.89194],[-43.33791,-19.90344],[-43.34722,-19.92],[-43.36889,-19.92282],[-43.41981,-19.90938],[-43.43514,-19.91],[-43.44059,-19.93733],[-43.4772,-19.95826],[-43.50748,-20.00618],[-43.5444,-20.03146],[-43.58913,-20.00525],[-43.59311,-19.98494],[-43.638,-19.96585]]]},"properties":{"GEOCODIGO":"3157203","NOME":"Santa Bárbara","UF":"MG"}},
{"type":"Feature","geometry":{"type":"Polygon","coordinates":[[[-43.59935,-21.16653],[-43.59853,-21.21445],[-43.60881,-21.22333],[-43.59821,-21.28271],[-43.5803,-21.31887],[-43.50694,-21.31556],[-43.50538,-21.29957],[-43.47696,-21.28086],[-43.44282,-21.25046],[-43.45346,-21.19531],[-43.51549,-21.20284],[-43.55355,-21.20126],[-43.55478,-21.18593],[-43.59935,-21.16653]]]},"properties":{"GEOCODIGO":"3157302","NOME":"Santa Bárbara do Tugúrio","UF":"MG"}},
{"type":"Feature","geometry":{"type":"Polygon","coordinates":[[[-43.6068,-21.12938],[-43.59935,-21.16653],[-43.55478,-21.18593],[-43.55355,-21.20126],[-43.51549,-21.20284],[-43.45346,-21.19531],[-43.44352,-21.16819],[-43.41758,-21.15825],[-43.43763,-21.14184],[-43.49795,-21.11587],[-43.51271,-21.06478],[-43.56171,-21.13162],[-43.60106,-21.11171],[-43.6068,-21.12938]]]},"properties":{"GEOCODIGO":"3121506","NOME":"Desterro do Melo","UF":"MG"}},
{"type":"Feature","geometry":{"type":"Polygon","coordinates":[[[-43.61892,-20.85739],[-43.56447,-20.8707],[-43.54828,-20.90611],[-43.52326,-20.93771],[-43.47027,-20.93928],[-43.4358,-20.92183],[-43.41563,-20.92064],[-43.39982,-20.89768],[-43.38663,-20.90134],[-43.37288,-20.8669],[-43.42547,-20.82347],[-43.46769,-20.81589],[-43.47102,-20.82956],[-43.50816,-20.83232],[-43.55334,-20.7786],[-43.57291,-20.80965],[-43.59805,-20.82623],[-43.60024,-20.84381],[-43.61892,-20.85739]]]},"properties":{"GEOCODIGO":"3155207","NOME":"Rio Espera","UF":"MG"}},
{"type":"Feature","geometry":{"type":"Polygon","coordinates":[[[-43.2952,-17.37968],[-43.31506,-17.3748],[-43.33417,-17.35569],[-43.33909,-17.32601],[-43.36665,-17.29676],[-43.41465,-17.27575],[-43.47659,-17.27347],[-43.4997,-17.26544],[-43.52532,-17.23583],[-43.54064,-17.23258],[-43.57089,-17.26665],[-43.58436,-17.27227],[-43.61073,-17.25332],[-43.62887,-17.25649],[-43.66968,-17.21325],[-43.69981,-17.20605],[-43.71573,-17.22161],[-43.73187,-17.21701],[-43.75887,-17.23872],[-43.76681,-17.25945],[-43.787,-17.25057],[-43.81068,-17.27189],[-43.80221,-17.28689],[-43.81673,-17.3212],[-43.78509,-17.36448],[-43.7731,-17.37139],[-43.73514,-17.36986],[-43.71915,-17.41596],[-43.75603,-17.48722],[-43.7454,-17.51485],[-43.77579,-17.54732],[-43.77218,-17.60533],[-43.76587,-17.63429],[-43.77601,-17.68381],[-43.75506,-17.71641],[-43.7699,-17.74693],[-43.75968,-17.75252],[-43.75298,-17.78365],[-43.77951,-17.79824],[-43.75545,-17.81743],[-43.7725,-17.82922],[-43.76496,-17.87722],[-43.75614,-17.88659],[-43.69651,-17.87671],[-43.67521,-17.85657],[-43.67709,-17.8305],[-43.6445,-17.79847],[-43.63192,-17.77207],[-43.61055,-17.7546],[-43.60601,-17.71141],[-43.59211,-17.69262],[-43.61301,-17.63235],[-43.59176,-17.627],[-43.56764,-17.60939],[-43.57451,-17.59607],[-43.56471,-17.56955],[-43.57395,-17.5557],[-43.55,-17.53952],[-43.51945,-17.53952],[-43.50328,-17.51585],[-43.48498,-17.54379],[-43.4624,-17.55419],[-43.4222,-17.53102],[-43.38298,-17.55028],[-43.38581,-17.52794],[-43.36562,-17.51886],[-43.35998,-17.50037],[-43.33595,-17.51849],[-43.31184,-17.51535],[-43.33776,-17.49065],[-43.28992,-17.46113],[-43.29998,-17.43552],[-43.28379,-17.40321],[-43.2952,-17.37968]]]},"properties":{"GEOCODIGO":"3145455","NOME":"Olhos-D'Água","UF":"MG"}},
{"type":"Feature","geometry":{"type":"Polygon","coordinates":[[[-43.73631,-18.62464],[-43.72891,-18.64726],[-43.67893,-18.64523],[-43.65256,-18.63086],[-43.59955,-18.53327],[-43.6092,-18.51932],[-43.57006,-18.43974],[-43.59583,-18.40144],[-43.63087,-18.38909],[-43.60787,-18.33965],[-43.60686,-18.31143],[-43.68409,-18.30085],[-43.68873,-18.34749],[-43.68253,-18.37549],[-43.68927,-18.42316],[-43.68956,-18.4594],[-43.68323,-18.49899],[-43.68984,-18.52144],[-43.68378,-18.55393],[-43.66609,-18.55981],[-43.69006,-18.60562],[-43.73631,-18.62464]]]},"properties":{"GEOCODIGO":"3121001","NOME":"Datas","UF":"MG"}},
{"type":"Feature","geometry":{"type":"Polygon","coordinates":[[[-43.58136,-20.9499],[-43.56199,-20.95731],[-43.55241,-20.97956],[-43.53058,-21],[-43.52563,-21.0399],[-43.51271,-21.06478],[-43.49795,-21.11587],[-43.43763,-21.14184],[-43.41758,-21.15825],[-43.39669,-21.16715],[-43.36301,-21.15183],[-43.35272,-21.09343],[-43.30385,-21.0747],[-43.29991,-21.06284],[-43.27241,-21.05798],[-43.26316,-21.07774],[-43.2433,-21.08388],[-43.23186,-21.0441],[-43.24927,-21.03599],[-43.25644,-21.01064],[-43.23933,-20.96885],[-43.25978,-20.95827],[-43.29116,-20.95518],[-43.3246,-20.97862],[-43.34094,-20.95658],[-43.36449,-20.95993],[-43.38046,-20.97574],[-43.39788,-20.95934],[-43.41982,-20.97812],[-43.47027,-20.93928],[-43.52326,-20.93771],[-43.58136,-20.9499]]]},"properties":{"GEOCODIGO":"3102100","NOME":"Alto Rio Doce","UF":"MG"}},
{"type":"Feature","geometry":{"type":"Polygon","coordinates":[[[-43.89451,-15.49727],[-43.87568,-15.50982],[-43.85618,-15.50961],[-43.82557,-15.52852],[-43.78657,-15.53329],[-43.78002,-15.55757],[-43.8098,-15.5936],[-43.83079,-15.6077],[-43.84207,-15.637],[-43.80518,-15.69312],[-43.79377,-15.69564],[-43.79671,-15.73068],[-43.76334,-15.77845],[-43.74507,-15.75731],[-43.72404,-15.75904],[-43.69621,-15.73],[-43.67201,-15.7331],[-43.64329,-15.71077],[-43.6032,-15.72022],[-43.51399,-15.66587],[-43.49557,-15.64763],[-43.39382,-15.53035],[-43.38812,-15.49962],[-43.3731,-15.49217],[-43.36379,-15.46545],[-43.38248,-15.44792],[-43.38102,-15.41879],[-43.40165,-15.38995],[-43.41657,-15.38916],[-43.43759,-15.37064],[-43.66362,-15.49323],[-43.65996,-15.43133],[-43.67122,-15.41432],[-43.64627,-15.40214],[-43.66513,-15.37474],[-43.73221,-15.37809],[-43.76303,-15.41461],[-43.80298,-15.41481],[-43.84349,-15.43891],[-43.8842,-15.47311],[-43.89451,-15.49727]]]},"properties":{"GEOCODIGO":"3171030","NOME":"Verdelândia","UF":"MG"}},
{"type":"Feature","geometry":{"type":"Polygon","coordinates":[[[-43.638,-19.96585],[-43.59311,-19.98494],[-43.58913,-20.00525],[-43.5444,-20.03146],[-43.50748,-20.00618],[-43.4772,-19.95826],[-43.44059,-19.93733],[-43.43514,-19.91],[-43.41981,-19.90938],[-43.41897,-19.87505],[-43.39564,-19.86568],[-43.38753,-19.8502],[-43.39828,-19.82273],[-43.39059,-19.80241],[-43.39158,-19.77445],[-43.45038,-19.78848],[-43.48372,-19.7871],[-43.5082,-19.76607],[-43.53758,-19.76112],[-43.54059,-19.78399],[-43.53061,-19.80311],[-43.52658,-19.87295],[-43.52065,-19.91827],[-43.5317,-19.92698],[-43.57989,-19.92267],[-43.6026,-19.95068],[-43.62278,-19.95186],[-43.638,-19.96585]]]},"properties":{"GEOCODIGO":"3105400","NOME":"Barão de Cocais","UF":"MG"}},
{"type":"Feature","geometry":{"type":"Polygon","coordinates":[[[-43.58269,-19.51376],[-43.57609,-19.54658],[-43.59344,-19.5769],[-43.5997,-19.62741],[-43.61394,-19.64356],[-43.62903,-19.69465],[-43.59208,-19.72019],[-43.60403,-19.73865],[-43.58155,-19.74924],[-43.57175,-19.73055],[-43.53878,-19.75433],[-43.53426,-19.72144],[-43.54414,-19.6896],[-43.54655,-19.64],[-43.54255,-19.62403],[-43.54081,-19.57156],[-43.52762,-19.55761],[-43.5435,-19.54189],[-43.54711,-19.51015],[-43.5659,-19.48416],[-43.58384,-19.49379],[-43.58269,-19.51376]]]},"properties":{"GEOCODIGO":"3136603","NOME":"Nova União","UF":"MG"}},
{"type":"Feature","geometry":{"type":"Polygon","coordinates":[[[-43.56221,-20.7541],[-43.55334,-20.7786],[-43.50816,-20.83232],[-43.47102,-20.82956],[-43.46769,-20.81589],[-43.42547,-20.82347],[-43.42907,-20.80346],[-43.41586,-20.78717],[-43.41066,-20.75055],[-43.43694,-20.71606],[-43.47213,-20.73814],[-43.49783,-20.73453],[-43.49177,-20.75315],[-43.53089,-20.7579],[-43.56221,-20.7541]]]},"properties":{"GEOCODIGO":"3137908","NOME":"Lamim","UF":"MG"}},
{"type":"Feature","geometry":{"type":"Polygon","coordinates":[[[-43.56497,-20.605],[-43.55386,-20.64265],[-43.55652,-20.66327],[-43.54097,-20.68771],[-43.53436,-20.71913],[-43.51878,-20.73503],[-43.49783,-20.73453],[-43.47213,-20.73814],[-43.43694,-20.71606],[-43.43283,-20.68193],[-43.44436,-20.64154],[-43.45874,-20.63232],[-43.50064,-20.62235],[-43.53307,-20.59477],[-43.56497,-20.605]]]},"properties":{"GEOCODIGO":"3115409","NOME":"Catas Altas da Noruega","UF":"MG"}},
{"type":"Feature","geometry":{"type":"Polygon","coordinates":[[[-43.47105,-21.37402],[-43.49741,-21.38056],[-43.499,-21.39579],[-43.4578,-21.4123],[-43.3968,-21.38644],[-43.35384,-21.35866],[-43.33977,-21.33689],[-43.33824,-21.31566],[-43.32461,-21.29664],[-43.34096,-21.28459],[-43.37249,-21.2849],[-43.38615,-21.29093],[-43.40736,-21.3298],[-43.42338,-21.33612],[-43.44033,-21.35665],[-43.47105,-21.37402]]]},"properties":{"GEOCODIGO":"3103306","NOME":"Aracitaba","UF":"MG"}},
{"type":"Feature","geometry":{"type":"Polygon","coordinates":[[[-43.67893,-18.64523],[-43.65767,-18.66477],[-43.64238,-18.65863],[-43.60176,-18.68401],[-43.56881,-18.6944],[-43.53794,-18.71186],[-43.52088,-18.69777],[-43.49339,-18.70186],[-43.4907,-18.71588],[-43.48789,-18.70068],[-43.50673,-18.68509],[-43.50623,-18.63691],[-43.52142,-18.60175],[-43.57075,-18.56801],[-43.59955,-18.53327],[-43.65256,-18.63086],[-43.67893,-18.64523]]]},"properties":{"GEOCODIGO":"3153301","NOME":"Presidente Kubitschek","UF":"MG"}},
{"type":"Feature","geometry":{"type":"Polygon","coordinates":[[[-43.7654,-16.08858],[-43.78371,-16.11868],[-43.76643,-16.14605],[-43.77354,-16.193],[-43.79129,-16.20661],[-43.80185,-16.24345],[-43.77915,-16.28205],[-43.79374,-16.29925],[-43.78594,-16.35726],[-43.76399,-16.37981],[-43.76201,-16.40046],[-43.74621,-16.4046],[-43.72873,-16.41372],[-43.69903,-16.41581],[-43.67652,-16.40464],[-43.67374,-16.29688],[-43.53673,-16.1407],[-43.53729,-16.11978],[-43.52121,-16.09763],[-43.5278,-16.08636],[-43.5409,-16.05974],[-43.5364,-16.01556],[-43.56159,-15.9938],[-43.55976,-15.97547],[-43.54176,-15.95372],[-43.55596,-15.91009],[-43.57141,-15.90561],[-43.58219,-15.8785],[-43.6188,-15.85422],[-43.6163,-15.80766],[-43.62015,-15.78565],[-43.6534,-15.7825],[-43.63446,-15.82044],[-43.64016,-15.83337],[-43.66473,-15.84337],[-43.63549,-15.86475],[-43.63465,-15.92135],[-43.65548,-15.96527],[-43.68679,-15.99158],[-43.70334,-16.01888],[-43.70207,-16.0408],[-43.71893,-16.05956],[-43.75876,-16.07249],[-43.7654,-16.08858]]]},"properties":{"GEOCODIGO":"3112703","NOME":"Capitão Enéas","UF":"MG"}},
{"type":"Feature","geometry":{"type":"Polygon","coordinates":[[[-43.47696,-21.28086],[-43.46624,-21.30903],[-43.43075,-21.31017],[-43.42338,-21.33612],[-43.40736,-21.3298],[-43.38615,-21.29093],[-43.37249,-21.2849],[-43.39286,-21.25624],[-43.41513,-21.26128],[-43.44282,-21.25046],[-43.47696,-21.28086]]]},"properties":{"GEOCODIGO":"3146602","NOME":"Paiva","UF":"MG"}},
{"type":"Feature","geometry":{"type":"Polygon","coordinates":[[[-43.74621,-16.4046],[-43.73671,-16.49122],[-43.75012,-16.49075],[-43.76179,-16.5337],[-43.74027,-16.55635],[-43.75137,-16.56781],[-43.74096,-16.61066],[-43.7031,-16.6664],[-43.70376,-16.69139],[-43.66782,-16.72501],[-43.62451,-16.71064],[-43.59726,-16.72511],[-43.56448,-16.73055],[-43.54257,-16.74886],[-43.49996,-16.8124],[-43.48714,-16.81498],[-43.47535,-16.77801],[-43.49404,-16.74739],[-43.49137,-16.72484],[-43.46754,-16.6977],[-43.46826,-16.67093],[-43.43129,-16.58622],[-43.4386,-16.56528],[-43.40887,-16.51785],[-43.41704,-16.49025],[-43.39985,-16.45837],[-43.38165,-16.41018],[-43.35546,-16.42605],[-43.32531,-16.42946],[-43.3114,-16.41858],[-43.27278,-16.41681],[-43.25695,-16.4001],[-43.21359,-16.38292],[-43.1904,-16.389],[-43.16846,-16.36343],[-43.15207,-16.30712],[-43.15751,-16.28805],[-43.13407,-16.25276],[-43.13248,-16.23219],[-43.16163,-16.20445],[-43.23024,-16.16165],[-43.25427,-16.14127],[-43.26101,-16.12094],[-43.26937,-16.11422],[-43.29871,-16.12907],[-43.33589,-16.11687],[-43.37279,-16.1216],[-43.39729,-16.09436],[-43.44412,-16.07334],[-43.45123,-16.08697],[-43.48698,-16.09719],[-43.5278,-16.08636],[-43.52121,-16.09763],[-43.53729,-16.11978],[-43.53673,-16.1407],[-43.67374,-16.29688],[-43.67652,-16.40464],[-43.69903,-16.41581],[-43.72873,-16.41372],[-43.74621,-16.4046]]]},"properties":{"GEOCODIGO":"3126703","NOME":"Francisco Sá","UF":"MG"}},
{"type":"Feature","geometry":{"type":"Polygon","coordinates":[[[-43.51086,-20.12833],[-43.53399,-20.16073],[-43.49719,-20.17332],[-43.49911,-20.21582],[-43.47125,-20.23618],[-43.45336,-20.27124],[-43.4536,-20.30479],[-43.46852,-20.31808],[-43.47289,-20.34475],[-43.47269,-20.40673],[-43.4955,-20.44516],[-43.48917,-20.45633],[-43.44752,-20.47339],[-43.42685,-20.48991],[-43.43012,-20.51839],[-43.41716,-20.54379],[-43.4036,-20.5467],[-43.36776,-20.54965],[-43.36494,-20.53283],[-43.33323,-20.52515],[-43.31997,-20.50908],[-43.29152,-20.49596],[-43.2813,-20.49801],[-43.26858,-20.45098],[-43.1989,-20.43937],[-43.17497,-20.44107],[-43.14786,-20.45973],[-43.12505,-20.44894],[-43.12295,-20.43016],[-43.14463,-20.40952],[-43.1687,-20.40059],[-43.15295,-20.37637],[-43.16428,-20.36311],[-43.13328,-20.34075],[-43.14697,-20.315],[-43.17336,-20.30876],[-43.18144,-20.28675],[-43.17309,-20.26834],[-43.15217,-20.25118],[-43.14592,-20.2333],[-43.162,-20.19574],[-43.16322,-20.17713],[-43.19208,-20.17359],[-43.2202,-20.2049],[-43.25435,-20.18861],[-43.28189,-20.19626],[-43.29965,-20.21676],[-43.35675,-20.19617],[-43.35355,-20.15721],[-43.34561,-20.13956],[-43.3768,-20.13407],[-43.40444,-20.14278],[-43.42408,-20.12169],[-43.45002,-20.13096],[-43.45864,-20.14377],[-43.51086,-20.12833]]]},"properties":{"GEOCODIGO":"3140001","NOME":"Mariana","UF":"MG"}},
{"type":"Feature","geometry":{"type":"Polygon","coordinates":[[[-43.68623,-16.92749],[-43.7024,-16.96157],[-43.7009,-16.99333],[-43.71416,-17.01793],[-43.70874,-17.05483],[-43.72004,-17.08201],[-43.68485,-17.10491],[-43.67696,-17.15774],[-43.65126,-17.17494],[-43.62733,-17.17302],[-43.6004,-17.19675],[-43.56802,-17.19544],[-43.54501,-17.18294],[-43.53068,-17.20756],[-43.4876,-17.17741],[-43.51857,-17.14885],[-43.55181,-17.09025],[-43.56735,-17.07003],[-43.56546,-17.02435],[-43.55323,-17.00686],[-43.56638,-16.96491],[-43.61014,-16.99363],[-43.62044,-16.98875],[-43.64576,-16.97246],[-43.6509,-16.95851],[-43.68623,-16.92749]]]},"properties":{"GEOCODIGO":"3128253","NOME":"Guaraciama","UF":"MG"}},
{"type":"Feature","geometry":{"type":"Polygon","coordinates":[[[-43.45346,-21.19531],[-43.44282,-21.25046],[-43.41513,-21.26128],[-43.39286,-21.25624],[-43.37249,-21.2849],[-43.34096,-21.28459],[-43.32461,-21.29664],[-43.26916,-21.27835],[-43.27244,-21.25336],[-43.24733,-21.22808],[-43.24464,-21.21148],[-43.27499,-21.18246],[-43.25361,-21.16022],[-43.25838,-21.14169],[-43.24916,-21.11832],[-43.25527,-21.10173],[-43.23927,-21.08771],[-43.2433,-21.08388],[-43.26316,-21.07774],[-43.27241,-21.05798],[-43.29991,-21.06284],[-43.30385,-21.0747],[-43.35272,-21.09343],[-43.36301,-21.15183],[-43.39669,-21.16715],[-43.41758,-21.15825],[-43.44352,-21.16819],[-43.45346,-21.19531]]]},"properties":{"GEOCODIGO":"3141603","NOME":"Mercês","UF":"MG"}},
{"type":"Feature","geometry":{"type":"Polygon","coordinates":[[[-43.47027,-20.93928],[-43.41982,-20.97812],[-43.39788,-20.95934],[-43.38046,-20.97574],[-43.36449,-20.95993],[-43.34094,-20.95658],[-43.3246,-20.97862],[-43.29116,-20.95518],[-43.2722,-20.93026],[-43.28957,-20.91322],[-43.29525,-20.85281],[-43.31458,-20.86961],[-43.37288,-20.8669],[-43.38663,-20.90134],[-43.39982,-20.89768],[-43.41563,-20.92064],[-43.4358,-20.92183],[-43.47027,-20.93928]]]},"properties":{"GEOCODIGO":"3116308","NOME":"Cipotânea","UF":"MG"}},
{"type":"Feature","geometry":{"type":"Polygon","coordinates":[[[-43.54255,-19.62403],[-43.54655,-19.64],[-43.54414,-19.6896],[-43.53426,-19.72144],[-43.53878,-19.75433],[-43.53758,-19.76112],[-43.5082,-19.76607],[-43.48372,-19.7871],[-43.45038,-19.78848],[-43.39158,-19.77445],[-43.38747,-19.74388],[-43.4,-19.6723],[-43.42219,-19.66439],[-43.46025,-19.68445],[-43.48369,-19.66925],[-43.49303,-19.65158],[-43.52045,-19.6464],[-43.54255,-19.62403]]]},"properties":{"GEOCODIGO":"3107703","NOME":"Bom Jesus do Amparo","UF":"MG"}},
{"type":"Feature","geometry":{"type":"Polygon","coordinates":[[[-43.31591,-20.07628],[-43.31472,-20.04879],[-43.33019,-20.01997],[-43.35176,-20.00344],[-43.40583,-19.99704],[-43.41013,-20.01302],[-43.44594,-20.03251],[-43.47964,-20.02571],[-43.48553,-20.06902],[-43.5137,-20.09198],[-43.51913,-20.11479],[-43.51086,-20.12833],[-43.45864,-20.14377],[-43.45002,-20.13096],[-43.42408,-20.12169],[-43.40444,-20.14278],[-43.3768,-20.13407],[-43.34561,-20.13956],[-43.33461,-20.10706],[-43.31178,-20.0947],[-43.31591,-20.07628]]]},"properties":{"GEOCODIGO":"3115359","NOME":"Catas Altas","UF":"MG"}},
{"type":"Feature","geometry":{"type":"Polygon","coordinates":[[[-43.4193,-21.53094],[-43.37697,-21.55751],[-43.36087,-21.58657],[-43.34821,-21.56738],[-43.30174,-21.55798],[-43.28883,-21.53996],[-43.26347,-21.54513],[-43.263,-21.51553],[-43.24352,-21.49502],[-43.22935,-21.49379],[-43.21549,-21.49324],[-43.20261,-21.471],[-43.23102,-21.45327],[-43.25919,-21.46267],[-43.26201,-21.43933],[-43.30088,-21.4324],[-43.32824,-21.45206],[-43.37415,-21.46435],[-43.38105,-21.48974],[-43.40057,-21.4994],[-43.4193,-21.53094]]]},"properties":{"GEOCODIGO":"3150109","NOME":"Piau","UF":"MG"}},
{"type":"Feature","geometry":{"type":"Polygon","coordinates":[[[-43.23712,-21.86173],[-43.2521,-21.828],[-43.27434,-21.83888],[-43.28197,-21.82242],[-43.32163,-21.82162],[-43.33465,-21.80931],[-43.37635,-21.8261],[-43.3914,-21.86107],[-43.37477,-21.89607],[-43.36169,-21.9187],[-43.34521,-21.91596],[-43.30377,-21.90868],[-43.26288,-21.91136],[-43.25438,-21.92977],[-43.23159,-21.92031],[-43.21374,-21.89618],[-43.23712,-21.86173]]]},"properties":{"GEOCODIGO":"3140803","NOME":"Matias Barbosa","UF":"MG"}},
{"type":"Feature","geometry":{"type":"Polygon","coordinates":[[[-43.54255,-19.62403],[-43.52045,-19.6464],[-43.49303,-19.65158],[-43.48369,-19.66925],[-43.46025,-19.68445],[-43.42219,-19.66439],[-43.4,-19.6723],[-43.33736,-19.67591],[-43.32436,-19.70095],[-43.3343,-19.71709],[-43.32978,-19.73578],[-43.29786,-19.75136],[-43.27842,-19.77299],[-43.25183,-19.78314],[-43.21708,-19.7876],[-43.1953,-19.78819],[-43.1838,-19.77265],[-43.16358,-19.77705],[-43.15098,-19.7557],[-43.16516,-19.74429],[-43.11066,-19.72682],[-43.09743,-19.71519],[-43.09503,-19.68776],[-43.07359,-19.64617],[-43.05631,-19.60028],[-43.05739,-19.57853],[-43.08061,-19.55946],[-43.1097,-19.55914],[-43.12684,-19.53083],[-43.1462,-19.52617],[-43.20684,-19.52819],[-43.19256,-19.48453],[-43.21134,-19.48344],[-43.23227,-19.45436],[-43.2178,-19.44885],[-43.20025,-19.42256],[-43.23497,-19.4468],[-43.29544,-19.46007],[-43.28717,-19.48458],[-43.31328,-19.48853],[-43.32283,-19.51094],[-43.35913,-19.47472],[-43.35728,-19.43147],[-43.38552,-19.42827],[-43.43852,-19.4617],[-43.44467,-19.44029],[-43.48183,-19.41869],[-43.48053,-19.45437],[-43.5435,-19.54189],[-43.52762,-19.55761],[-43.54081,-19.57156],[-43.54255,-19.62403]]]},"properties":{"GEOCODIGO":"3131703","NOME":"Itabira","UF":"MG"}},
{"type":"Feature","geometry":{"type":"Polygon","coordinates":[[[-43.57006,-18.43974],[-43.6092,-18.51932],[-43.59955,-18.53327],[-43.57075,-18.56801],[-43.52142,-18.60175],[-43.50623,-18.63691],[-43.50673,-18.68509],[-43.48789,-18.70068],[-43.4907,-18.71588],[-43.49389,-18.74686],[-43.46275,-18.75887],[-43.44672,-18.74532],[-43.41625,-18.7487],[-43.38065,-18.69934],[-43.3402,-18.66726],[-43.3274,-18.68885],[-43.29839,-18.68853],[-43.289,-18.70301],[-43.26373,-18.70799],[-43.22997,-18.74234],[-43.20539,-18.71744],[-43.2154,-18.66117],[-43.2049,-18.6203],[-43.21464,-18.59566],[-43.20053,-18.56044],[-43.23004,-18.54664],[-43.24808,-18.52883],[-43.27767,-18.51955],[-43.31,-18.52889],[-43.37278,-18.52301],[-43.37586,-18.49779],[-43.36748,-18.47693],[-43.38253,-18.44639],[-43.35384,-18.42274],[-43.33704,-18.39356],[-43.33537,-18.37971],[-43.30151,-18.35372],[-43.29762,-18.33934],[-43.26398,-18.30712],[-43.26284,-18.30094],[-43.28281,-18.27501],[-43.30462,-18.27945],[-43.32323,-18.32138],[-43.34172,-18.32481],[-43.38305,-18.29736],[-43.40236,-18.29303],[-43.4277,-18.29978],[-43.43797,-18.28876],[-43.46009,-18.30672],[-43.45673,-18.32817],[-43.49781,-18.38988],[-43.5127,-18.3977],[-43.53066,-18.43492],[-43.54831,-18.44719],[-43.57006,-18.43974]]]},"properties":{"GEOCODIGO":"3167103","NOME":"Serro","UF":"MG"}},
{"type":"Feature","geometry":{"type":"Polygon","coordinates":[[[-43.34521,-21.91596],[-43.35147,-21.93504],[-43.37276,-21.95281],[-43.37121,-21.96954],[-43.34696,-21.97487],[-43.33932,-21.99739],[-43.32407,-22.00586],[-43.30243,-22.01993],[-43.2801,-22.01055],[-43.24344,-22.00718],[-43.22731,-22.028],[-43.22024,-22.01386],[-43.22846,-21.99294],[-43.22185,-21.97718],[-43.2393,-21.94055],[-43.25438,-21.92977],[-43.26288,-21.91136],[-43.30377,-21.90868],[-43.34521,-21.91596]]]},"properties":{"GEOCODIGO":"3167509","NOME":"Simão Pereira","UF":"MG"}},
{"type":"Feature","geometry":{"type":"Polygon","coordinates":[[[-43.67471,-16.8091],[-43.69124,-16.8163],[-43.70176,-16.85102],[-43.67772,-16.90664],[-43.68623,-16.92749],[-43.6509,-16.95851],[-43.64576,-16.97246],[-43.62044,-16.98875],[-43.60334,-16.98259],[-43.59538,-16.96462],[-43.57263,-16.9572],[-43.56589,-16.94303],[-43.57968,-16.92036],[-43.62277,-16.8776],[-43.62535,-16.8507],[-43.64386,-16.82821],[-43.67471,-16.8091]]]},"properties":{"GEOCODIGO":"3127354","NOME":"Glaucilândia","UF":"MG"}},
{"type":"Feature","geometry":{"type":"Polygon","coordinates":[[[-43.66782,-16.72501],[-43.69304,-16.74251],[-43.69843,-16.78024],[-43.67471,-16.8091],[-43.64386,-16.82821],[-43.62535,-16.8507],[-43.62277,-16.8776],[-43.57968,-16.92036],[-43.56589,-16.94303],[-43.57263,-16.9572],[-43.59538,-16.96462],[-43.60334,-16.98259],[-43.62044,-16.98875],[-43.61014,-16.99363],[-43.56638,-16.96491],[-43.5456,-16.95077],[-43.53284,-16.96768],[-43.50898,-16.95593],[-43.43529,-16.9534],[-43.43937,-16.92585],[-43.4692,-16.91924],[-43.4647,-16.90149],[-43.44229,-16.8816],[-43.45593,-16.87054],[-43.46274,-16.83613],[-43.48714,-16.81498],[-43.49996,-16.8124],[-43.54257,-16.74886],[-43.56448,-16.73055],[-43.59726,-16.72511],[-43.62451,-16.71064],[-43.66782,-16.72501]]]},"properties":{"GEOCODIGO":"3136801","NOME":"Juramento","UF":"MG"}},
{"type":"Feature","geometry":{"type":"Polygon","coordinates":[[[-43.45874,-20.63232],[-43.44436,-20.64154],[-43.43283,-20.68193],[-43.43694,-20.71606],[-43.41066,-20.75055],[-43.36722,-20.7382],[-43.32789,-20.74463],[-43.3182,-20.75593],[-43.29297,-20.73893],[-43.27719,-20.75316],[-43.2156,-20.71462],[-43.19586,-20.72553],[-43.16333,-20.72398],[-43.17514,-20.71419],[-43.16925,-20.68922],[-43.14008,-20.68935],[-43.17664,-20.63025],[-43.1871,-20.58669],[-43.13853,-20.56182],[-43.15747,-20.51202],[-43.19691,-20.52436],[-43.25163,-20.54777],[-43.26047,-20.51775],[-43.29152,-20.49596],[-43.31997,-20.50908],[-43.33323,-20.52515],[-43.36494,-20.53283],[-43.36776,-20.54965],[-43.4036,-20.5467],[-43.42574,-20.5976],[-43.45203,-20.59923],[-43.44238,-20.6223],[-43.45874,-20.63232]]]},"properties":{"GEOCODIGO":"3150802","NOME":"Piranga","UF":"MG"}},
{"type":"Feature","geometry":{"type":"Polygon","coordinates":[[[-43.41066,-20.75055],[-43.41586,-20.78717],[-43.42907,-20.80346],[-43.42547,-20.82347],[-43.37288,-20.8669],[-43.31458,-20.86961],[-43.29525,-20.85281],[-43.30883,-20.8424],[-43.29967,-20.81523],[-43.26749,-20.80317],[-43.28041,-20.78402],[-43.27719,-20.75316],[-43.29297,-20.73893],[-43.3182,-20.75593],[-43.32789,-20.74463],[-43.36722,-20.7382],[-43.41066,-20.75055]]]},"properties":{"GEOCODIGO":"3166006","NOME":"Senhora de Oliveira","UF":"MG"}},
{"type":"Feature","geometry":{"type":"Polygon","coordinates":[[[-43.50767,-19.16873],[-43.49862,-19.19352],[-43.50134,-19.22322],[-43.53636,-19.26245],[-43.52848,-19.30231],[-43.51794,-19.31624],[-43.50934,-19.33212],[-43.43828,-19.33682],[-43.37028,-19.33236],[-43.3505,-19.32516],[-43.32552,-19.31684],[-43.29886,-19.28621],[-43.29698,-19.25283],[-43.30708,-19.22598],[-43.27265,-19.17188],[-43.31194,-19.14218],[-43.31847,-19.11501],[-43.3455,-19.09866],[-43.35522,-19.12592],[-43.37014,-19.14166],[-43.42587,-19.14467],[-43.45718,-19.13894],[-43.46556,-19.16785],[-43.49753,-19.18353],[-43.50767,-19.16873]]]},"properties":{"GEOCODIGO":"3143708","NOME":"Morro do Pilar","UF":"MG"}},
{"type":"Feature","geometry":{"type":"Polygon","coordinates":[[[-43.51881,-19.33088],[-43.519,-19.3492],[-43.48777,-19.37358],[-43.49458,-19.38761],[-43.48183,-19.41869],[-43.44467,-19.44029],[-43.43852,-19.4617],[-43.38552,-19.42827],[-43.35728,-19.43147],[-43.35913,-19.47472],[-43.32283,-19.51094],[-43.31328,-19.48853],[-43.28717,-19.48458],[-43.29544,-19.46007],[-43.23497,-19.4468],[-43.20025,-19.42256],[-43.19328,-19.38748],[-43.21459,-19.38773],[-43.2512,-19.37023],[-43.24369,-19.32497],[-43.26506,-19.30979],[-43.29132,-19.34986],[-43.324,-19.35197],[-43.3262,-19.3367],[-43.3505,-19.32516],[-43.37028,-19.33236],[-43.43828,-19.33682],[-43.50934,-19.33212],[-43.51794,-19.31624],[-43.51881,-19.33088]]]},"properties":{"GEOCODIGO":"3132800","NOME":"Itambé do Mato Dentro","UF":"MG"}},
{"type":"Feature","geometry":{"type":"Polygon","coordinates":[[[-43.36087,-21.58657],[-43.35119,-21.59577],[-43.35961,-21.62648],[-43.33976,-21.65186],[-43.31615,-21.66275],[-43.29537,-21.66122],[-43.27204,-21.65901],[-43.26355,-21.63765],[-43.22632,-21.63132],[-43.21763,-21.59687],[-43.24036,-21.57199],[-43.26504,-21.56698],[-43.26347,-21.54513],[-43.28883,-21.53996],[-43.30174,-21.55798],[-43.34821,-21.56738],[-43.36087,-21.58657]]]},"properties":{"GEOCODIGO":"3119609","NOME":"Coronel Pacheco","UF":"MG"}},
{"type":"Feature","geometry":{"type":"Polygon","coordinates":[[[-43.49389,-18.74686],[-43.51881,-18.77765],[-43.48506,-18.81038],[-43.46531,-18.80666],[-43.45412,-18.84681],[-43.42997,-18.88241],[-43.39151,-18.85629],[-43.31425,-18.87415],[-43.30775,-18.86738],[-43.29847,-18.85488],[-43.31298,-18.8389],[-43.30628,-18.80998],[-43.29289,-18.79941],[-43.26158,-18.79387],[-43.24669,-18.77195],[-43.22997,-18.74234],[-43.26373,-18.70799],[-43.289,-18.70301],[-43.29839,-18.68853],[-43.3274,-18.68885],[-43.3402,-18.66726],[-43.38065,-18.69934],[-43.41625,-18.7487],[-43.44672,-18.74532],[-43.46275,-18.75887],[-43.49389,-18.74686]]]},"properties":{"GEOCODIGO":"3102407","NOME":"Alvorada de Minas","UF":"MG"}},
{"type":"Feature","geometry":{"type":"Polygon","coordinates":[[[-43.35384,-21.35866],[-43.30897,-21.39168],[-43.30088,-21.4324],[-43.26201,-21.43933],[-43.25891,-21.41288],[-43.21163,-21.41689],[-43.19286,-21.42935],[-43.15977,-21.42111],[-43.1588,-21.39157],[-43.1626,-21.36705],[-43.18345,-21.35145],[-43.18363,-21.32618],[-43.20322,-21.31882],[-43.24785,-21.33335],[-43.273,-21.31612],[-43.26916,-21.27835],[-43.32461,-21.29664],[-43.33824,-21.31566],[-43.33977,-21.33689],[-43.35384,-21.35866]]]},"properties":{"GEOCODIGO":"3167905","NOME":"Tabuleiro","UF":"MG"}},
{"type":"Feature","geometry":{"type":"Polygon","coordinates":[[[-43.40843,-17.94723],[-43.45097,-17.93475],[-43.46339,-17.90369],[-43.45721,-17.86911],[-43.47111,-17.84565],[-43.50106,-17.8495],[-43.50167,-17.87198],[-43.52204,-17.935],[-43.52481,-17.96996],[-43.55761,-17.98427],[-43.54776,-18.0094],[-43.56184,-18.02517],[-43.55208,-18.04677],[-43.49581,-18.09486],[-43.49373,-18.11647],[-43.47998,-18.13669],[-43.4582,-18.14825],[-43.46536,-18.16943],[-43.45908,-18.18731],[-43.43186,-18.22057],[-43.38834,-18.23517],[-43.40236,-18.29303],[-43.38305,-18.29736],[-43.34172,-18.32481],[-43.32323,-18.32138],[-43.30462,-18.27945],[-43.28281,-18.27501],[-43.26284,-18.30094],[-43.27472,-18.27088],[-43.27275,-18.25137],[-43.32135,-18.23684],[-43.35645,-18.2391],[-43.37645,-18.23194],[-43.38512,-18.21045],[-43.39171,-18.16407],[-43.38909,-18.14428],[-43.36025,-18.09817],[-43.3664,-18.08847],[-43.39764,-18.08595],[-43.41351,-18.06307],[-43.44567,-18.04579],[-43.43954,-18.01381],[-43.422,-17.97878],[-43.40579,-17.9812],[-43.40843,-17.94723]]]},"properties":{"GEOCODIGO":"3120102","NOME":"Couto de Magalhães de Minas","UF":"MG"}},
{"type":"Feature","geometry":{"type":"Polygon","coordinates":[[[-43.39158,-19.77445],[-43.39059,-19.80241],[-43.39828,-19.82273],[-43.38753,-19.8502],[-43.39564,-19.86568],[-43.41897,-19.87505],[-43.41981,-19.90938],[-43.36889,-19.92282],[-43.34722,-19.92],[-43.33791,-19.90344],[-43.31081,-19.89194],[-43.27244,-19.90206],[-43.26064,-19.89066],[-43.22083,-19.89324],[-43.20283,-19.89298],[-43.19316,-19.86868],[-43.21941,-19.84723],[-43.2083,-19.80989],[-43.21708,-19.7876],[-43.25183,-19.78314],[-43.27842,-19.77299],[-43.29786,-19.75136],[-43.32978,-19.73578],[-43.3343,-19.71709],[-43.32436,-19.70095],[-43.33736,-19.67591],[-43.4,-19.6723],[-43.38747,-19.74388],[-43.39158,-19.77445]]]},"properties":{"GEOCODIGO":"3161908","NOME":"São Gonçalo do Rio Abaixo","UF":"MG"}},
{"type":"Feature","geometry":{"type":"Polygon","coordinates":[[[-43.29537,-21.66122],[-43.28032,-21.68564],[-43.26304,-21.6855],[-43.26516,-21.70984],[-43.25774,-21.74198],[-43.24304,-21.75046],[-43.18783,-21.74303],[-43.16579,-21.70339],[-43.14104,-21.70768],[-43.13329,-21.6949],[-43.14012,-21.66349],[-43.16262,-21.65977],[-43.17637,-21.64241],[-43.16896,-21.61786],[-43.18963,-21.60947],[-43.19852,-21.62664],[-43.22632,-21.63132],[-43.26355,-21.63765],[-43.27204,-21.65901],[-43.29537,-21.66122]]]},"properties":{"GEOCODIGO":"3115904","NOME":"Chácara","UF":"MG"}},
{"type":"Feature","geometry":{"type":"Polygon","coordinates":[[[-43.25438,-21.92977],[-43.2393,-21.94055],[-43.22185,-21.97718],[-43.22846,-21.99294],[-43.22024,-22.01386],[-43.22731,-22.028],[-43.20366,-22.03636],[-43.17094,-22.02194],[-43.15471,-22.03194],[-43.13026,-22.02937],[-43.14368,-22.01597],[-43.14243,-21.98077],[-43.12121,-21.98678],[-43.11088,-21.94701],[-43.13746,-21.90884],[-43.13468,-21.88349],[-43.1541,-21.89871],[-43.16547,-21.87326],[-43.18896,-21.85474],[-43.20355,-21.84157],[-43.23712,-21.86173],[-43.21374,-21.89618],[-43.23159,-21.92031],[-43.25438,-21.92977]]]},"properties":{"GEOCODIGO":"3158607","NOME":"Santana do Deserto","UF":"MG"}},
{"type":"Feature","geometry":{"type":"Polygon","coordinates":[[[-43.56638,-16.96491],[-43.55323,-17.00686],[-43.56546,-17.02435],[-43.56735,-17.07003],[-43.55181,-17.09025],[-43.51857,-17.14885],[-43.4876,-17.17741],[-43.40959,-17.16528],[-43.39278,-17.15667],[-43.37375,-17.16285],[-43.36,-17.15283],[-43.29009,-17.14216],[-43.27534,-17.12781],[-43.25095,-17.14014],[-43.22903,-17.13653],[-43.20597,-17.10622],[-43.18048,-17.08538],[-43.1817,-17.03107],[-43.15643,-16.98516],[-43.13623,-16.9824],[-43.12521,-16.96288],[-43.12731,-16.9318],[-43.12087,-16.89026],[-43.15026,-16.85846],[-43.1484,-16.83485],[-43.1609,-16.8133],[-43.17123,-16.76526],[-43.19726,-16.74853],[-43.18093,-16.7242],[-43.19159,-16.69947],[-43.18526,-16.67937],[-43.16907,-16.68079],[-43.15198,-16.69818],[-43.12984,-16.69427],[-43.1584,-16.66061],[-43.18687,-16.66079],[-43.21298,-16.64517],[-43.23268,-16.66411],[-43.24854,-16.64186],[-43.28745,-16.67926],[-43.30944,-16.6792],[-43.33621,-16.69399],[-43.36945,-16.7367],[-43.39715,-16.73334],[-43.40396,-16.7495],[-43.44599,-16.79667],[-43.48714,-16.81498],[-43.46274,-16.83613],[-43.45593,-16.87054],[-43.44229,-16.8816],[-43.4647,-16.90149],[-43.4692,-16.91924],[-43.43937,-16.92585],[-43.43529,-16.9534],[-43.50898,-16.95593],[-43.53284,-16.96768],[-43.5456,-16.95077],[-43.56638,-16.96491]]]},"properties":{"GEOCODIGO":"3132008","NOME":"Itacambira","UF":"MG"}},
{"type":"Feature","geometry":{"type":"Polygon","coordinates":[[[-43.62015,-15.78565],[-43.6163,-15.80766],[-43.6188,-15.85422],[-43.58219,-15.8785],[-43.57141,-15.90561],[-43.55596,-15.91009],[-43.54176,-15.95372],[-43.55976,-15.97547],[-43.56159,-15.9938],[-43.5364,-16.01556],[-43.5409,-16.05974],[-43.5278,-16.08636],[-43.48698,-16.09719],[-43.45123,-16.08697],[-43.44412,-16.07334],[-43.39729,-16.09436],[-43.37279,-16.1216],[-43.33589,-16.11687],[-43.29871,-16.12907],[-43.26937,-16.11422],[-43.26101,-16.12094],[-43.26862,-16.08004],[-43.23831,-16.05437],[-43.22643,-16.03086],[-43.21596,-15.97579],[-43.22638,-15.93437],[-43.21418,-15.93153],[-43.20457,-15.87198],[-43.21862,-15.86429],[-43.21721,-15.83726],[-43.23774,-15.82324],[-43.26257,-15.82894],[-43.27979,-15.83089],[-43.29642,-15.81475],[-43.31649,-15.7814],[-43.29338,-15.72803],[-43.30624,-15.70045],[-43.2981,-15.68569],[-43.29357,-15.6397],[-43.27746,-15.61069],[-43.27298,-15.58126],[-43.28273,-15.54427],[-43.27421,-15.51558],[-43.25632,-15.50625],[-43.25443,-15.47807],[-43.27887,-15.44242],[-43.27943,-15.42087],[-43.29435,-15.41361],[-43.28946,-15.39409],[-43.31313,-15.3425],[-43.31052,-15.30113],[-43.43759,-15.37064],[-43.41657,-15.38916],[-43.40165,-15.38995],[-43.38102,-15.41879],[-43.38248,-15.44792],[-43.36379,-15.46545],[-43.3731,-15.49217],[-43.38812,-15.49962],[-43.39382,-15.53035],[-43.49557,-15.64763],[-43.51399,-15.66587],[-43.6032,-15.72022],[-43.58566,-15.73502],[-43.59387,-15.7539],[-43.61765,-15.76522],[-43.62015,-15.78565]]]},"properties":{"GEOCODIGO":"3135100","NOME":"Janaúba","UF":"MG"}},
{"type":"Feature","geometry":{"type":"Polygon","coordinates":[[[-43.26347,-21.54513],[-43.26504,-21.56698],[-43.24036,-21.57199],[-43.21763,-21.59687],[-43.22632,-21.63132],[-43.19852,-21.62664],[-43.18963,-21.60947],[-43.16896,-21.61786],[-43.15038,-21.59681],[-43.13497,-21.59803],[-43.12303,-21.57071],[-43.11635,-21.53961],[-43.10227,-21.51626],[-43.11085,-21.50316],[-43.13536,-21.52136],[-43.1636,-21.50423],[-43.21449,-21.50778],[-43.22935,-21.49379],[-43.24352,-21.49502],[-43.263,-21.51553],[-43.26347,-21.54513]]]},"properties":{"GEOCODIGO":"3127388","NOME":"Goianá","UF":"MG"}},
{"type":"Feature","geometry":{"type":"Polygon","coordinates":[[[-43.34561,-20.13956],[-43.35355,-20.15721],[-43.35675,-20.19617],[-43.29965,-20.21676],[-43.28189,-20.19626],[-43.25435,-20.18861],[-43.2202,-20.2049],[-43.19208,-20.17359],[-43.16322,-20.17713],[-43.15163,-20.16621],[-43.1321,-20.17734],[-43.09578,-20.17254],[-43.06014,-20.18946],[-43.05561,-20.17222],[-43.00666,-20.14427],[-42.95897,-20.08196],[-42.96032,-20.05546],[-42.92802,-20.03524],[-42.96111,-20.00761],[-42.97189,-20.01827],[-43.00944,-20.00512],[-43.02313,-20.01397],[-43.0387,-20.0357],[-43.0863,-20.03523],[-43.12586,-20.05027],[-43.13122,-20.05967],[-43.18425,-20.04146],[-43.19269,-20.05199],[-43.23622,-20.04559],[-43.26413,-20.06441],[-43.28817,-20.05381],[-43.31591,-20.07628],[-43.31178,-20.0947],[-43.33461,-20.10706],[-43.34561,-20.13956]]]},"properties":{"GEOCODIGO":"3102308","NOME":"Alvinópolis","UF":"MG"}},
{"type":"Feature","geometry":{"type":"Polygon","coordinates":[[[-43.26749,-20.80317],[-43.29967,-20.81523],[-43.30883,-20.8424],[-43.29525,-20.85281],[-43.28957,-20.91322],[-43.2722,-20.93026],[-43.29116,-20.95518],[-43.25978,-20.95827],[-43.23933,-20.96885],[-43.22066,-20.94492],[-43.17275,-20.92488],[-43.15224,-20.91085],[-43.16399,-20.8932],[-43.14768,-20.84777],[-43.15405,-20.81653],[-43.18566,-20.81363],[-43.21794,-20.79459],[-43.24791,-20.80639],[-43.26749,-20.80317]]]},"properties":{"GEOCODIGO":"3108701","NOME":"Brás Pires","UF":"MG"}},
{"type":"Feature","geometry":{"type":"Polygon","coordinates":[[[-43.26201,-21.43933],[-43.25919,-21.46267],[-43.23102,-21.45327],[-43.20261,-21.471],[-43.21549,-21.49324],[-43.22935,-21.49379],[-43.21449,-21.50778],[-43.1636,-21.50423],[-43.13536,-21.52136],[-43.11085,-21.50316],[-43.10227,-21.51626],[-43.11635,-21.53961],[-43.12303,-21.57071],[-43.09143,-21.5571],[-43.07675,-21.53909],[-43.08202,-21.5238],[-43.05488,-21.50419],[-43.0523,-21.48132],[-43.0642,-21.46451],[-43.04191,-21.43595],[-43.06077,-21.43036],[-43.08738,-21.43831],[-43.11927,-21.42083],[-43.13386,-21.39863],[-43.1588,-21.39157],[-43.15977,-21.42111],[-43.19286,-21.42935],[-43.21163,-21.41689],[-43.25891,-21.41288],[-43.26201,-21.43933]]]},"properties":{"GEOCODIGO":"3155405","NOME":"Rio Novo","UF":"MG"}},
{"type":"Feature","geometry":{"type":"Polygon","coordinates":[[[-43.26916,-21.27835],[-43.273,-21.31612],[-43.24785,-21.33335],[-43.20322,-21.31882],[-43.18363,-21.32618],[-43.18345,-21.35145],[-43.15769,-21.31484],[-43.12852,-21.31035],[-43.0751,-21.28958],[-43.082,-21.27192],[-43.10444,-21.26439],[-43.11888,-21.218],[-43.10399,-21.20157],[-43.09347,-21.17399],[-43.12017,-21.11947],[-43.13177,-21.1203],[-43.13625,-21.15025],[-43.16944,-21.15356],[-43.16138,-21.18409],[-43.21249,-21.22378],[-43.24464,-21.21148],[-43.24733,-21.22808],[-43.27244,-21.25336],[-43.26916,-21.27835]]]},"properties":{"GEOCODIGO":"3155801","NOME":"Rio Pomba","UF":"MG"}},
{"type":"Feature","geometry":{"type":"Polygon","coordinates":[[[-43.23927,-21.08771],[-43.25527,-21.10173],[-43.24916,-21.11832],[-43.25838,-21.14169],[-43.25361,-21.16022],[-43.27499,-21.18246],[-43.24464,-21.21148],[-43.21249,-21.22378],[-43.16138,-21.18409],[-43.16944,-21.15356],[-43.13625,-21.15025],[-43.13177,-21.1203],[-43.14233,-21.11287],[-43.15152,-21.06935],[-43.23927,-21.08771]]]},"properties":{"GEOCODIGO":"3167301","NOME":"Silveirânia","UF":"MG"}},
{"type":"Feature","geometry":{"type":"Polygon","coordinates":[[[-43.27719,-20.75316],[-43.28041,-20.78402],[-43.26749,-20.80317],[-43.24791,-20.80639],[-43.21794,-20.79459],[-43.18566,-20.81363],[-43.15405,-20.81653],[-43.14768,-20.84777],[-43.10011,-20.83053],[-43.08255,-20.81684],[-43.068,-20.80195],[-43.04085,-20.79897],[-43.03658,-20.77118],[-43.04978,-20.76908],[-43.06972,-20.72593],[-43.09999,-20.70768],[-43.12417,-20.71774],[-43.16333,-20.72398],[-43.19586,-20.72553],[-43.2156,-20.71462],[-43.27719,-20.75316]]]},"properties":{"GEOCODIGO":"3153103","NOME":"Presidente Bernardes","UF":"MG"}},
{"type":"Feature","geometry":{"type":"Polygon","coordinates":[[[-43.23933,-20.96885],[-43.25644,-21.01064],[-43.24927,-21.03599],[-43.23186,-21.0441],[-43.2433,-21.08388],[-43.23927,-21.08771],[-43.15152,-21.06935],[-43.14233,-21.11287],[-43.13177,-21.1203],[-43.12017,-21.11947],[-43.10399,-21.11178],[-43.08336,-21.07316],[-43.09605,-21.05437],[-43.08346,-21.01858],[-43.1056,-21.00029],[-43.09455,-20.97276],[-43.10288,-20.95603],[-43.11269,-20.9776],[-43.14985,-20.97594],[-43.1641,-20.95502],[-43.17275,-20.92488],[-43.22066,-20.94492],[-43.23933,-20.96885]]]},"properties":{"GEOCODIGO":"3123304","NOME":"Dores do Turvo","UF":"MG"}},
{"type":"Feature","geometry":{"type":"Polygon","coordinates":[[[-43.29152,-20.49596],[-43.26047,-20.51775],[-43.25163,-20.54777],[-43.19691,-20.52436],[-43.15747,-20.51202],[-43.11176,-20.50127],[-43.08019,-20.48268],[-43.05258,-20.45554],[-43.07744,-20.4323],[-43.12505,-20.44894],[-43.14786,-20.45973],[-43.17497,-20.44107],[-43.1989,-20.43937],[-43.26858,-20.45098],[-43.2813,-20.49801],[-43.29152,-20.49596]]]},"properties":{"GEOCODIGO":"3121704","NOME":"Diogo de Vasconcelos","UF":"MG"}},
{"type":"Feature","geometry":{"type":"Polygon","coordinates":[[[-43.40843,-17.94723],[-43.40579,-17.9812],[-43.422,-17.97878],[-43.43954,-18.01381],[-43.44567,-18.04579],[-43.41351,-18.06307],[-43.39764,-18.08595],[-43.3664,-18.08847],[-43.36025,-18.09817],[-43.38909,-18.14428],[-43.39171,-18.16407],[-43.38512,-18.21045],[-43.37645,-18.23194],[-43.35645,-18.2391],[-43.32135,-18.23684],[-43.30451,-18.19781],[-43.31128,-18.13462],[-43.30595,-18.11166],[-43.31584,-18.0448],[-43.28025,-18.02111],[-43.30014,-17.99486],[-43.32796,-18.00563],[-43.3177,-17.96148],[-43.35462,-17.94281],[-43.40843,-17.94723]]]},"properties":{"GEOCODIGO":"3125507","NOME":"São Gonçalo do Rio Preto","UF":"MG"}},
{"type":"Feature","geometry":{"type":"Polygon","coordinates":[[[-43.18896,-21.85474],[-43.16547,-21.87326],[-43.1541,-21.89871],[-43.13468,-21.88349],[-43.12071,-21.85429],[-43.09411,-21.84741],[-43.06205,-21.82334],[-43.07665,-21.79844],[-43.10294,-21.80249],[-43.14438,-21.78291],[-43.14402,-21.75871],[-43.17187,-21.75917],[-43.17402,-21.79829],[-43.16216,-21.80112],[-43.15817,-21.82859],[-43.18896,-21.85474]]]},"properties":{"GEOCODIGO":"3149507","NOME":"Pequeri","UF":"MG"}},
{"type":"Feature","geometry":{"type":"Polygon","coordinates":[[[-43.18783,-21.74303],[-43.17187,-21.75917],[-43.14402,-21.75871],[-43.14438,-21.78291],[-43.10294,-21.80249],[-43.07665,-21.79844],[-43.07411,-21.76941],[-43.0531,-21.74611],[-43.05541,-21.7162],[-43.02046,-21.69886],[-43.02943,-21.67614],[-43.05693,-21.68969],[-43.08216,-21.65822],[-43.09193,-21.66041],[-43.10955,-21.68146],[-43.13329,-21.6949],[-43.14104,-21.70768],[-43.16579,-21.70339],[-43.18783,-21.74303]]]},"properties":{"GEOCODIGO":"3106903","NOME":"Bicas","UF":"MG"}},
{"type":"Feature","geometry":{"type":"Polygon","coordinates":[[[-43.3505,-19.32516],[-43.3262,-19.3367],[-43.324,-19.35197],[-43.29132,-19.34986],[-43.26506,-19.30979],[-43.24369,-19.32497],[-43.22186,-19.32233],[-43.14019,-19.33404],[-43.14992,-19.31276],[-43.12903,-19.28452],[-43.13678,-19.2579],[-43.12584,-19.23747],[-43.14995,-19.25323],[-43.1675,-19.23625],[-43.19182,-19.24198],[-43.1918,-19.26273],[-43.21038,-19.26605],[-43.22625,-19.29926],[-43.28108,-19.27994],[-43.29886,-19.28621],[-43.32552,-19.31684],[-43.3505,-19.32516]]]},"properties":{"GEOCODIGO":"3164803","NOME":"São Sebastião do Rio Preto","UF":"MG"}},
{"type":"Feature","geometry":{"type":"Polygon","coordinates":[[[-43.13026,-22.02937],[-43.13367,-22.05852],[-43.15017,-22.07116],[-43.1446,-22.10007],[-43.1046,-22.08333],[-43.07166,-22.0926],[-43.03274,-22.06541],[-43.03804,-22.04424],[-43.00768,-22.03172],[-42.99285,-22.03512],[-42.96857,-22.0144],[-42.90867,-21.99001],[-42.92127,-21.93106],[-42.89151,-21.90178],[-42.89532,-21.88463],[-42.88271,-21.86618],[-42.88525,-21.85108],[-42.88379,-21.86572],[-42.91477,-21.88863],[-42.9679,-21.94344],[-43.01091,-21.9401],[-43.03257,-21.95485],[-43.05683,-21.95796],[-43.06758,-21.98283],[-43.08772,-21.99616],[-43.12121,-21.98678],[-43.14243,-21.98077],[-43.14368,-22.01597],[-43.13026,-22.02937]]]},"properties":{"GEOCODIGO":"3116209","NOME":"Chiador","UF":"MG"}},
{"type":"Feature","geometry":{"type":"Polygon","coordinates":[[[-43.30775,-18.86738],[-43.31569,-18.88282],[-43.35395,-18.89667],[-43.35814,-18.90511],[-43.34383,-18.94243],[-43.30922,-18.96296],[-43.31645,-18.99799],[-43.30555,-19.01519],[-43.31984,-19.04399],[-43.31822,-19.0867],[-43.29534,-19.09822],[-43.24148,-19.09201],[-43.23481,-19.07281],[-43.24617,-19.05191],[-43.21697,-18.97763],[-43.18456,-18.984],[-43.15634,-18.97067],[-43.1747,-18.93952],[-43.16789,-18.92587],[-43.19992,-18.86022],[-43.20886,-18.83979],[-43.20592,-18.78742],[-43.21997,-18.77051],[-43.24669,-18.77195],[-43.26158,-18.79387],[-43.29289,-18.79941],[-43.30628,-18.80998],[-43.31298,-18.8389],[-43.29847,-18.85488],[-43.30775,-18.86738]]]},"properties":{"GEOCODIGO":"3122603","NOME":"Dom Joaquim","UF":"MG"}},
{"type":"Feature","geometry":{"type":"Polygon","coordinates":[[[-43.16896,-21.61786],[-43.17637,-21.64241],[-43.16262,-21.65977],[-43.14012,-21.66349],[-43.13329,-21.6949],[-43.10955,-21.68146],[-43.09193,-21.66041],[-43.07535,-21.62746],[-43.05927,-21.62815],[-43.02071,-21.58514],[-42.9859,-21.60184],[-42.98124,-21.64998],[-42.95748,-21.6684],[-42.92841,-21.6543],[-42.91358,-21.66419],[-42.88582,-21.64333],[-42.86586,-21.58422],[-42.8478,-21.52769],[-42.86652,-21.50896],[-42.89246,-21.52886],[-42.91,-21.51582],[-42.9509,-21.51923],[-42.95873,-21.50139],[-42.9803,-21.50176],[-43.00161,-21.48948],[-43.01933,-21.50494],[-43.03566,-21.48501],[-43.0523,-21.48132],[-43.05488,-21.50419],[-43.08202,-21.5238],[-43.07675,-21.53909],[-43.09143,-21.5571],[-43.12303,-21.57071],[-43.13497,-21.59803],[-43.15038,-21.59681],[-43.16896,-21.61786]]]},"properties":{"GEOCODIGO":"3162906","NOME":"São João Nepomuceno","UF":"MG"}},
{"type":"Feature","geometry":{"type":"Polygon","coordinates":[[[-43.15751,-16.28805],[-43.15207,-16.30712],[-43.16846,-16.36343],[-43.1904,-16.389],[-43.21359,-16.38292],[-43.25695,-16.4001],[-43.27278,-16.41681],[-43.3114,-16.41858],[-43.32531,-16.42946],[-43.35546,-16.42605],[-43.38165,-16.41018],[-43.39985,-16.45837],[-43.41704,-16.49025],[-43.40887,-16.51785],[-43.4386,-16.56528],[-43.43129,-16.58622],[-43.46826,-16.67093],[-43.46754,-16.6977],[-43.49137,-16.72484],[-43.49404,-16.74739],[-43.47535,-16.77801],[-43.48714,-16.81498],[-43.44599,-16.79667],[-43.40396,-16.7495],[-43.39715,-16.73334],[-43.36945,-16.7367],[-43.33621,-16.69399],[-43.30944,-16.6792],[-43.28745,-16.67926],[-43.24854,-16.64186],[-43.23268,-16.66411],[-43.21298,-16.64517],[-43.18687,-16.66079],[-43.1584,-16.66061],[-43.12984,-16.69427],[-43.12068,-16.70865],[-43.07937,-16.70521],[-43.0722,-16.69368],[-43.0464,-16.70329],[-42.9901,-16.68111],[-42.97498,-16.66145],[-42.95504,-16.66176],[-42.92821,-16.61354],[-42.90643,-16.59723],[-42.86809,-16.58082],[-42.83401,-16.59601],[-42.81004,-16.5804],[-42.80131,-16.55213],[-42.76561,-16.54387],[-42.73159,-16.56542],[-42.74056,-16.59139],[-42.74274,-16.633],[-42.73556,-16.65637],[-42.70482,-16.66396],[-42.67781,-16.7199],[-42.64956,-16.72935],[-42.62501,-16.71273],[-42.60051,-16.7315],[-42.56984,-16.74001],[-42.5427,-16.70909],[-42.4759,-16.67035],[-42.46704,-16.67391],[-42.45383,-16.65966],[-42.47457,-16.64654],[-42.50048,-16.6569],[-42.54281,-16.6537],[-42.55232,-16.63872],[-42.5794,-16.64308],[-42.58879,-16.62934],[-42.61318,-16.62936],[-42.62412,-16.61505],[-42.65473,-16.62457],[-42.66184,-16.60626],[-42.66273,-16.53544],[-42.67512,-16.52105],[-42.6434,-16.47584],[-42.63454,-16.45476],[-42.6303,-16.41678],[-42.65298,-16.41101],[-42.61354,-16.29289],[-42.59904,-16.27379],[-42.62584,-16.24746],[-42.64465,-16.26722],[-42.70199,-16.2806],[-42.72173,-16.26374],[-42.72243,-16.21501],[-42.7066,-16.20119],[-42.69868,-16.17103],[-42.70598,-16.15658],[-42.72281,-16.14116],[-42.7659,-16.13512],[-42.78075,-16.14357],[-42.84906,-16.14285],[-42.85325,-16.15508],[-42.9157,-16.15],[-42.92303,-16.16222],[-42.96637,-16.16812],[-42.99112,-16.16032],[-43.00765,-16.18285],[-43.04206,-16.19448],[-43.04817,-16.21248],[-43.07987,-16.21128],[-43.08595,-16.22314],[-43.11257,-16.23183],[-43.13376,-16.27196],[-43.15751,-16.28805]]]},"properties":{"GEOCODIGO":"3127800","NOME":"Grão Mogol","UF":"MG"}},
{"type":"Feature","geometry":{"type":"Polygon","coordinates":[[[-43.22083,-19.89324],[-43.23239,-19.93272],[-43.21627,-19.94536],[-43.20905,-19.97013],[-43.24088,-19.98153],[-43.27811,-20.01444],[-43.28817,-20.05381],[-43.26413,-20.06441],[-43.23622,-20.04559],[-43.19269,-20.05199],[-43.18425,-20.04146],[-43.13122,-20.05967],[-43.12586,-20.05027],[-43.0863,-20.03523],[-43.0387,-20.0357],[-43.02313,-20.01397],[-43.03275,-19.995],[-43.05097,-19.99252],[-43.05136,-19.94701],[-43.06953,-19.90757],[-43.06361,-19.88627],[-43.08676,-19.87183],[-43.08995,-19.85851],[-43.11945,-19.86882],[-43.13078,-19.88938],[-43.14917,-19.8953],[-43.1808,-19.86966],[-43.19316,-19.86868],[-43.20283,-19.89298],[-43.22083,-19.89324]]]},"properties":{"GEOCODIGO":"3155702","NOME":"Rio Piracicaba","UF":"MG"}},
{"type":"Feature","geometry":{"type":"Polygon","coordinates":[[[-43.13468,-21.88349],[-43.13746,-21.90884],[-43.11088,-21.94701],[-43.12121,-21.98678],[-43.08772,-21.99616],[-43.06758,-21.98283],[-43.05683,-21.95796],[-43.03257,-21.95485],[-43.01091,-21.9401],[-42.9679,-21.94344],[-42.91477,-21.88863],[-42.88379,-21.86572],[-42.88525,-21.85108],[-42.88162,-21.83187],[-42.89494,-21.81207],[-42.93424,-21.82847],[-42.95965,-21.83243],[-42.9636,-21.8052],[-42.9518,-21.80055],[-42.94966,-21.74742],[-42.96079,-21.73332],[-42.98712,-21.76836],[-43.02921,-21.79074],[-43.03252,-21.81751],[-43.06205,-21.82334],[-43.09411,-21.84741],[-43.12071,-21.85429],[-43.13468,-21.88349]]]},"properties":{"GEOCODIGO":"3139805","NOME":"Mar de Espanha","UF":"MG"}},
{"type":"Feature","geometry":{"type":"Polygon","coordinates":[[[-43.18345,-21.35145],[-43.1626,-21.36705],[-43.1588,-21.39157],[-43.13386,-21.39863],[-43.11927,-21.42083],[-43.08738,-21.43831],[-43.06077,-21.43036],[-43.04804,-21.40256],[-43.02235,-21.40498],[-43.00077,-21.39226],[-42.96669,-21.39747],[-42.93774,-21.36889],[-42.94291,-21.3642],[-42.92449,-21.31103],[-42.92752,-21.30245],[-42.94943,-21.29802],[-42.96191,-21.3144],[-43.00341,-21.3036],[-43.01392,-21.31593],[-43.04627,-21.31547],[-43.0751,-21.28958],[-43.12852,-21.31035],[-43.15769,-21.31484],[-43.18345,-21.35145]]]},"properties":{"GEOCODIGO":"3128402","NOME":"Guarani","UF":"MG"}},
{"type":"Feature","geometry":{"type":"Polygon","coordinates":[[[-43.33704,-18.39356],[-43.35384,-18.42274],[-43.38253,-18.44639],[-43.36748,-18.47693],[-43.37586,-18.49779],[-43.37278,-18.52301],[-43.31,-18.52889],[-43.27767,-18.51955],[-43.24808,-18.52883],[-43.23004,-18.54664],[-43.20053,-18.56044],[-43.21464,-18.59566],[-43.19189,-18.60212],[-43.18081,-18.57183],[-43.15391,-18.55449],[-43.16844,-18.52543],[-43.16964,-18.48262],[-43.19339,-18.46096],[-43.20228,-18.43114],[-43.23695,-18.41905],[-43.24518,-18.40023],[-43.27053,-18.38567],[-43.2838,-18.39618],[-43.31112,-18.38968],[-43.33704,-18.39356]]]},"properties":{"GEOCODIGO":"3160207","NOME":"Santo Antônio do Itambé","UF":"MG"}},
{"type":"Feature","geometry":{"type":"Polygon","coordinates":[[[-43.40843,-17.94723],[-43.35462,-17.94281],[-43.3177,-17.96148],[-43.32796,-18.00563],[-43.30014,-17.99486],[-43.28025,-18.02111],[-43.26262,-18.04459],[-43.23375,-18.02986],[-43.21042,-18.03147],[-43.19467,-18.01882],[-43.16701,-18.035],[-43.16074,-18.08322],[-43.13989,-18.10622],[-43.13325,-18.08886],[-43.11464,-18.08601],[-43.11037,-18.0635],[-43.14234,-18.04434],[-43.14303,-18.02298],[-43.1082,-18.00702],[-43.126,-17.96063],[-43.11615,-17.92765],[-43.12234,-17.89828],[-43.11089,-17.87881],[-43.13056,-17.85532],[-43.13637,-17.80736],[-43.15847,-17.77338],[-43.22773,-17.5622],[-43.24851,-17.57563],[-43.25462,-17.60188],[-43.24812,-17.6424],[-43.26606,-17.65452],[-43.30135,-17.65708],[-43.30017,-17.68131],[-43.28907,-17.70296],[-43.29992,-17.72121],[-43.33481,-17.73163],[-43.32698,-17.76643],[-43.38034,-17.7955],[-43.38192,-17.8613],[-43.37606,-17.87273],[-43.38987,-17.9129],[-43.38595,-17.92601],[-43.40843,-17.94723]]]},"properties":{"GEOCODIGO":"3165909","NOME":"Senador Modestino Gonçalves","UF":"MG"}},
{"type":"Feature","geometry":{"type":"Polygon","coordinates":[[[-43.27265,-19.17188],[-43.30708,-19.22598],[-43.29698,-19.25283],[-43.29886,-19.28621],[-43.28108,-19.27994],[-43.22625,-19.29926],[-43.21038,-19.26605],[-43.1918,-19.26273],[-43.19182,-19.24198],[-43.18617,-19.21685],[-43.20794,-19.20223],[-43.21856,-19.21377],[-43.24678,-19.20384],[-43.27265,-19.17188]]]},"properties":{"GEOCODIGO":"3160504","NOME":"Santo Antônio do Rio Abaixo","UF":"MG"}},
{"type":"Feature","geometry":{"type":"Polygon","coordinates":[[[-43.53099,-14.81485],[-43.50835,-14.84973],[-43.49595,-14.88487],[-43.50362,-14.90039],[-43.49788,-14.94027],[-43.51474,-14.93594],[-43.53941,-14.96126],[-43.52679,-14.97688],[-43.50355,-14.98645],[-43.5081,-15.01983],[-43.48605,-15.04161],[-43.47274,-15.07481],[-43.43685,-15.07614],[-43.35325,-15.05161],[-43.3231,-15.06766],[-43.31021,-15.08337],[-43.30143,-15.0825],[-43.27485,-15.1231],[-43.26953,-15.15147],[-43.22206,-15.16003],[-43.18969,-15.15088],[-43.15677,-15.14963],[-43.14143,-15.17149],[-43.08559,-15.18667],[-43.04323,-15.16906],[-43.03718,-15.12236],[-43.02205,-15.101],[-43.00998,-15.06575],[-43.03249,-15.0471],[-43.02104,-15.02332],[-43.01909,-14.99446],[-43.00291,-14.97285],[-43.00065,-14.9539],[-42.98476,-14.94099],[-43.00479,-14.90878],[-43.03232,-14.90914],[-43.04351,-14.88977],[-43.07834,-14.87462],[-43.09654,-14.85288],[-43.19088,-14.85375],[-43.22596,-14.83322],[-43.24677,-14.80714],[-43.28493,-14.794],[-43.31092,-14.80209],[-43.34902,-14.7988],[-43.38146,-14.78051],[-43.47095,-14.79891],[-43.47928,-14.79093],[-43.51076,-14.79612],[-43.53099,-14.81485]]]},"properties":{"GEOCODIGO":"3127339","NOME":"Gameleiras","UF":"MG"}},
{"type":"Feature","geometry":{"type":"Polygon","coordinates":[[[-43.17275,-20.92488],[-43.1641,-20.95502],[-43.14985,-20.97594],[-43.11269,-20.9776],[-43.10288,-20.95603],[-43.06896,-20.96496],[-43.03722,-20.929],[-43.04247,-20.88226],[-43.0776,-20.86556],[-43.08196,-20.85355],[-43.05713,-20.82812],[-43.08255,-20.81684],[-43.10011,-20.83053],[-43.14768,-20.84777],[-43.16399,-20.8932],[-43.15224,-20.91085],[-43.17275,-20.92488]]]},"properties":{"GEOCODIGO":"3165701","NOME":"Senador Firmino","UF":"MG"}},
{"type":"Feature","geometry":{"type":"Polygon","coordinates":[[[-43.29534,-19.09822],[-43.26879,-19.11213],[-43.27874,-19.12667],[-43.25108,-19.13953],[-43.17928,-19.13546],[-43.16392,-19.114],[-43.09631,-19.10793],[-43.0793,-19.05993],[-43.09036,-19.04939],[-43.08411,-19.02461],[-43.1165,-18.99462],[-43.15634,-18.97067],[-43.18456,-18.984],[-43.21697,-18.97763],[-43.24617,-19.05191],[-43.23481,-19.07281],[-43.24148,-19.09201],[-43.29534,-19.09822]]]},"properties":{"GEOCODIGO":"3113800","NOME":"Carmésia","UF":"MG"}},
{"type":"Feature","geometry":{"type":"Polygon","coordinates":[[[-43.33704,-18.39356],[-43.31112,-18.38968],[-43.2838,-18.39618],[-43.27053,-18.38567],[-43.24518,-18.40023],[-43.23695,-18.41905],[-43.20228,-18.43114],[-43.19339,-18.46096],[-43.16964,-18.48262],[-43.12128,-18.47766],[-43.10153,-18.46822],[-43.10164,-18.44283],[-43.11239,-18.42924],[-43.13165,-18.42436],[-43.15026,-18.38617],[-43.14009,-18.36958],[-43.1679,-18.33812],[-43.20303,-18.34051],[-43.21914,-18.32551],[-43.24139,-18.32424],[-43.26398,-18.30712],[-43.29762,-18.33934],[-43.30151,-18.35372],[-43.33537,-18.37971],[-43.33704,-18.39356]]]},"properties":{"GEOCODIGO":"3166501","NOME":"Serra Azul de Minas","UF":"MG"}},
{"type":"Feature","geometry":{"type":"Polygon","coordinates":[[[-43.13853,-20.56182],[-43.1871,-20.58669],[-43.17664,-20.63025],[-43.14008,-20.68935],[-43.16925,-20.68922],[-43.17514,-20.71419],[-43.16333,-20.72398],[-43.12417,-20.71774],[-43.09999,-20.70768],[-43.06972,-20.72593],[-43.04978,-20.76908],[-43.03658,-20.77118],[-43.02452,-20.75663],[-42.99717,-20.75578],[-42.99878,-20.70465],[-42.96622,-20.67763],[-42.97869,-20.65602],[-43.01356,-20.6572],[-43.02263,-20.65007],[-43.01028,-20.62047],[-43.01925,-20.60075],[-43.0608,-20.59778],[-43.09102,-20.58594],[-43.11063,-20.5999],[-43.13853,-20.56182]]]},"properties":{"GEOCODIGO":"3152303","NOME":"Porto Firme","UF":"MG"}},
{"type":"Feature","geometry":{"type":"Polygon","coordinates":[[[-43.24369,-19.32497],[-43.2512,-19.37023],[-43.21459,-19.38773],[-43.19328,-19.38748],[-43.14294,-19.40193],[-43.10272,-19.38121],[-43.11189,-19.37076],[-43.10803,-19.33726],[-43.14019,-19.33404],[-43.22186,-19.32233],[-43.24369,-19.32497]]]},"properties":{"GEOCODIGO":"3147501","NOME":"Passabém","UF":"MG"}},
{"type":"Feature","geometry":{"type":"Polygon","coordinates":[[[-43.09193,-21.66041],[-43.08216,-21.65822],[-43.05693,-21.68969],[-43.02943,-21.67614],[-43.01627,-21.679],[-42.98124,-21.64998],[-42.9859,-21.60184],[-43.02071,-21.58514],[-43.05927,-21.62815],[-43.07535,-21.62746],[-43.09193,-21.66041]]]},"properties":{"GEOCODIGO":"3156205","NOME":"Rochedo de Minas","UF":"MG"}},
{"type":"Feature","geometry":{"type":"Polygon","coordinates":[[[-43.21708,-19.7876],[-43.2083,-19.80989],[-43.21941,-19.84723],[-43.19316,-19.86868],[-43.1808,-19.86966],[-43.14917,-19.8953],[-43.13078,-19.88938],[-43.11945,-19.86882],[-43.08995,-19.85851],[-43.11232,-19.84169],[-43.09869,-19.82263],[-43.16858,-19.79511],[-43.1953,-19.78819],[-43.21708,-19.7876]]]},"properties":{"GEOCODIGO":"3136207","NOME":"João Monlevade","UF":"MG"}},
{"type":"Feature","geometry":{"type":"Polygon","coordinates":[[[-43.07665,-21.79844],[-43.06205,-21.82334],[-43.03252,-21.81751],[-43.02921,-21.79074],[-42.98712,-21.76836],[-42.96079,-21.73332],[-42.96272,-21.70957],[-42.98655,-21.70711],[-43.01384,-21.71556],[-43.02046,-21.69886],[-43.05541,-21.7162],[-43.0531,-21.74611],[-43.07411,-21.76941],[-43.07665,-21.79844]]]},"properties":{"GEOCODIGO":"3128501","NOME":"Guarará","UF":"MG"}},
{"type":"Feature","geometry":{"type":"Polygon","coordinates":[[[-43.10399,-21.20157],[-43.11888,-21.218],[-43.10444,-21.26439],[-43.082,-21.27192],[-43.0751,-21.28958],[-43.04627,-21.31547],[-43.01392,-21.31593],[-43.00341,-21.3036],[-42.96191,-21.3144],[-42.94943,-21.29802],[-42.92752,-21.30245],[-42.9408,-21.29268],[-42.93982,-21.26703],[-42.95502,-21.26475],[-42.97074,-21.25684],[-42.97357,-21.24939],[-43.03471,-21.20812],[-43.07093,-21.22198],[-43.10399,-21.20157]]]},"properties":{"GEOCODIGO":"3151305","NOME":"Piraúba","UF":"MG"}},
{"type":"Feature","geometry":{"type":"Polygon","coordinates":[[[-43.32135,-18.23684],[-43.27275,-18.25137],[-43.257,-18.27235],[-43.23837,-18.2746],[-43.22162,-18.23985],[-43.23603,-18.21539],[-43.21662,-18.20606],[-43.19814,-18.21766],[-43.18595,-18.20163],[-43.18261,-18.17506],[-43.14017,-18.12362],[-43.13776,-18.10765],[-43.13989,-18.10622],[-43.16074,-18.08322],[-43.16701,-18.035],[-43.19467,-18.01882],[-43.21042,-18.03147],[-43.23375,-18.02986],[-43.26262,-18.04459],[-43.28025,-18.02111],[-43.31584,-18.0448],[-43.30595,-18.11166],[-43.31128,-18.13462],[-43.30451,-18.19781],[-43.32135,-18.23684]]]},"properties":{"GEOCODIGO":"3125408","NOME":"Felício dos Santos","UF":"MG"}},
{"type":"Feature","geometry":{"type":"Polygon","coordinates":[[[-43.16322,-20.17713],[-43.162,-20.19574],[-43.14592,-20.2333],[-43.15217,-20.25118],[-43.17309,-20.26834],[-43.18144,-20.28675],[-43.17336,-20.30876],[-43.14697,-20.315],[-43.13328,-20.34075],[-43.1294,-20.35491],[-43.07711,-20.36622],[-43.05308,-20.40272],[-43.02419,-20.41023],[-43.01597,-20.37222],[-43.03231,-20.36012],[-43.03318,-20.34291],[-43.01302,-20.32469],[-42.96713,-20.33701],[-42.95047,-20.30721],[-42.95311,-20.2727],[-42.9758,-20.25581],[-42.97488,-20.22059],[-42.95719,-20.2038],[-42.99994,-20.19931],[-43.01946,-20.2075],[-43.03395,-20.19241],[-43.06014,-20.18946],[-43.09578,-20.17254],[-43.1321,-20.17734],[-43.15163,-20.16621],[-43.16322,-20.17713]]]},"properties":{"GEOCODIGO":"3105707","NOME":"Barra Longa","UF":"MG"}},
{"type":"Feature","geometry":{"type":"Polygon","coordinates":[[[-43.12017,-21.11947],[-43.09347,-21.17399],[-43.10399,-21.20157],[-43.07093,-21.22198],[-43.03471,-21.20812],[-42.97357,-21.24939],[-42.97074,-21.25684],[-42.92335,-21.21109],[-42.93272,-21.1883],[-42.95929,-21.1653],[-42.98683,-21.17056],[-42.99847,-21.13808],[-43.01444,-21.1201],[-43.03371,-21.12325],[-43.06933,-21.1132],[-43.10399,-21.11178],[-43.12017,-21.11947]]]},"properties":{"GEOCODIGO":"3169000","NOME":"Tocantins","UF":"MG"}},
{"type":"Feature","geometry":{"type":"Polygon","coordinates":[[[-43.13328,-20.34075],[-43.16428,-20.36311],[-43.15295,-20.37637],[-43.1687,-20.40059],[-43.14463,-20.40952],[-43.12295,-20.43016],[-43.12505,-20.44894],[-43.07744,-20.4323],[-43.05258,-20.45554],[-43.03658,-20.44918],[-43.02419,-20.41023],[-43.05308,-20.40272],[-43.07711,-20.36622],[-43.1294,-20.35491],[-43.13328,-20.34075]]]},"properties":{"GEOCODIGO":"3100401","NOME":"Acaiaca","UF":"MG"}},
{"type":"Feature","geometry":{"type":"Polygon","coordinates":[[[-43.20025,-19.42256],[-43.2178,-19.44885],[-43.23227,-19.45436],[-43.21134,-19.48344],[-43.19256,-19.48453],[-43.20684,-19.52819],[-43.1462,-19.52617],[-43.12684,-19.53083],[-43.1097,-19.55914],[-43.08061,-19.55946],[-43.05739,-19.57853],[-43.04625,-19.56323],[-43.0455,-19.51615],[-43.05842,-19.46323],[-43.05512,-19.42985],[-43.04011,-19.42826],[-43.01089,-19.44263],[-43.01476,-19.45982],[-42.98946,-19.48303],[-42.97681,-19.52511],[-42.93259,-19.52839],[-42.91261,-19.51985],[-42.90971,-19.47976],[-42.891,-19.46261],[-42.87712,-19.4335],[-42.8942,-19.43285],[-42.9095,-19.40236],[-42.901,-19.38305],[-42.91908,-19.37475],[-42.92503,-19.34969],[-42.94425,-19.31799],[-42.96135,-19.30414],[-43.04353,-19.30946],[-43.04864,-19.32605],[-43.06872,-19.32996],[-43.08026,-19.37223],[-43.10272,-19.38121],[-43.14294,-19.40193],[-43.19328,-19.38748],[-43.20025,-19.42256]]]},"properties":{"GEOCODIGO":"3158003","NOME":"Santa Maria de Itabira","UF":"MG"}},
{"type":"Feature","geometry":{"type":"Polygon","coordinates":[[[-43.15747,-20.51202],[-43.13853,-20.56182],[-43.11063,-20.5999],[-43.09102,-20.58594],[-43.0608,-20.59778],[-43.01925,-20.60075],[-43.01028,-20.62047],[-43.02263,-20.65007],[-43.01356,-20.6572],[-42.97869,-20.65602],[-42.96622,-20.67763],[-42.92972,-20.66121],[-42.94155,-20.64848],[-42.94814,-20.61636],[-42.93294,-20.59504],[-42.89644,-20.58283],[-42.88204,-20.56727],[-42.92816,-20.52692],[-42.96228,-20.51858],[-42.98219,-20.48815],[-43.00344,-20.46854],[-43.03658,-20.44918],[-43.05258,-20.45554],[-43.08019,-20.48268],[-43.11176,-20.50127],[-43.15747,-20.51202]]]},"properties":{"GEOCODIGO":"3128204","NOME":"Guaraciaba","UF":"MG"}},
{"type":"Feature","geometry":{"type":"Polygon","coordinates":[[[-43.10399,-21.11178],[-43.06933,-21.1132],[-43.03371,-21.12325],[-43.01444,-21.1201],[-42.99847,-21.13808],[-42.98683,-21.17056],[-42.95929,-21.1653],[-42.93272,-21.1883],[-42.92335,-21.21109],[-42.97074,-21.25684],[-42.95502,-21.26475],[-42.90882,-21.24697],[-42.88316,-21.26066],[-42.86225,-21.24194],[-42.87928,-21.1801],[-42.8623,-21.15686],[-42.85638,-21.11685],[-42.84601,-21.10648],[-42.85721,-21.08084],[-42.8778,-21.0678],[-42.87108,-21.05376],[-42.92254,-21.01383],[-42.9363,-21.03526],[-42.95802,-21.0289],[-42.98103,-21.05935],[-43.0423,-20.99993],[-43.06949,-20.9808],[-43.06896,-20.96496],[-43.10288,-20.95603],[-43.09455,-20.97276],[-43.1056,-21.00029],[-43.08346,-21.01858],[-43.09605,-21.05437],[-43.08336,-21.07316],[-43.10399,-21.11178]]]},"properties":{"GEOCODIGO":"3169901","NOME":"Ubá","UF":"MG"}},
{"type":"Feature","geometry":{"type":"Polygon","coordinates":[[[-43.1953,-19.78819],[-43.16858,-19.79511],[-43.09869,-19.82263],[-43.11232,-19.84169],[-43.08995,-19.85851],[-43.08676,-19.87183],[-43.06361,-19.88627],[-43.06094,-19.8527],[-43.01109,-19.82725],[-43.05358,-19.82464],[-43.06562,-19.80507],[-43.08985,-19.79304],[-43.09422,-19.76422],[-43.08031,-19.74832],[-43.11066,-19.72682],[-43.16516,-19.74429],[-43.15098,-19.7557],[-43.16358,-19.77705],[-43.1838,-19.77265],[-43.1953,-19.78819]]]},"properties":{"GEOCODIGO":"3106002","NOME":"Bela Vista de Minas","UF":"MG"}},
{"type":"Feature","geometry":{"type":"Polygon","coordinates":[[[-43.47928,-14.79093],[-43.47095,-14.79891],[-43.38146,-14.78051],[-43.34902,-14.7988],[-43.31092,-14.80209],[-43.28493,-14.794],[-43.24677,-14.80714],[-43.22596,-14.83322],[-43.19088,-14.85375],[-43.09654,-14.85288],[-43.07834,-14.87462],[-43.04351,-14.88977],[-43.03232,-14.90914],[-43.00479,-14.90878],[-42.98476,-14.94099],[-42.93933,-14.9185],[-42.92121,-14.89381],[-42.90296,-14.89427],[-42.9011,-14.91696],[-42.87257,-14.925],[-42.8511,-14.95157],[-42.87621,-14.97907],[-42.8993,-15.03567],[-42.8273,-15.03904],[-42.80348,-15.08683],[-42.77777,-15.1603],[-42.73784,-15.14058],[-42.72715,-15.12493],[-42.68241,-15.097],[-42.68473,-15.07305],[-42.65679,-15.03666],[-42.6374,-15.03476],[-42.62876,-15.0514],[-42.59848,-15.06398],[-42.56932,-15.05013],[-42.56846,-15.02399],[-42.53752,-14.99558],[-42.51493,-14.9826],[-42.53288,-14.96782],[-42.56029,-14.96184],[-42.58519,-14.93115],[-42.60215,-14.92422],[-42.62032,-14.94324],[-42.64823,-14.92953],[-42.70652,-14.88071],[-42.72296,-14.88516],[-42.74682,-14.8673],[-42.75474,-14.84597],[-42.79059,-14.83893],[-42.81985,-14.82018],[-42.86026,-14.78014],[-42.8971,-14.76108],[-42.93701,-14.72],[-42.97693,-14.69794],[-43.01295,-14.69996],[-43.03791,-14.68236],[-43.08337,-14.69766],[-43.10071,-14.67505],[-43.1271,-14.66523],[-43.15109,-14.66588],[-43.17595,-14.65009],[-43.20726,-14.6579],[-43.24465,-14.65606],[-43.29774,-14.67563],[-43.31083,-14.6693],[-43.3461,-14.69562],[-43.37237,-14.69866],[-43.42491,-14.71953],[-43.46087,-14.74578],[-43.47928,-14.79093]]]},"properties":{"GEOCODIGO":"3124302","NOME":"Espinosa","UF":"MG"}},
{"type":"Feature","geometry":{"type":"Polygon","coordinates":[[[-43.06077,-21.43036],[-43.04191,-21.43595],[-43.0642,-21.46451],[-43.0523,-21.48132],[-43.03566,-21.48501],[-43.01933,-21.50494],[-43.00161,-21.48948],[-42.9803,-21.50176],[-42.95873,-21.50139],[-42.9509,-21.51923],[-42.91,-21.51582],[-42.88587,-21.48335],[-42.87665,-21.46126],[-42.896,-21.44034],[-42.89171,-21.42814],[-42.9099,-21.39396],[-42.89436,-21.37299],[-42.90919,-21.36574],[-42.93774,-21.36889],[-42.96669,-21.39747],[-43.00077,-21.39226],[-43.02235,-21.40498],[-43.04804,-21.40256],[-43.06077,-21.43036]]]},"properties":{"GEOCODIGO":"3121308","NOME":"Descoberto","UF":"MG"}},
{"type":"Feature","geometry":{"type":"Polygon","coordinates":[[[-43.22997,-18.74234],[-43.24669,-18.77195],[-43.21997,-18.77051],[-43.20592,-18.78742],[-43.20886,-18.83979],[-43.19992,-18.86022],[-43.17795,-18.86277],[-43.13309,-18.82575],[-43.11245,-18.83323],[-43.06298,-18.78966],[-43.03219,-18.7583],[-42.97903,-18.73479],[-42.99412,-18.70512],[-43.00959,-18.69342],[-42.97617,-18.65477],[-42.94711,-18.67037],[-42.92406,-18.66509],[-42.85036,-18.67432],[-42.87103,-18.65441],[-42.89208,-18.61852],[-42.88983,-18.60174],[-42.90981,-18.5813],[-42.89564,-18.56022],[-42.91301,-18.54705],[-42.90637,-18.52962],[-42.92032,-18.51195],[-42.9112,-18.48747],[-42.91448,-18.46057],[-42.93163,-18.43923],[-42.95667,-18.43569],[-42.97338,-18.44314],[-43.00809,-18.4746],[-43.01523,-18.50437],[-43.04013,-18.50676],[-43.0737,-18.56624],[-43.11342,-18.55046],[-43.13958,-18.56032],[-43.15391,-18.55449],[-43.18081,-18.57183],[-43.19189,-18.60212],[-43.21464,-18.59566],[-43.2049,-18.6203],[-43.2154,-18.66117],[-43.20539,-18.71744],[-43.22997,-18.74234]]]},"properties":{"GEOCODIGO":"3156809","NOME":"Sabinópolis","UF":"MG"}},
{"type":"Feature","geometry":{"type":"Polygon","coordinates":[[[-43.27275,-18.25137],[-43.27472,-18.27088],[-43.26284,-18.30094],[-43.26398,-18.30712],[-43.24139,-18.32424],[-43.21914,-18.32551],[-43.20303,-18.34051],[-43.1679,-18.33812],[-43.14009,-18.36958],[-43.15026,-18.38617],[-43.13165,-18.42436],[-43.11239,-18.42924],[-43.08958,-18.40487],[-43.05175,-18.3914],[-43.03295,-18.40563],[-43.00514,-18.39509],[-42.9838,-18.3777],[-42.97028,-18.3865],[-42.94025,-18.37992],[-42.9245,-18.366],[-42.89614,-18.376],[-42.87305,-18.36545],[-42.86442,-18.35101],[-42.87215,-18.32494],[-42.87097,-18.28415],[-42.88426,-18.27573],[-42.91123,-18.29099],[-42.94509,-18.21911],[-42.93106,-18.18304],[-42.88914,-18.15809],[-42.86651,-18.12283],[-42.88042,-18.12494],[-42.91846,-18.10191],[-42.96203,-18.12319],[-42.96733,-18.14957],[-42.99172,-18.14748],[-43.02984,-18.10187],[-43.03453,-18.08606],[-43.07447,-18.06811],[-43.09097,-18.0989],[-43.13776,-18.10765],[-43.14017,-18.12362],[-43.18261,-18.17506],[-43.18595,-18.20163],[-43.19814,-18.21766],[-43.21662,-18.20606],[-43.23603,-18.21539],[-43.22162,-18.23985],[-43.23837,-18.2746],[-43.257,-18.27235],[-43.27275,-18.25137]]]},"properties":{"GEOCODIGO":"3156007","NOME":"Rio Vermelho","UF":"MG"}},
{"type":"Feature","geometry":{"type":"Polygon","coordinates":[[[-43.02943,-21.67614],[-43.02046,-21.69886],[-43.01384,-21.71556],[-42.98655,-21.70711],[-42.96272,-21.70957],[-42.96079,-21.73332],[-42.90441,-21.72542],[-42.89936,-21.69309],[-42.91358,-21.66419],[-42.92841,-21.6543],[-42.95748,-21.6684],[-42.98124,-21.64998],[-43.01627,-21.679],[-43.02943,-21.67614]]]},"properties":{"GEOCODIGO":"3140209","NOME":"Maripá de Minas","UF":"MG"}},
{"type":"Feature","geometry":{"type":"Polygon","coordinates":[[[-43.08255,-20.81684],[-43.05713,-20.82812],[-43.08196,-20.85355],[-43.0776,-20.86556],[-43.04247,-20.88226],[-43.03722,-20.929],[-42.99163,-20.92754],[-42.96702,-20.97531],[-42.94241,-20.98364],[-42.94721,-20.96337],[-42.93369,-20.94894],[-42.94774,-20.93823],[-42.91661,-20.89013],[-42.90788,-20.85981],[-42.88593,-20.84605],[-42.88638,-20.82424],[-42.93244,-20.80918],[-42.95302,-20.81225],[-42.95422,-20.77896],[-42.99717,-20.75578],[-43.02452,-20.75663],[-43.03658,-20.77118],[-43.04085,-20.79897],[-43.068,-20.80195],[-43.08255,-20.81684]]]},"properties":{"GEOCODIGO":"3148301","NOME":"Paula Cândido","UF":"MG"}},
{"type":"Feature","geometry":{"type":"Polygon","coordinates":[[[-43.06896,-20.96496],[-43.06949,-20.9808],[-43.0423,-20.99993],[-42.98103,-21.05935],[-42.95802,-21.0289],[-42.9363,-21.03526],[-42.92254,-21.01383],[-42.94241,-20.98364],[-42.96702,-20.97531],[-42.99163,-20.92754],[-43.03722,-20.929],[-43.06896,-20.96496]]]},"properties":{"GEOCODIGO":"3121902","NOME":"Divinésia","UF":"MG"}},
{"type":"Feature","geometry":{"type":"Polygon","coordinates":[[[-43.19992,-18.86022],[-43.16789,-18.92587],[-43.1747,-18.93952],[-43.15634,-18.97067],[-43.1165,-18.99462],[-43.08411,-19.02461],[-43.04369,-19.03498],[-43.0316,-19.0131],[-43.00498,-18.98926],[-43.00288,-18.97314],[-42.98345,-18.95831],[-42.98536,-18.92961],[-43.00755,-18.90357],[-42.99403,-18.86686],[-42.97991,-18.86407],[-43.01022,-18.82486],[-43.02253,-18.82839],[-43.06298,-18.78966],[-43.11245,-18.83323],[-43.13309,-18.82575],[-43.17795,-18.86277],[-43.19992,-18.86022]]]},"properties":{"GEOCODIGO":"3166105","NOME":"Senhora do Porto","UF":"MG"}},
{"type":"Feature","geometry":{"type":"Polygon","coordinates":[[[-43.16392,-19.114],[-43.13658,-19.1816],[-43.11811,-19.19836],[-43.12584,-19.23747],[-43.13678,-19.2579],[-43.12903,-19.28452],[-43.14992,-19.31276],[-43.14019,-19.33404],[-43.10803,-19.33726],[-43.11189,-19.37076],[-43.10272,-19.38121],[-43.08026,-19.37223],[-43.06872,-19.32996],[-43.04864,-19.32605],[-43.04353,-19.30946],[-42.96135,-19.30414],[-42.94425,-19.31799],[-42.92503,-19.34969],[-42.91908,-19.37475],[-42.901,-19.38305],[-42.9095,-19.40236],[-42.8942,-19.43285],[-42.87712,-19.4335],[-42.85633,-19.41721],[-42.79208,-19.40767],[-42.76469,-19.39276],[-42.74177,-19.35485],[-42.72675,-19.32878],[-42.74411,-19.28085],[-42.73902,-19.25947],[-42.74351,-19.22672],[-42.76533,-19.21611],[-42.79258,-19.18782],[-42.78214,-19.15942],[-42.74844,-19.15197],[-42.7478,-19.14947],[-42.75897,-19.14393],[-42.82233,-19.15946],[-42.87734,-19.11816],[-42.90172,-19.10914],[-42.93339,-19.11783],[-42.94647,-19.15069],[-42.98865,-19.12373],[-43.00008,-19.09834],[-43.04381,-19.06808],[-43.0793,-19.05993],[-43.09631,-19.10793],[-43.16392,-19.114]]]},"properties":{"GEOCODIGO":"3125903","NOME":"Ferros","UF":"MG"}},
{"type":"Feature","geometry":{"type":"Polygon","coordinates":[[[-42.96079,-21.73332],[-42.94966,-21.74742],[-42.9518,-21.80055],[-42.9636,-21.8052],[-42.95965,-21.83243],[-42.93424,-21.82847],[-42.89494,-21.81207],[-42.86293,-21.79543],[-42.84976,-21.75915],[-42.86435,-21.75549],[-42.88316,-21.72811],[-42.86864,-21.70333],[-42.89936,-21.69309],[-42.90441,-21.72542],[-42.96079,-21.73332]]]},"properties":{"GEOCODIGO":"3165602","NOME":"Senador Cortes","UF":"MG"}},
{"type":"Feature","geometry":{"type":"Polygon","coordinates":[[[-43.11066,-19.72682],[-43.08031,-19.74832],[-43.09422,-19.76422],[-43.08985,-19.79304],[-43.06562,-19.80507],[-43.05358,-19.82464],[-43.01109,-19.82725],[-42.96464,-19.79994],[-42.92005,-19.81082],[-42.90767,-19.79112],[-42.90769,-19.7495],[-42.91597,-19.71428],[-42.92788,-19.69755],[-42.94982,-19.71253],[-42.96847,-19.67069],[-42.98236,-19.65945],[-42.98475,-19.63443],[-43.0031,-19.63682],[-43.00761,-19.57641],[-43.02258,-19.55967],[-43.04625,-19.56323],[-43.05739,-19.57853],[-43.05631,-19.60028],[-43.07359,-19.64617],[-43.09503,-19.68776],[-43.09743,-19.71519],[-43.11066,-19.72682]]]},"properties":{"GEOCODIGO":"3144706","NOME":"Nova Era","UF":"MG"}},
{"type":"Feature","geometry":{"type":"Polygon","coordinates":[[[-42.88525,-21.85108],[-42.88271,-21.86618],[-42.89532,-21.88463],[-42.89151,-21.90178],[-42.92127,-21.93106],[-42.90867,-21.99001],[-42.88209,-21.95963],[-42.80574,-21.93676],[-42.76267,-21.91933],[-42.69,-21.8827],[-42.60809,-21.85171],[-42.60336,-21.81717],[-42.61751,-21.77859],[-42.65081,-21.7707],[-42.62505,-21.73857],[-42.62265,-21.70175],[-42.63774,-21.68817],[-42.66974,-21.69299],[-42.70041,-21.68549],[-42.72923,-21.66422],[-42.7716,-21.71738],[-42.77171,-21.74664],[-42.75802,-21.77299],[-42.78438,-21.79078],[-42.76725,-21.81078],[-42.78104,-21.83792],[-42.82341,-21.84986],[-42.84385,-21.83121],[-42.88162,-21.83187],[-42.88525,-21.85108]]]},"properties":{"GEOCODIGO":"3101508","NOME":"Além Paraíba","UF":"MG"}},
{"type":"Feature","geometry":{"type":"Polygon","coordinates":[[[-43.06014,-20.18946],[-43.03395,-20.19241],[-43.01946,-20.2075],[-42.99994,-20.19931],[-42.95719,-20.2038],[-42.9355,-20.19136],[-42.88267,-20.17887],[-42.86778,-20.16928],[-42.87063,-20.14453],[-42.86555,-20.12068],[-42.89594,-20.11734],[-42.89922,-20.06667],[-42.87441,-20.03593],[-42.90335,-20.04545],[-42.92802,-20.03524],[-42.96032,-20.05546],[-42.95897,-20.08196],[-43.00666,-20.14427],[-43.05561,-20.17222],[-43.06014,-20.18946]]]},"properties":{"GEOCODIGO":"3122702","NOME":"Dom Silvério","UF":"MG"}},
{"type":"Feature","geometry":{"type":"Polygon","coordinates":[[[-43.21734,-17.41477],[-43.2285,-17.44166],[-43.22098,-17.47183],[-43.23267,-17.48547],[-43.22773,-17.5622],[-43.15847,-17.77338],[-43.13317,-17.72442],[-43.10346,-17.7038],[-43.10039,-17.68561],[-43.03115,-17.61928],[-43.01548,-17.63994],[-43.0222,-17.65474],[-43.01421,-17.68414],[-42.99981,-17.70395],[-42.97425,-17.71504],[-42.96131,-17.66802],[-42.95859,-17.63366],[-42.91906,-17.5958],[-42.8936,-17.59251],[-42.87341,-17.60568],[-42.86023,-17.59397],[-42.83667,-17.55505],[-42.87995,-17.49644],[-42.86951,-17.46856],[-42.88398,-17.44841],[-42.86942,-17.4296],[-42.86861,-17.40177],[-42.89014,-17.3979],[-42.87867,-17.36183],[-42.94426,-17.32131],[-42.96445,-17.33084],[-42.99848,-17.36106],[-43.00702,-17.33149],[-43.05901,-17.28846],[-43.0686,-17.25948],[-43.08329,-17.25237],[-43.10984,-17.28807],[-43.13178,-17.28904],[-43.15298,-17.31372],[-43.16993,-17.29226],[-43.18753,-17.30833],[-43.21737,-17.31789],[-43.22798,-17.34547],[-43.20326,-17.35982],[-43.19635,-17.38848],[-43.21734,-17.41477]]]},"properties":{"GEOCODIGO":"3113503","NOME":"Carbonita","UF":"MG"}},
{"type":"Feature","geometry":{"type":"Polygon","coordinates":[[[-43.16964,-18.48262],[-43.16844,-18.52543],[-43.15391,-18.55449],[-43.13958,-18.56032],[-43.11342,-18.55046],[-43.0737,-18.56624],[-43.04013,-18.50676],[-43.01523,-18.50437],[-43.00809,-18.4746],[-42.97338,-18.44314],[-42.95667,-18.43569],[-42.93163,-18.43923],[-42.91966,-18.39467],[-42.88783,-18.39246],[-42.87305,-18.36545],[-42.89614,-18.376],[-42.9245,-18.366],[-42.94025,-18.37992],[-42.97028,-18.3865],[-42.9838,-18.3777],[-43.00514,-18.39509],[-43.03295,-18.40563],[-43.05175,-18.3914],[-43.08958,-18.40487],[-43.11239,-18.42924],[-43.10164,-18.44283],[-43.10153,-18.46822],[-43.12128,-18.47766],[-43.16964,-18.48262]]]},"properties":{"GEOCODIGO":"3140605","NOME":"Materlândia","UF":"MG"}},
{"type":"Feature","geometry":{"type":"Polygon","coordinates":[[[-43.03658,-20.44918],[-43.00344,-20.46854],[-42.98219,-20.48815],[-42.96228,-20.51858],[-42.92816,-20.52692],[-42.88204,-20.56727],[-42.87011,-20.56007],[-42.86838,-20.53117],[-42.84074,-20.48765],[-42.82392,-20.42288],[-42.83233,-20.41014],[-42.81494,-20.39147],[-42.80092,-20.36014],[-42.78749,-20.36503],[-42.7863,-20.34261],[-42.8051,-20.31809],[-42.86805,-20.33626],[-42.89791,-20.32645],[-42.89177,-20.2975],[-42.91405,-20.27587],[-42.95311,-20.2727],[-42.95047,-20.30721],[-42.96713,-20.33701],[-43.01302,-20.32469],[-43.03318,-20.34291],[-43.03231,-20.36012],[-43.01597,-20.37222],[-43.02419,-20.41023],[-43.03658,-20.44918]]]},"properties":{"GEOCODIGO":"3152105","NOME":"Ponte Nova","UF":"MG"}},
{"type":"Feature","geometry":{"type":"Polygon","coordinates":[[[-43.06361,-19.88627],[-43.06953,-19.90757],[-43.05136,-19.94701],[-43.05097,-19.99252],[-43.03275,-19.995],[-43.02313,-20.01397],[-43.00944,-20.00512],[-42.97189,-20.01827],[-42.96111,-20.00761],[-42.92802,-20.03524],[-42.90335,-20.04545],[-42.87441,-20.03593],[-42.83485,-20.01394],[-42.79708,-20.02088],[-42.75517,-20.01928],[-42.72891,-20.0062],[-42.73717,-19.97661],[-42.77088,-19.97112],[-42.77696,-19.95761],[-42.7528,-19.90507],[-42.75569,-19.89081],[-42.78136,-19.87192],[-42.82591,-19.91264],[-42.8365,-19.89344],[-42.85555,-19.89407],[-42.84208,-19.84388],[-42.82011,-19.82625],[-42.79809,-19.81926],[-42.77763,-19.79415],[-42.8038,-19.78722],[-42.81127,-19.752],[-42.79632,-19.7128],[-42.80072,-19.71201],[-42.85097,-19.73545],[-42.90769,-19.7495],[-42.90767,-19.79112],[-42.92005,-19.81082],[-42.96464,-19.79994],[-43.01109,-19.82725],[-43.06094,-19.8527],[-43.06361,-19.88627]]]},"properties":{"GEOCODIGO":"3161007","NOME":"São Domingos do Prata","UF":"MG"}},
{"type":"Feature","geometry":{"type":"Polygon","coordinates":[[[-43.27746,-15.61069],[-43.29357,-15.6397],[-43.2981,-15.68569],[-43.30624,-15.70045],[-43.29338,-15.72803],[-43.31649,-15.7814],[-43.29642,-15.81475],[-43.27979,-15.83089],[-43.26257,-15.82894],[-43.2654,-15.81366],[-43.24493,-15.78804],[-43.23268,-15.73781],[-43.24174,-15.72584],[-43.23429,-15.70008],[-43.24901,-15.68985],[-43.27279,-15.65428],[-43.26815,-15.6225],[-43.27746,-15.61069]]]},"properties":{"GEOCODIGO":"3145059","NOME":"Nova Porteirinha","UF":"MG"}},
{"type":"Feature","geometry":{"type":"Polygon","coordinates":[[[-42.96622,-20.67763],[-42.99878,-20.70465],[-42.99717,-20.75578],[-42.95422,-20.77896],[-42.95302,-20.81225],[-42.93244,-20.80918],[-42.88638,-20.82424],[-42.84554,-20.83701],[-42.84527,-20.81704],[-42.83004,-20.80885],[-42.82637,-20.75614],[-42.78183,-20.75927],[-42.75351,-20.74455],[-42.76311,-20.72877],[-42.7898,-20.7096],[-42.78227,-20.67229],[-42.80491,-20.6577],[-42.82177,-20.67804],[-42.84663,-20.67277],[-42.88377,-20.69497],[-42.91125,-20.68942],[-42.92972,-20.66121],[-42.96622,-20.67763]]]},"properties":{"GEOCODIGO":"3171303","NOME":"Viçosa","UF":"MG"}},
{"type":"Feature","geometry":{"type":"Polygon","coordinates":[[[-42.95502,-21.26475],[-42.93982,-21.26703],[-42.9408,-21.29268],[-42.92752,-21.30245],[-42.92449,-21.31103],[-42.94291,-21.3642],[-42.93774,-21.36889],[-42.90919,-21.36574],[-42.89436,-21.37299],[-42.8751,-21.37439],[-42.85551,-21.40203],[-42.83002,-21.38793],[-42.83946,-21.36511],[-42.81838,-21.32231],[-42.83401,-21.31379],[-42.81619,-21.2877],[-42.81399,-21.26064],[-42.85338,-21.2697],[-42.84344,-21.24653],[-42.86225,-21.24194],[-42.88316,-21.26066],[-42.90882,-21.24697],[-42.95502,-21.26475]]]},"properties":{"GEOCODIGO":"3104601","NOME":"Astolfo Dutra","UF":"MG"}},
{"type":"Feature","geometry":{"type":"Polygon","coordinates":[[[-42.91358,-21.66419],[-42.89936,-21.69309],[-42.86864,-21.70333],[-42.84712,-21.70995],[-42.82218,-21.69837],[-42.82237,-21.66321],[-42.74627,-21.65112],[-42.7483,-21.62438],[-42.79223,-21.58891],[-42.80191,-21.57186],[-42.83338,-21.54443],[-42.84318,-21.56484],[-42.86586,-21.58422],[-42.88582,-21.64333],[-42.91358,-21.66419]]]},"properties":{"GEOCODIGO":"3104403","NOME":"Argirita","UF":"MG"}},
{"type":"Feature","geometry":{"type":"Polygon","coordinates":[[[-43.31021,-15.08337],[-43.3301,-15.1065],[-43.32079,-15.13108],[-43.33157,-15.14113],[-43.31168,-15.16344],[-43.31854,-15.19637],[-43.31029,-15.22158],[-43.3236,-15.25886],[-43.31052,-15.30113],[-43.28076,-15.29718],[-43.25762,-15.31075],[-43.25007,-15.36504],[-43.22785,-15.40067],[-43.24612,-15.40598],[-43.24215,-15.46319],[-43.21924,-15.4887],[-43.20498,-15.48932],[-43.18496,-15.52339],[-43.19349,-15.54741],[-43.1788,-15.55396],[-43.18888,-15.57727],[-43.16462,-15.5817],[-43.13666,-15.59653],[-43.13152,-15.61138],[-43.06251,-15.60582],[-43.01735,-15.53793],[-42.97848,-15.52296],[-42.94774,-15.52261],[-42.91756,-15.51311],[-42.91243,-15.49535],[-42.91713,-15.47511],[-42.93232,-15.46316],[-42.95115,-15.43112],[-42.97626,-15.43541],[-42.98543,-15.41502],[-43.01876,-15.40083],[-43.04204,-15.40502],[-43.06276,-15.40403],[-43.07824,-15.44986],[-43.10198,-15.43215],[-43.10851,-15.41128],[-43.1668,-15.35388],[-43.17362,-15.33623],[-43.2071,-15.32146],[-43.20741,-15.27709],[-43.24694,-15.25709],[-43.24866,-15.23705],[-43.26313,-15.20476],[-43.26015,-15.16929],[-43.26953,-15.15147],[-43.27485,-15.1231],[-43.30143,-15.0825],[-43.31021,-15.08337]]]},"properties":{"GEOCODIGO":"3146552","NOME":"Pai Pedro","UF":"MG"}},
{"type":"Feature","geometry":{"type":"Polygon","coordinates":[[[-43.31052,-15.30113],[-43.31313,-15.3425],[-43.28946,-15.39409],[-43.29435,-15.41361],[-43.27943,-15.42087],[-43.27887,-15.44242],[-43.25443,-15.47807],[-43.25632,-15.50625],[-43.27421,-15.51558],[-43.28273,-15.54427],[-43.27298,-15.58126],[-43.27746,-15.61069],[-43.26815,-15.6225],[-43.27279,-15.65428],[-43.24901,-15.68985],[-43.23429,-15.70008],[-43.24174,-15.72584],[-43.23268,-15.73781],[-43.24493,-15.78804],[-43.2654,-15.81366],[-43.26257,-15.82894],[-43.23774,-15.82324],[-43.21721,-15.83726],[-43.21862,-15.86429],[-43.20457,-15.87198],[-43.21418,-15.93153],[-43.22638,-15.93437],[-43.21596,-15.97579],[-43.22643,-16.03086],[-43.21852,-16.0557],[-43.19726,-16.04825],[-43.18518,-16.06856],[-43.19076,-16.11147],[-43.16407,-16.12079],[-43.15109,-16.14222],[-43.13093,-16.15124],[-43.12784,-16.12516],[-43.13612,-16.10583],[-43.13038,-16.0745],[-43.14518,-16.04873],[-43.12173,-16.00462],[-43.13415,-15.96504],[-43.11112,-15.96122],[-43.09315,-15.93184],[-43.10123,-15.9248],[-43.0889,-15.89109],[-43.11456,-15.85181],[-43.09329,-15.838],[-43.05701,-15.85859],[-43.04071,-15.81333],[-43.02698,-15.79752],[-42.99781,-15.80104],[-42.96381,-15.81333],[-42.94279,-15.81377],[-42.92026,-15.78592],[-42.91295,-15.7391],[-42.90255,-15.72398],[-42.91137,-15.70131],[-42.87973,-15.68659],[-42.85182,-15.7082],[-42.84257,-15.72692],[-42.77756,-15.73003],[-42.78668,-15.67389],[-42.77498,-15.66017],[-42.80198,-15.64646],[-42.80459,-15.60576],[-42.81651,-15.58465],[-42.81432,-15.55567],[-42.82684,-15.54078],[-42.88201,-15.52423],[-42.91243,-15.49535],[-42.91756,-15.51311],[-42.94774,-15.52261],[-42.97848,-15.52296],[-43.01735,-15.53793],[-43.06251,-15.60582],[-43.13152,-15.61138],[-43.13666,-15.59653],[-43.16462,-15.5817],[-43.18888,-15.57727],[-43.1788,-15.55396],[-43.19349,-15.54741],[-43.18496,-15.52339],[-43.20498,-15.48932],[-43.21924,-15.4887],[-43.24215,-15.46319],[-43.24612,-15.40598],[-43.22785,-15.40067],[-43.25007,-15.36504],[-43.25762,-15.31075],[-43.28076,-15.29718],[-43.31052,-15.30113]]]},"properties":{"GEOCODIGO":"3152204","NOME":"Porteirinha","UF":"MG"}},
{"type":"Feature","geometry":{"type":"Polygon","coordinates":[[[-42.89494,-21.81207],[-42.88162,-21.83187],[-42.84385,-21.83121],[-42.82341,-21.84986],[-42.78104,-21.83792],[-42.76725,-21.81078],[-42.78438,-21.79078],[-42.75802,-21.77299],[-42.77171,-21.74664],[-42.7716,-21.71738],[-42.72923,-21.66422],[-42.74627,-21.65112],[-42.82237,-21.66321],[-42.82218,-21.69837],[-42.84712,-21.70995],[-42.86864,-21.70333],[-42.88316,-21.72811],[-42.86435,-21.75549],[-42.84976,-21.75915],[-42.86293,-21.79543],[-42.89494,-21.81207]]]},"properties":{"GEOCODIGO":"3160009","NOME":"Santo Antônio do Aventureiro","UF":"MG"}},
{"type":"Feature","geometry":{"type":"Polygon","coordinates":[[[-42.87712,-19.4335],[-42.891,-19.46261],[-42.90971,-19.47976],[-42.91261,-19.51985],[-42.93259,-19.52839],[-42.97681,-19.52511],[-42.98946,-19.48303],[-43.01476,-19.45982],[-43.01089,-19.44263],[-43.04011,-19.42826],[-43.05512,-19.42985],[-43.05842,-19.46323],[-43.0455,-19.51615],[-43.04625,-19.56323],[-43.02258,-19.55967],[-43.00761,-19.57641],[-43.0031,-19.63682],[-42.98475,-19.63443],[-42.98236,-19.65945],[-42.96847,-19.67069],[-42.94982,-19.71253],[-42.92788,-19.69755],[-42.91597,-19.71428],[-42.90769,-19.7495],[-42.85097,-19.73545],[-42.80072,-19.71201],[-42.80754,-19.69387],[-42.78914,-19.65231],[-42.7838,-19.62029],[-42.7145,-19.57167],[-42.70929,-19.55081],[-42.68636,-19.53901],[-42.665,-19.52685],[-42.72417,-19.53095],[-42.74239,-19.5128],[-42.74628,-19.46917],[-42.7636,-19.44458],[-42.75944,-19.41981],[-42.79208,-19.40767],[-42.85633,-19.41721],[-42.87712,-19.4335]]]},"properties":{"GEOCODIGO":"3103009","NOME":"Antônio Dias","UF":"MG"}},
{"type":"Feature","geometry":{"type":"Polygon","coordinates":[[[-43.22643,-16.03086],[-43.23831,-16.05437],[-43.26862,-16.08004],[-43.26101,-16.12094],[-43.25427,-16.14127],[-43.23024,-16.16165],[-43.16163,-16.20445],[-43.13248,-16.23219],[-43.13407,-16.25276],[-43.15751,-16.28805],[-43.13376,-16.27196],[-43.11257,-16.23183],[-43.08595,-16.22314],[-43.07987,-16.21128],[-43.04817,-16.21248],[-43.04206,-16.19448],[-43.00765,-16.18285],[-42.99112,-16.16032],[-42.96637,-16.16812],[-42.92303,-16.16222],[-42.9157,-16.15],[-42.85325,-16.15508],[-42.84906,-16.14285],[-42.78075,-16.14357],[-42.7659,-16.13512],[-42.72281,-16.14116],[-42.70598,-16.15658],[-42.70284,-16.09379],[-42.72509,-16.04051],[-42.75059,-16.05272],[-42.75546,-16.02282],[-42.76612,-16.00947],[-42.82109,-15.98837],[-42.8634,-16.02099],[-42.85137,-15.97837],[-42.85543,-15.97027],[-42.90476,-15.95979],[-42.91087,-15.9243],[-42.94698,-15.91582],[-43.00524,-15.85075],[-43.02698,-15.79752],[-43.04071,-15.81333],[-43.05701,-15.85859],[-43.09329,-15.838],[-43.11456,-15.85181],[-43.0889,-15.89109],[-43.10123,-15.9248],[-43.09315,-15.93184],[-43.11112,-15.96122],[-43.13415,-15.96504],[-43.12173,-16.00462],[-43.14518,-16.04873],[-43.13038,-16.0745],[-43.13612,-16.10583],[-43.12784,-16.12516],[-43.13093,-16.15124],[-43.15109,-16.14222],[-43.16407,-16.12079],[-43.19076,-16.11147],[-43.18518,-16.06856],[-43.19726,-16.04825],[-43.21852,-16.0557],[-43.22643,-16.03086]]]},"properties":{"GEOCODIGO":"3154507","NOME":"Riacho dos Machados","UF":"MG"}},
{"type":"Feature","geometry":{"type":"Polygon","coordinates":[[[-43.08411,-19.02461],[-43.09036,-19.04939],[-43.0793,-19.05993],[-43.04381,-19.06808],[-43.00008,-19.09834],[-42.98865,-19.12373],[-42.94647,-19.15069],[-42.93339,-19.11783],[-42.90172,-19.10914],[-42.87734,-19.11816],[-42.82233,-19.15946],[-42.75897,-19.14393],[-42.7478,-19.14947],[-42.76678,-19.11938],[-42.80107,-19.09497],[-42.82994,-19.07772],[-42.85097,-19.08526],[-42.8562,-19.05609],[-42.87823,-19.03239],[-42.88117,-19.01294],[-42.86693,-18.99157],[-42.87198,-18.97432],[-42.89836,-18.98359],[-42.91551,-18.97597],[-42.93475,-18.9267],[-42.97762,-18.93521],[-42.98536,-18.92961],[-42.98345,-18.95831],[-43.00288,-18.97314],[-43.00498,-18.98926],[-43.0316,-19.0131],[-43.04369,-19.03498],[-43.08411,-19.02461]]]},"properties":{"GEOCODIGO":"3123106","NOME":"Dores de Guanhães","UF":"MG"}},
{"type":"Feature","geometry":{"type":"Polygon","coordinates":[[[-42.91,-21.51582],[-42.89246,-21.52886],[-42.86652,-21.50896],[-42.8478,-21.52769],[-42.86586,-21.58422],[-42.84318,-21.56484],[-42.83338,-21.54443],[-42.80191,-21.57186],[-42.79223,-21.58891],[-42.7483,-21.62438],[-42.74627,-21.65112],[-42.72923,-21.66422],[-42.70041,-21.68549],[-42.66974,-21.69299],[-42.63774,-21.68817],[-42.62265,-21.70175],[-42.60768,-21.70077],[-42.58229,-21.68092],[-42.55932,-21.68061],[-42.53885,-21.65159],[-42.49904,-21.66006],[-42.4671,-21.65099],[-42.4488,-21.63625],[-42.43509,-21.64643],[-42.41085,-21.60163],[-42.42935,-21.58482],[-42.47169,-21.57893],[-42.49978,-21.55631],[-42.51697,-21.55915],[-42.55857,-21.53297],[-42.55492,-21.5186],[-42.52476,-21.5095],[-42.48698,-21.47184],[-42.47463,-21.4727],[-42.4657,-21.43644],[-42.45255,-21.43915],[-42.47726,-21.41767],[-42.49514,-21.39092],[-42.52402,-21.40002],[-42.53984,-21.44013],[-42.58763,-21.42574],[-42.61256,-21.41126],[-42.64755,-21.43762],[-42.69425,-21.43924],[-42.72711,-21.42879],[-42.7571,-21.43951],[-42.77096,-21.45603],[-42.80093,-21.44218],[-42.79936,-21.42454],[-42.81758,-21.46621],[-42.84583,-21.47672],[-42.88587,-21.48335],[-42.91,-21.51582]]]},"properties":{"GEOCODIGO":"3138401","NOME":"Leopoldina","UF":"MG"}},
{"type":"Feature","geometry":{"type":"Polygon","coordinates":[[[-43.20597,-17.10622],[-43.17362,-17.12726],[-43.15774,-17.11831],[-43.13129,-17.13776],[-43.10673,-17.13301],[-43.09351,-17.16622],[-43.10851,-17.19576],[-43.06998,-17.22422],[-43.02566,-17.18508],[-43.00165,-17.18531],[-42.98462,-17.1642],[-42.98931,-17.14387],[-42.97595,-17.11749],[-42.9378,-17.08936],[-42.92423,-17.04841],[-42.90026,-17.03946],[-42.88462,-17.04894],[-42.83406,-17.0423],[-42.8219,-17.02501],[-42.79611,-17.02004],[-42.79986,-17.00011],[-42.77714,-16.98138],[-42.75781,-16.94451],[-42.76101,-16.92786],[-42.74329,-16.90745],[-42.75687,-16.8848],[-42.72982,-16.87129],[-42.7375,-16.85234],[-42.76324,-16.86388],[-42.80906,-16.87323],[-42.82695,-16.86623],[-42.8332,-16.84475],[-42.85032,-16.82393],[-42.85177,-16.80772],[-42.87457,-16.80774],[-42.89336,-16.83366],[-42.91773,-16.8443],[-42.93711,-16.82412],[-42.9457,-16.78984],[-42.96101,-16.77523],[-43.00409,-16.76318],[-42.9879,-16.73789],[-42.99348,-16.69814],[-42.9901,-16.68111],[-43.0464,-16.70329],[-43.0722,-16.69368],[-43.07937,-16.70521],[-43.12068,-16.70865],[-43.12984,-16.69427],[-43.15198,-16.69818],[-43.16907,-16.68079],[-43.18526,-16.67937],[-43.19159,-16.69947],[-43.18093,-16.7242],[-43.19726,-16.74853],[-43.17123,-16.76526],[-43.1609,-16.8133],[-43.1484,-16.83485],[-43.15026,-16.85846],[-43.12087,-16.89026],[-43.12731,-16.9318],[-43.12521,-16.96288],[-43.13623,-16.9824],[-43.15643,-16.98516],[-43.1817,-17.03107],[-43.18048,-17.08538],[-43.20597,-17.10622]]]},"properties":{"GEOCODIGO":"3108503","NOME":"Botumirim","UF":"MG"}},
{"type":"Feature","geometry":{"type":"Polygon","coordinates":[[[-42.93369,-20.94894],[-42.94721,-20.96337],[-42.94241,-20.98364],[-42.92254,-21.01383],[-42.87108,-21.05376],[-42.8778,-21.0678],[-42.85721,-21.08084],[-42.84601,-21.10648],[-42.8306,-21.11207],[-42.79077,-21.09592],[-42.76463,-21.06365],[-42.7674,-21.02298],[-42.75466,-21.00233],[-42.74819,-20.97177],[-42.75855,-20.96553],[-42.78419,-20.96094],[-42.81377,-20.93648],[-42.82645,-20.95208],[-42.84891,-20.95108],[-42.86157,-20.97133],[-42.88139,-20.95998],[-42.88457,-20.93903],[-42.9039,-20.93297],[-42.93369,-20.94894]]]},"properties":{"GEOCODIGO":"3172004","NOME":"Visconde do Rio Branco","UF":"MG"}},
{"type":"Feature","geometry":{"type":"Polygon","coordinates":[[[-42.88593,-20.84605],[-42.90788,-20.85981],[-42.91661,-20.89013],[-42.94774,-20.93823],[-42.93369,-20.94894],[-42.9039,-20.93297],[-42.88457,-20.93903],[-42.88139,-20.95998],[-42.86157,-20.97133],[-42.84891,-20.95108],[-42.82645,-20.95208],[-42.81377,-20.93648],[-42.78419,-20.96094],[-42.75855,-20.96553],[-42.73055,-20.93814],[-42.72057,-20.89508],[-42.73002,-20.86086],[-42.76807,-20.88122],[-42.7957,-20.86609],[-42.80834,-20.87627],[-42.83668,-20.87136],[-42.85266,-20.87972],[-42.87741,-20.84636],[-42.88593,-20.84605]]]},"properties":{"GEOCODIGO":"3161502","NOME":"São Geraldo","UF":"MG"}},
{"type":"Feature","geometry":{"type":"Polygon","coordinates":[[[-43.15847,-17.77338],[-43.13637,-17.80736],[-43.13056,-17.85532],[-43.11089,-17.87881],[-43.12234,-17.89828],[-43.11615,-17.92765],[-43.126,-17.96063],[-43.1082,-18.00702],[-43.14303,-18.02298],[-43.14234,-18.04434],[-43.11037,-18.0635],[-43.11464,-18.08601],[-43.13325,-18.08886],[-43.13989,-18.10622],[-43.13776,-18.10765],[-43.09097,-18.0989],[-43.07447,-18.06811],[-43.03453,-18.08606],[-43.02984,-18.10187],[-42.99172,-18.14748],[-42.96733,-18.14957],[-42.96203,-18.12319],[-42.91846,-18.10191],[-42.88042,-18.12494],[-42.86651,-18.12283],[-42.8286,-18.09731],[-42.78489,-18.10208],[-42.76826,-18.08113],[-42.72053,-18.09323],[-42.70295,-18.09132],[-42.69517,-18.06964],[-42.66497,-18.04807],[-42.64478,-18.04591],[-42.60509,-17.99989],[-42.60689,-17.99234],[-42.62077,-17.9615],[-42.6331,-17.95626],[-42.64378,-17.92317],[-42.67745,-17.90002],[-42.67811,-17.86563],[-42.6515,-17.82399],[-42.65765,-17.81462],[-42.64392,-17.77702],[-42.59962,-17.72268],[-42.58845,-17.71161],[-42.61718,-17.68743],[-42.61728,-17.66576],[-42.66058,-17.65678],[-42.67595,-17.61764],[-42.6957,-17.58854],[-42.68371,-17.55022],[-42.72353,-17.5477],[-42.73581,-17.56007],[-42.72068,-17.58727],[-42.74673,-17.61335],[-42.77,-17.60507],[-42.7737,-17.57746],[-42.80778,-17.54588],[-42.83667,-17.55505],[-42.86023,-17.59397],[-42.87341,-17.60568],[-42.8936,-17.59251],[-42.91906,-17.5958],[-42.95859,-17.63366],[-42.96131,-17.66802],[-42.97425,-17.71504],[-42.99981,-17.70395],[-43.01421,-17.68414],[-43.0222,-17.65474],[-43.01548,-17.63994],[-43.03115,-17.61928],[-43.10039,-17.68561],[-43.10346,-17.7038],[-43.13317,-17.72442],[-43.15847,-17.77338]]]},"properties":{"GEOCODIGO":"3132503","NOME":"Itamarandiba","UF":"MG"}},
{"type":"Feature","geometry":{"type":"Polygon","coordinates":[[[-42.89436,-21.37299],[-42.9099,-21.39396],[-42.89171,-21.42814],[-42.896,-21.44034],[-42.87665,-21.46126],[-42.88587,-21.48335],[-42.84583,-21.47672],[-42.81758,-21.46621],[-42.79936,-21.42454],[-42.76454,-21.38667],[-42.7543,-21.36827],[-42.771,-21.35663],[-42.80927,-21.3479],[-42.83002,-21.38793],[-42.85551,-21.40203],[-42.8751,-21.37439],[-42.89436,-21.37299]]]},"properties":{"GEOCODIGO":"3132602","NOME":"Itamarati de Minas","UF":"MG"}},
{"type":"Feature","geometry":{"type":"Polygon","coordinates":[[[-42.95719,-20.2038],[-42.97488,-20.22059],[-42.9758,-20.25581],[-42.95311,-20.2727],[-42.91405,-20.27587],[-42.91063,-20.25522],[-42.88522,-20.25467],[-42.87516,-20.23414],[-42.87502,-20.20535],[-42.8408,-20.1914],[-42.83093,-20.16533],[-42.80844,-20.13948],[-42.85797,-20.15476],[-42.87063,-20.14453],[-42.86778,-20.16928],[-42.88267,-20.17887],[-42.9355,-20.19136],[-42.95719,-20.2038]]]},"properties":{"GEOCODIGO":"3155009","NOME":"Rio Doce","UF":"MG"}},
{"type":"Feature","geometry":{"type":"Polygon","coordinates":[[[-42.88204,-20.56727],[-42.89644,-20.58283],[-42.93294,-20.59504],[-42.94814,-20.61636],[-42.94155,-20.64848],[-42.92972,-20.66121],[-42.91125,-20.68942],[-42.88377,-20.69497],[-42.84663,-20.67277],[-42.82177,-20.67804],[-42.80491,-20.6577],[-42.78227,-20.67229],[-42.76966,-20.66745],[-42.76894,-20.61634],[-42.80138,-20.60548],[-42.81711,-20.60571],[-42.83888,-20.58106],[-42.87011,-20.56007],[-42.88204,-20.56727]]]},"properties":{"GEOCODIGO":"3168507","NOME":"Teixeiras","UF":"MG"}},
{"type":"Feature","geometry":{"type":"Polygon","coordinates":[[[-42.8623,-21.15686],[-42.87928,-21.1801],[-42.86225,-21.24194],[-42.84344,-21.24653],[-42.85338,-21.2697],[-42.81399,-21.26064],[-42.79966,-21.22855],[-42.80965,-21.18996],[-42.82257,-21.16953],[-42.84927,-21.16838],[-42.8623,-21.15686]]]},"properties":{"GEOCODIGO":"3156304","NOME":"Rodeiro","UF":"MG"}},
{"type":"Feature","geometry":{"type":"Polygon","coordinates":[[[-43.06298,-18.78966],[-43.02253,-18.82839],[-43.01022,-18.82486],[-42.97991,-18.86407],[-42.99403,-18.86686],[-43.00755,-18.90357],[-42.98536,-18.92961],[-42.97762,-18.93521],[-42.93475,-18.9267],[-42.91551,-18.97597],[-42.89836,-18.98359],[-42.87198,-18.97432],[-42.86693,-18.99157],[-42.88117,-19.01294],[-42.87823,-19.03239],[-42.8562,-19.05609],[-42.85097,-19.08526],[-42.82994,-19.07772],[-42.80107,-19.09497],[-42.80717,-19.06737],[-42.78791,-19.03053],[-42.80483,-19.02444],[-42.80758,-19.00008],[-42.77672,-18.97827],[-42.79245,-18.9305],[-42.79289,-18.90078],[-42.75767,-18.89977],[-42.74439,-18.92312],[-42.7292,-18.91654],[-42.68614,-18.92293],[-42.68067,-18.95263],[-42.65573,-18.97566],[-42.61614,-18.99044],[-42.59581,-18.96247],[-42.54586,-18.96083],[-42.54189,-18.95298],[-42.55579,-18.93664],[-42.57305,-18.95022],[-42.59169,-18.92166],[-42.60739,-18.92669],[-42.63158,-18.90404],[-42.65791,-18.90632],[-42.69872,-18.88733],[-42.72305,-18.89245],[-42.74405,-18.87642],[-42.74252,-18.85018],[-42.76639,-18.83055],[-42.7597,-18.80203],[-42.77223,-18.75359],[-42.77578,-18.70293],[-42.72072,-18.69505],[-42.71863,-18.65587],[-42.72039,-18.64733],[-42.73203,-18.6258],[-42.75967,-18.63215],[-42.79772,-18.61486],[-42.81464,-18.63471],[-42.82194,-18.67107],[-42.85036,-18.67432],[-42.92406,-18.66509],[-42.94711,-18.67037],[-42.97617,-18.65477],[-43.00959,-18.69342],[-42.99412,-18.70512],[-42.97903,-18.73479],[-43.03219,-18.7583],[-43.06298,-18.78966]]]},"properties":{"GEOCODIGO":"3128006","NOME":"Guanhães","UF":"MG"}},
{"type":"Feature","geometry":{"type":"Polygon","coordinates":[[[-43.26953,-15.15147],[-43.26015,-15.16929],[-43.26313,-15.20476],[-43.24866,-15.23705],[-43.24694,-15.25709],[-43.23243,-15.25451],[-43.20806,-15.23301],[-43.19182,-15.23675],[-43.15726,-15.26389],[-43.10799,-15.2695],[-43.04935,-15.3201],[-43.02207,-15.33132],[-42.99368,-15.31877],[-42.9636,-15.32539],[-42.93418,-15.32601],[-42.90371,-15.30421],[-42.8876,-15.32162],[-42.85782,-15.31759],[-42.83199,-15.32212],[-42.79743,-15.33863],[-42.7936,-15.3557],[-42.76154,-15.36626],[-42.77557,-15.30199],[-42.79688,-15.25624],[-42.81518,-15.23619],[-42.80209,-15.1934],[-42.78555,-15.18205],[-42.77777,-15.1603],[-42.80348,-15.08683],[-42.8273,-15.03904],[-42.8993,-15.03567],[-42.93688,-15.06795],[-42.9489,-15.11955],[-42.95904,-15.13082],[-43.02181,-15.14103],[-43.03718,-15.12236],[-43.04323,-15.16906],[-43.08559,-15.18667],[-43.14143,-15.17149],[-43.15677,-15.14963],[-43.18969,-15.15088],[-43.22206,-15.16003],[-43.26953,-15.15147]]]},"properties":{"GEOCODIGO":"3142908","NOME":"Monte Azul","UF":"MG"}},
{"type":"Feature","geometry":{"type":"Polygon","coordinates":[[[-43.24694,-15.25709],[-43.20741,-15.27709],[-43.2071,-15.32146],[-43.17362,-15.33623],[-43.1668,-15.35388],[-43.10851,-15.41128],[-43.10198,-15.43215],[-43.07824,-15.44986],[-43.06276,-15.40403],[-43.04204,-15.40502],[-43.02696,-15.37133],[-43.0091,-15.35861],[-42.99326,-15.37163],[-42.96654,-15.37704],[-42.94915,-15.38972],[-42.94332,-15.3595],[-42.9636,-15.32539],[-42.99368,-15.31877],[-43.02207,-15.33132],[-43.04935,-15.3201],[-43.10799,-15.2695],[-43.15726,-15.26389],[-43.19182,-15.23675],[-43.20806,-15.23301],[-43.23243,-15.25451],[-43.24694,-15.25709]]]},"properties":{"GEOCODIGO":"3115474","NOME":"Catuti","UF":"MG"}},
{"type":"Feature","geometry":{"type":"Polygon","coordinates":[[[-42.88638,-20.82424],[-42.88593,-20.84605],[-42.87741,-20.84636],[-42.85266,-20.87972],[-42.83668,-20.87136],[-42.80834,-20.87627],[-42.7957,-20.86609],[-42.76807,-20.88122],[-42.73002,-20.86086],[-42.70975,-20.83861],[-42.71288,-20.81522],[-42.7336,-20.80295],[-42.78816,-20.82314],[-42.81097,-20.80701],[-42.83004,-20.80885],[-42.84527,-20.81704],[-42.84554,-20.83701],[-42.88638,-20.82424]]]},"properties":{"GEOCODIGO":"3116704","NOME":"Coimbra","UF":"MG"}},
{"type":"Feature","geometry":{"type":"Polygon","coordinates":[[[-42.8623,-21.15686],[-42.84927,-21.16838],[-42.82257,-21.16953],[-42.80965,-21.18996],[-42.79966,-21.22855],[-42.81399,-21.26064],[-42.79544,-21.27155],[-42.77273,-21.27041],[-42.75614,-21.23482],[-42.75266,-21.20375],[-42.74662,-21.2016],[-42.70679,-21.14206],[-42.72552,-21.12221],[-42.7538,-21.10912],[-42.78146,-21.11308],[-42.79077,-21.09592],[-42.8306,-21.11207],[-42.84601,-21.10648],[-42.85638,-21.11685],[-42.8623,-21.15686]]]},"properties":{"GEOCODIGO":"3128808","NOME":"Guidoval","UF":"MG"}},
{"type":"Feature","geometry":{"type":"Polygon","coordinates":[[[-42.81399,-21.26064],[-42.81619,-21.2877],[-42.83401,-21.31379],[-42.81838,-21.32231],[-42.83946,-21.36511],[-42.83002,-21.38793],[-42.80927,-21.3479],[-42.771,-21.35663],[-42.76638,-21.34229],[-42.76825,-21.29512],[-42.79544,-21.27155],[-42.81399,-21.26064]]]},"properties":{"GEOCODIGO":"3122900","NOME":"Dona Eusébia","UF":"MG"}},
{"type":"Feature","geometry":{"type":"Polygon","coordinates":[[[-42.91405,-20.27587],[-42.89177,-20.2975],[-42.89791,-20.32645],[-42.86805,-20.33626],[-42.8051,-20.31809],[-42.78511,-20.30108],[-42.76286,-20.26887],[-42.77572,-20.24241],[-42.72358,-20.19058],[-42.72677,-20.16803],[-42.70758,-20.1497],[-42.74136,-20.12679],[-42.76101,-20.12239],[-42.77275,-20.12067],[-42.80844,-20.13948],[-42.83093,-20.16533],[-42.8408,-20.1914],[-42.87502,-20.20535],[-42.87516,-20.23414],[-42.88522,-20.25467],[-42.91063,-20.25522],[-42.91405,-20.27587]]]},"properties":{"GEOCODIGO":"3157401","NOME":"Santa Cruz do Escalvado","UF":"MG"}},
{"type":"Feature","geometry":{"type":"Polygon","coordinates":[[[-42.87441,-20.03593],[-42.89922,-20.06667],[-42.89594,-20.11734],[-42.86555,-20.12068],[-42.87063,-20.14453],[-42.85797,-20.15476],[-42.80844,-20.13948],[-42.77275,-20.12067],[-42.76101,-20.12239],[-42.75485,-20.10366],[-42.76041,-20.06994],[-42.77047,-20.05146],[-42.74175,-20.0447],[-42.75517,-20.01928],[-42.79708,-20.02088],[-42.83485,-20.01394],[-42.87441,-20.03593]]]},"properties":{"GEOCODIGO":"3165560","NOME":"Sem-Peixe","UF":"MG"}},
{"type":"Feature","geometry":{"type":"Polygon","coordinates":[[[-42.84074,-20.48765],[-42.86838,-20.53117],[-42.87011,-20.56007],[-42.83888,-20.58106],[-42.81711,-20.60571],[-42.80138,-20.60548],[-42.78641,-20.57835],[-42.76577,-20.56754],[-42.7571,-20.54883],[-42.72554,-20.53761],[-42.72391,-20.51936],[-42.75642,-20.51724],[-42.74727,-20.4874],[-42.75805,-20.45542],[-42.79677,-20.45896],[-42.83819,-20.50686],[-42.84074,-20.48765]]]},"properties":{"GEOCODIGO":"3102506","NOME":"Amparo do Serra","UF":"MG"}},
{"type":"Feature","geometry":{"type":"Polygon","coordinates":[[[-42.79936,-21.42454],[-42.80093,-21.44218],[-42.77096,-21.45603],[-42.7571,-21.43951],[-42.72711,-21.42879],[-42.69425,-21.43924],[-42.64755,-21.43762],[-42.61256,-21.41126],[-42.58763,-21.42574],[-42.53984,-21.44013],[-42.52402,-21.40002],[-42.53582,-21.3734],[-42.52855,-21.33559],[-42.50294,-21.31186],[-42.53149,-21.32951],[-42.56082,-21.33713],[-42.58459,-21.3549],[-42.62674,-21.34742],[-42.62959,-21.31214],[-42.6076,-21.29826],[-42.60582,-21.27337],[-42.58938,-21.26232],[-42.61274,-21.23285],[-42.62879,-21.24221],[-42.64382,-21.22283],[-42.67933,-21.23014],[-42.72696,-21.21813],[-42.75266,-21.20375],[-42.75614,-21.23482],[-42.77273,-21.27041],[-42.79544,-21.27155],[-42.76825,-21.29512],[-42.76638,-21.34229],[-42.771,-21.35663],[-42.7543,-21.36827],[-42.76454,-21.38667],[-42.79936,-21.42454]]]},"properties":{"GEOCODIGO":"3115300","NOME":"Cataguases","UF":"MG"}},
{"type":"Feature","geometry":{"type":"Polygon","coordinates":[[[-43.08329,-17.25237],[-43.0686,-17.25948],[-43.05901,-17.28846],[-43.00702,-17.33149],[-42.99848,-17.36106],[-42.96445,-17.33084],[-42.94426,-17.32131],[-42.87867,-17.36183],[-42.89014,-17.3979],[-42.86861,-17.40177],[-42.83498,-17.38644],[-42.81362,-17.40594],[-42.80274,-17.37579],[-42.77759,-17.36395],[-42.76523,-17.34208],[-42.73937,-17.35394],[-42.73296,-17.32897],[-42.70687,-17.34568],[-42.69896,-17.38123],[-42.67323,-17.40925],[-42.64534,-17.41192],[-42.61929,-17.4291],[-42.61951,-17.46777],[-42.59867,-17.50023],[-42.58436,-17.47603],[-42.55742,-17.48448],[-42.56518,-17.47769],[-42.58226,-17.40949],[-42.56903,-17.36021],[-42.57549,-17.3436],[-42.60015,-17.34165],[-42.60817,-17.38402],[-42.64429,-17.37077],[-42.69023,-17.32957],[-42.69256,-17.27493],[-42.69764,-17.2524],[-42.69028,-17.20236],[-42.6702,-17.18465],[-42.65779,-17.16198],[-42.69157,-17.1266],[-42.73861,-17.13558],[-42.77598,-17.17851],[-42.8257,-17.17771],[-42.81214,-17.1253],[-42.82129,-17.10605],[-42.80756,-17.08763],[-42.7935,-17.05036],[-42.79611,-17.02004],[-42.8219,-17.02501],[-42.83406,-17.0423],[-42.88462,-17.04894],[-42.90026,-17.03946],[-42.92423,-17.04841],[-42.9378,-17.08936],[-42.97595,-17.11749],[-42.98931,-17.14387],[-42.98462,-17.1642],[-43.00165,-17.18531],[-43.02566,-17.18508],[-43.06998,-17.22422],[-43.08329,-17.25237]]]},"properties":{"GEOCODIGO":"3169703","NOME":"Turmalina","UF":"MG"}},
{"type":"Feature","geometry":{"type":"Polygon","coordinates":[[[-42.83004,-20.80885],[-42.81097,-20.80701],[-42.78816,-20.82314],[-42.7336,-20.80295],[-42.71288,-20.81522],[-42.67922,-20.78039],[-42.68838,-20.77307],[-42.7227,-20.78066],[-42.72997,-20.74897],[-42.75351,-20.74455],[-42.78183,-20.75927],[-42.82637,-20.75614],[-42.83004,-20.80885]]]},"properties":{"GEOCODIGO":"3110202","NOME":"Cajuri","UF":"MG"}},
{"type":"Feature","geometry":{"type":"Polygon","coordinates":[[[-42.84074,-20.48765],[-42.83819,-20.50686],[-42.79677,-20.45896],[-42.75805,-20.45542],[-42.74671,-20.44905],[-42.74594,-20.39731],[-42.77072,-20.37028],[-42.78749,-20.36503],[-42.80092,-20.36014],[-42.81494,-20.39147],[-42.83233,-20.41014],[-42.82392,-20.42288],[-42.84074,-20.48765]]]},"properties":{"GEOCODIGO":"3145851","NOME":"Oratórios","UF":"MG"}},
{"type":"Feature","geometry":{"type":"Polygon","coordinates":[[[-42.79077,-21.09592],[-42.78146,-21.11308],[-42.7538,-21.10912],[-42.72552,-21.12221],[-42.70679,-21.14206],[-42.68155,-21.11503],[-42.6556,-21.07753],[-42.62707,-21.04092],[-42.63116,-21.01029],[-42.6121,-20.98595],[-42.62858,-20.97719],[-42.63147,-20.93826],[-42.65143,-20.91087],[-42.69349,-20.90725],[-42.72057,-20.89508],[-42.73055,-20.93814],[-42.75855,-20.96553],[-42.74819,-20.97177],[-42.75466,-21.00233],[-42.7674,-21.02298],[-42.76463,-21.06365],[-42.79077,-21.09592]]]},"properties":{"GEOCODIGO":"3129004","NOME":"Guiricema","UF":"MG"}},
{"type":"Feature","geometry":{"type":"Polygon","coordinates":[[[-42.77763,-19.79415],[-42.79809,-19.81926],[-42.82011,-19.82625],[-42.84208,-19.84388],[-42.85555,-19.89407],[-42.8365,-19.89344],[-42.82591,-19.91264],[-42.78136,-19.87192],[-42.76466,-19.85841],[-42.74157,-19.88161],[-42.72942,-19.87103],[-42.69658,-19.87574],[-42.67208,-19.8873],[-42.63474,-19.91511],[-42.61288,-19.89458],[-42.56333,-19.88283],[-42.55202,-19.88531],[-42.553,-19.86889],[-42.52269,-19.84641],[-42.50606,-19.82298],[-42.49936,-19.79784],[-42.47438,-19.77416],[-42.47825,-19.7522],[-42.4858,-19.78049],[-42.53063,-19.80889],[-42.61491,-19.78705],[-42.66089,-19.78946],[-42.67066,-19.7756],[-42.69603,-19.77591],[-42.70422,-19.75657],[-42.72208,-19.75754],[-42.73083,-19.78639],[-42.75389,-19.78295],[-42.77763,-19.79415]]]},"properties":{"GEOCODIGO":"3121803","NOME":"Dionísio","UF":"MG"}},
{"type":"Feature","geometry":{"type":"Polygon","coordinates":[[[-42.80138,-20.60548],[-42.76894,-20.61634],[-42.76966,-20.66745],[-42.74521,-20.6603],[-42.73418,-20.6697],[-42.69766,-20.65691],[-42.66825,-20.6352],[-42.64211,-20.58233],[-42.66347,-20.54076],[-42.70249,-20.5333],[-42.72391,-20.51936],[-42.72554,-20.53761],[-42.7571,-20.54883],[-42.76577,-20.56754],[-42.78641,-20.57835],[-42.80138,-20.60548]]]},"properties":{"GEOCODIGO":"3148806","NOME":"Pedra do Anta","UF":"MG"}},
{"type":"Feature","geometry":{"type":"Polygon","coordinates":[[[-42.78227,-20.67229],[-42.7898,-20.7096],[-42.76311,-20.72877],[-42.75351,-20.74455],[-42.72997,-20.74897],[-42.7227,-20.78066],[-42.68838,-20.77307],[-42.67922,-20.78039],[-42.71288,-20.81522],[-42.70975,-20.83861],[-42.66935,-20.81286],[-42.66027,-20.79075],[-42.66413,-20.76374],[-42.65038,-20.75829],[-42.63035,-20.7482],[-42.64707,-20.71815],[-42.66555,-20.69934],[-42.67858,-20.66813],[-42.69766,-20.65691],[-42.73418,-20.6697],[-42.74521,-20.6603],[-42.76966,-20.66745],[-42.78227,-20.67229]]]},"properties":{"GEOCODIGO":"3163805","NOME":"São Miguel do Anta","UF":"MG"}},
{"type":"Feature","geometry":{"type":"Polygon","coordinates":[[[-42.75266,-21.20375],[-42.72696,-21.21813],[-42.67933,-21.23014],[-42.64382,-21.22283],[-42.62879,-21.24221],[-42.61274,-21.23285],[-42.59235,-21.21605],[-42.5579,-21.2232],[-42.52952,-21.20249],[-42.52213,-21.17317],[-42.5626,-21.14587],[-42.55127,-21.13545],[-42.52352,-21.13229],[-42.51969,-21.1116],[-42.50185,-21.09102],[-42.52365,-21.07667],[-42.55661,-21.07334],[-42.54719,-21.04391],[-42.55927,-21.05564],[-42.58499,-21.05577],[-42.62302,-21.07563],[-42.6556,-21.07753],[-42.68155,-21.11503],[-42.70679,-21.14206],[-42.74662,-21.2016],[-42.75266,-21.20375]]]},"properties":{"GEOCODIGO":"3142205","NOME":"Miraí","UF":"MG"}},
{"type":"Feature","geometry":{"type":"Polygon","coordinates":[[[-42.8051,-20.31809],[-42.7863,-20.34261],[-42.78749,-20.36503],[-42.77072,-20.37028],[-42.74594,-20.39731],[-42.72877,-20.39368],[-42.69361,-20.36295],[-42.68911,-20.3444],[-42.66019,-20.32088],[-42.64247,-20.28734],[-42.65147,-20.27602],[-42.66569,-20.26716],[-42.67884,-20.28455],[-42.76286,-20.26887],[-42.78511,-20.30108],[-42.8051,-20.31809]]]},"properties":{"GEOCODIGO":"3170503","NOME":"Urucânia","UF":"MG"}},
{"type":"Feature","geometry":{"type":"Polygon","coordinates":[[[-42.86651,-18.12283],[-42.88914,-18.15809],[-42.93106,-18.18304],[-42.94509,-18.21911],[-42.91123,-18.29099],[-42.88426,-18.27573],[-42.87097,-18.28415],[-42.87215,-18.32494],[-42.86442,-18.35101],[-42.87305,-18.36545],[-42.83147,-18.36008],[-42.80045,-18.37968],[-42.79139,-18.35428],[-42.76178,-18.34475],[-42.7534,-18.32268],[-42.72934,-18.31835],[-42.72573,-18.28849],[-42.74659,-18.27886],[-42.77373,-18.25007],[-42.80608,-18.24026],[-42.76265,-18.213],[-42.80672,-18.20841],[-42.82028,-18.18999],[-42.8286,-18.09731],[-42.86651,-18.12283]]]},"properties":{"GEOCODIGO":"3116803","NOME":"Coluna","UF":"MG"}},
{"type":"Feature","geometry":{"type":"Polygon","coordinates":[[[-42.93163,-18.43923],[-42.91448,-18.46057],[-42.9112,-18.48747],[-42.92032,-18.51195],[-42.90637,-18.52962],[-42.91301,-18.54705],[-42.89564,-18.56022],[-42.86467,-18.56492],[-42.81831,-18.51835],[-42.81075,-18.44517],[-42.81659,-18.40889],[-42.80045,-18.37968],[-42.83147,-18.36008],[-42.87305,-18.36545],[-42.88783,-18.39246],[-42.91966,-18.39467],[-42.93163,-18.43923]]]},"properties":{"GEOCODIGO":"3148400","NOME":"Paulistas","UF":"MG"}},
{"type":"Feature","geometry":{"type":"Polygon","coordinates":[[[-42.89564,-18.56022],[-42.90981,-18.5813],[-42.88983,-18.60174],[-42.89208,-18.61852],[-42.87103,-18.65441],[-42.85036,-18.67432],[-42.82194,-18.67107],[-42.81464,-18.63471],[-42.79772,-18.61486],[-42.75967,-18.63215],[-42.73203,-18.6258],[-42.72039,-18.64733],[-42.71619,-18.6302],[-42.69184,-18.60618],[-42.68552,-18.58836],[-42.7036,-18.55963],[-42.70434,-18.50826],[-42.69306,-18.45413],[-42.69681,-18.41391],[-42.70903,-18.40035],[-42.711,-18.36809],[-42.7252,-18.34834],[-42.72934,-18.31835],[-42.7534,-18.32268],[-42.76178,-18.34475],[-42.79139,-18.35428],[-42.80045,-18.37968],[-42.81659,-18.40889],[-42.81075,-18.44517],[-42.81831,-18.51835],[-42.86467,-18.56492],[-42.89564,-18.56022]]]},"properties":{"GEOCODIGO":"3162807","NOME":"São João Evangelista","UF":"MG"}},
{"type":"Feature","geometry":{"type":"Polygon","coordinates":[[[-42.75805,-20.45542],[-42.74727,-20.4874],[-42.75642,-20.51724],[-42.72391,-20.51936],[-42.70249,-20.5333],[-42.66347,-20.54076],[-42.64211,-20.58233],[-42.62916,-20.59842],[-42.5811,-20.60518],[-42.55791,-20.59759],[-42.53456,-20.60362],[-42.52014,-20.58572],[-42.4878,-20.57853],[-42.48602,-20.55685],[-42.50222,-20.53799],[-42.50843,-20.47022],[-42.53041,-20.4568],[-42.52716,-20.42448],[-42.53166,-20.40921],[-42.51355,-20.36901],[-42.52749,-20.35443],[-42.54355,-20.35968],[-42.55327,-20.37641],[-42.60119,-20.37009],[-42.63719,-20.3742],[-42.65608,-20.35709],[-42.68911,-20.3444],[-42.69361,-20.36295],[-42.72877,-20.39368],[-42.74594,-20.39731],[-42.74671,-20.44905],[-42.75805,-20.45542]]]},"properties":{"GEOCODIGO":"3135506","NOME":"Jequeri","UF":"MG"}},
{"type":"Feature","geometry":{"type":"Polygon","coordinates":[[[-42.72358,-20.19058],[-42.77572,-20.24241],[-42.76286,-20.26887],[-42.67884,-20.28455],[-42.66569,-20.26716],[-42.66378,-20.25136],[-42.69194,-20.23259],[-42.67746,-20.20859],[-42.69744,-20.18962],[-42.72358,-20.19058]]]},"properties":{"GEOCODIGO":"3150208","NOME":"Piedade de Ponte Nova","UF":"MG"}},
{"type":"Feature","geometry":{"type":"Polygon","coordinates":[[[-42.9901,-16.68111],[-42.99348,-16.69814],[-42.9879,-16.73789],[-43.00409,-16.76318],[-42.96101,-16.77523],[-42.9457,-16.78984],[-42.93711,-16.82412],[-42.91773,-16.8443],[-42.89336,-16.83366],[-42.87457,-16.80774],[-42.85177,-16.80772],[-42.85032,-16.82393],[-42.8332,-16.84475],[-42.82695,-16.86623],[-42.80906,-16.87323],[-42.76324,-16.86388],[-42.7375,-16.85234],[-42.73445,-16.82831],[-42.68004,-16.8088],[-42.66123,-16.77952],[-42.64154,-16.77046],[-42.60051,-16.7315],[-42.62501,-16.71273],[-42.64956,-16.72935],[-42.67781,-16.7199],[-42.70482,-16.66396],[-42.73556,-16.65637],[-42.74274,-16.633],[-42.74056,-16.59139],[-42.73159,-16.56542],[-42.76561,-16.54387],[-42.80131,-16.55213],[-42.81004,-16.5804],[-42.83401,-16.59601],[-42.86809,-16.58082],[-42.90643,-16.59723],[-42.92821,-16.61354],[-42.95504,-16.66176],[-42.97498,-16.66145],[-42.9901,-16.68111]]]},"properties":{"GEOCODIGO":"3120300","NOME":"Cristália","UF":"MG"}},
{"type":"Feature","geometry":{"type":"Polygon","coordinates":[[[-42.79632,-19.7128],[-42.81127,-19.752],[-42.8038,-19.78722],[-42.77763,-19.79415],[-42.75389,-19.78295],[-42.73083,-19.78639],[-42.72208,-19.75754],[-42.70422,-19.75657],[-42.69603,-19.77591],[-42.67066,-19.7756],[-42.66089,-19.78946],[-42.61491,-19.78705],[-42.53063,-19.80889],[-42.4858,-19.78049],[-42.47825,-19.7522],[-42.48338,-19.72627],[-42.49633,-19.71999],[-42.50231,-19.68322],[-42.48103,-19.64786],[-42.49777,-19.63259],[-42.48978,-19.58662],[-42.52381,-19.55667],[-42.54147,-19.55898],[-42.56616,-19.58491],[-42.5797,-19.61508],[-42.63754,-19.59116],[-42.65286,-19.60293],[-42.63126,-19.63482],[-42.634,-19.65181],[-42.65233,-19.66897],[-42.7005,-19.69178],[-42.72715,-19.66803],[-42.74612,-19.68574],[-42.78978,-19.70134],[-42.79632,-19.7128]]]},"properties":{"GEOCODIGO":"3140308","NOME":"Marliéria","UF":"MG"}},
{"type":"Feature","geometry":{"type":"Polygon","coordinates":[[[-42.73002,-20.86086],[-42.72057,-20.89508],[-42.69349,-20.90725],[-42.65143,-20.91087],[-42.63147,-20.93826],[-42.62858,-20.97719],[-42.6121,-20.98595],[-42.58219,-20.9527],[-42.56623,-20.92117],[-42.54874,-20.89238],[-42.52485,-20.89191],[-42.51476,-20.86634],[-42.49836,-20.84427],[-42.4826,-20.78982],[-42.4788,-20.75914],[-42.54252,-20.77725],[-42.55868,-20.76628],[-42.57443,-20.7744],[-42.65038,-20.75829],[-42.66413,-20.76374],[-42.66027,-20.79075],[-42.66935,-20.81286],[-42.70975,-20.83861],[-42.73002,-20.86086]]]},"properties":{"GEOCODIGO":"3124005","NOME":"Ervália","UF":"MG"}},
{"type":"Feature","geometry":{"type":"Polygon","coordinates":[[[-42.62265,-21.70175],[-42.62505,-21.73857],[-42.65081,-21.7707],[-42.61751,-21.77859],[-42.60336,-21.81717],[-42.60809,-21.85171],[-42.58198,-21.83724],[-42.49621,-21.80262],[-42.46395,-21.78633],[-42.48223,-21.7435],[-42.48249,-21.71555],[-42.51512,-21.6975],[-42.55057,-21.69475],[-42.55932,-21.68061],[-42.58229,-21.68092],[-42.60768,-21.70077],[-42.62265,-21.70175]]]},"properties":{"GEOCODIGO":"3172103","NOME":"Volta Grande","UF":"MG"}},
{"type":"Feature","geometry":{"type":"Polygon","coordinates":[[[-42.75517,-20.01928],[-42.74175,-20.0447],[-42.77047,-20.05146],[-42.76041,-20.06994],[-42.75485,-20.10366],[-42.76101,-20.12239],[-42.74136,-20.12679],[-42.70758,-20.1497],[-42.72677,-20.16803],[-42.72358,-20.19058],[-42.69744,-20.18962],[-42.67746,-20.20859],[-42.69194,-20.23259],[-42.66378,-20.25136],[-42.66569,-20.26716],[-42.65147,-20.27602],[-42.63539,-20.26608],[-42.55558,-20.26697],[-42.55253,-20.2614],[-42.54602,-20.23132],[-42.53485,-20.22129],[-42.5455,-20.1922],[-42.56552,-20.17711],[-42.61717,-20.1632],[-42.62707,-20.15087],[-42.62092,-20.1235],[-42.63784,-20.05131],[-42.65077,-20.04525],[-42.65324,-19.98616],[-42.69425,-19.9984],[-42.71786,-20.016],[-42.72891,-20.0062],[-42.75517,-20.01928]]]},"properties":{"GEOCODIGO":"3154903","NOME":"Rio Casca","UF":"MG"}},
{"type":"Feature","geometry":{"type":"Polygon","coordinates":[[[-42.68636,-19.53901],[-42.70929,-19.55081],[-42.7145,-19.57167],[-42.7838,-19.62029],[-42.78914,-19.65231],[-42.80754,-19.69387],[-42.80072,-19.71201],[-42.79632,-19.7128],[-42.78978,-19.70134],[-42.74612,-19.68574],[-42.72715,-19.66803],[-42.7005,-19.69178],[-42.65233,-19.66897],[-42.634,-19.65181],[-42.63126,-19.63482],[-42.65286,-19.60293],[-42.63754,-19.59116],[-42.67425,-19.5865],[-42.69741,-19.61019],[-42.6962,-19.56322],[-42.68636,-19.53901]]]},"properties":{"GEOCODIGO":"3135001","NOME":"Jaguaraçu","UF":"MG"}},
{"type":"Feature","geometry":{"type":"Polygon","coordinates":[[[-42.78136,-19.87192],[-42.75569,-19.89081],[-42.7528,-19.90507],[-42.77696,-19.95761],[-42.77088,-19.97112],[-42.73717,-19.97661],[-42.72891,-20.0062],[-42.71786,-20.016],[-42.69425,-19.9984],[-42.65324,-19.98616],[-42.62691,-19.95576],[-42.63708,-19.92819],[-42.59,-19.91014],[-42.55202,-19.88531],[-42.56333,-19.88283],[-42.61288,-19.89458],[-42.63474,-19.91511],[-42.67208,-19.8873],[-42.69658,-19.87574],[-42.72942,-19.87103],[-42.74157,-19.88161],[-42.76466,-19.85841],[-42.78136,-19.87192]]]},"properties":{"GEOCODIGO":"3163409","NOME":"São José do Goiabal","UF":"MG"}},
{"type":"Feature","geometry":{"type":"Polygon","coordinates":[[[-43.02698,-15.79752],[-43.00524,-15.85075],[-42.94698,-15.91582],[-42.91087,-15.9243],[-42.90476,-15.95979],[-42.85543,-15.97027],[-42.85137,-15.97837],[-42.8634,-16.02099],[-42.82109,-15.98837],[-42.76612,-16.00947],[-42.75546,-16.02282],[-42.75059,-16.05272],[-42.72509,-16.04051],[-42.72107,-16.02259],[-42.74657,-15.99906],[-42.75966,-15.93221],[-42.77179,-15.93377],[-42.81117,-15.90806],[-42.81454,-15.87846],[-42.80004,-15.86525],[-42.80874,-15.84936],[-42.79412,-15.82421],[-42.7724,-15.81969],[-42.76251,-15.78479],[-42.77756,-15.73003],[-42.84257,-15.72692],[-42.85182,-15.7082],[-42.87973,-15.68659],[-42.91137,-15.70131],[-42.90255,-15.72398],[-42.91295,-15.7391],[-42.92026,-15.78592],[-42.94279,-15.81377],[-42.96381,-15.81333],[-42.99781,-15.80104],[-43.02698,-15.79752]]]},"properties":{"GEOCODIGO":"3166956","NOME":"Serranópolis de Minas","UF":"MG"}},
{"type":"Feature","geometry":{"type":"Polygon","coordinates":[[[-43.04204,-15.40502],[-43.01876,-15.40083],[-42.98543,-15.41502],[-42.97626,-15.43541],[-42.95115,-15.43112],[-42.93232,-15.46316],[-42.91713,-15.47511],[-42.91243,-15.49535],[-42.88201,-15.52423],[-42.82684,-15.54078],[-42.81432,-15.55567],[-42.81651,-15.58465],[-42.80459,-15.60576],[-42.80567,-15.59015],[-42.78601,-15.57983],[-42.77968,-15.55895],[-42.79216,-15.52186],[-42.78201,-15.48401],[-42.74393,-15.46483],[-42.74687,-15.43403],[-42.76263,-15.41488],[-42.75604,-15.3961],[-42.76154,-15.36626],[-42.7936,-15.3557],[-42.79743,-15.33863],[-42.83199,-15.32212],[-42.85782,-15.31759],[-42.8876,-15.32162],[-42.90371,-15.30421],[-42.93418,-15.32601],[-42.9636,-15.32539],[-42.94332,-15.3595],[-42.94915,-15.38972],[-42.96654,-15.37704],[-42.99326,-15.37163],[-43.0091,-15.35861],[-43.02696,-15.37133],[-43.04204,-15.40502]]]},"properties":{"GEOCODIGO":"3141009","NOME":"Mato Verde","UF":"MG"}},
{"type":"Feature","geometry":{"type":"Polygon","coordinates":[[[-42.79208,-19.40767],[-42.75944,-19.41981],[-42.7636,-19.44458],[-42.74628,-19.46917],[-42.74239,-19.5128],[-42.72417,-19.53095],[-42.665,-19.52685],[-42.65019,-19.52075],[-42.57694,-19.5364],[-42.57299,-19.51277],[-42.60366,-19.49145],[-42.59558,-19.46634],[-42.63684,-19.44744],[-42.6755,-19.45108],[-42.67508,-19.4295],[-42.69416,-19.41842],[-42.70603,-19.38936],[-42.68461,-19.36856],[-42.69745,-19.35289],[-42.712,-19.34333],[-42.74177,-19.35485],[-42.76469,-19.39276],[-42.79208,-19.40767]]]},"properties":{"GEOCODIGO":"3119401","NOME":"Coronel Fabriciano","UF":"MG"}},
{"type":"Feature","geometry":{"type":"Polygon","coordinates":[[[-42.69766,-20.65691],[-42.67858,-20.66813],[-42.66555,-20.69934],[-42.64707,-20.71815],[-42.63035,-20.7482],[-42.65038,-20.75829],[-42.62058,-20.75685],[-42.6148,-20.74398],[-42.58985,-20.74727],[-42.57629,-20.73289],[-42.57608,-20.7025],[-42.56724,-20.69148],[-42.56869,-20.64184],[-42.55791,-20.59759],[-42.5811,-20.60518],[-42.62916,-20.59842],[-42.64211,-20.58233],[-42.66825,-20.6352],[-42.69766,-20.65691]]]},"properties":{"GEOCODIGO":"3111705","NOME":"Canaã","UF":"MG"}},
{"type":"Feature","geometry":{"type":"Polygon","coordinates":[[[-42.61614,-18.99044],[-42.65573,-18.97566],[-42.68067,-18.95263],[-42.68614,-18.92293],[-42.7292,-18.91654],[-42.74439,-18.92312],[-42.75767,-18.89977],[-42.79289,-18.90078],[-42.79245,-18.9305],[-42.77672,-18.97827],[-42.80758,-19.00008],[-42.80483,-19.02444],[-42.78791,-19.03053],[-42.80717,-19.06737],[-42.80107,-19.09497],[-42.76678,-19.11938],[-42.7478,-19.14947],[-42.74844,-19.15197],[-42.73872,-19.16572],[-42.71795,-19.1585],[-42.70736,-19.12446],[-42.68925,-19.10194],[-42.66436,-19.09731],[-42.64427,-19.07237],[-42.61577,-19.05118],[-42.59597,-19.05149],[-42.58748,-19.02322],[-42.61066,-19.01217],[-42.61614,-18.99044]]]},"properties":{"GEOCODIGO":"3108800","NOME":"Braúnas","UF":"MG"}},
{"type":"Feature","geometry":{"type":"Polygon","coordinates":[[[-42.74844,-19.15197],[-42.78214,-19.15942],[-42.79258,-19.18782],[-42.76533,-19.21611],[-42.74351,-19.22672],[-42.73902,-19.25947],[-42.74411,-19.28085],[-42.72675,-19.32878],[-42.74177,-19.35485],[-42.712,-19.34333],[-42.69745,-19.35289],[-42.68514,-19.32317],[-42.67942,-19.28822],[-42.68694,-19.272],[-42.66183,-19.23541],[-42.64672,-19.18358],[-42.62242,-19.1453],[-42.62325,-19.11822],[-42.66203,-19.12528],[-42.66436,-19.09731],[-42.68925,-19.10194],[-42.70736,-19.12446],[-42.71795,-19.1585],[-42.73872,-19.16572],[-42.74844,-19.15197]]]},"properties":{"GEOCODIGO":"3136108","NOME":"Joanésia","UF":"MG"}},
{"type":"Feature","geometry":{"type":"Polygon","coordinates":[[[-42.6121,-20.98595],[-42.63116,-21.01029],[-42.62707,-21.04092],[-42.6556,-21.07753],[-42.62302,-21.07563],[-42.58499,-21.05577],[-42.55927,-21.05564],[-42.54719,-21.04391],[-42.55658,-21.01446],[-42.58052,-20.99042],[-42.56508,-20.96752],[-42.58219,-20.9527],[-42.6121,-20.98595]]]},"properties":{"GEOCODIGO":"3164431","NOME":"São Sebastião da Vargem Alegre","UF":"MG"}},
{"type":"Feature","geometry":{"type":"Polygon","coordinates":[[[-42.98476,-14.94099],[-43.00065,-14.9539],[-43.00291,-14.97285],[-43.01909,-14.99446],[-43.02104,-15.02332],[-43.03249,-15.0471],[-43.00998,-15.06575],[-43.02205,-15.101],[-43.03718,-15.12236],[-43.02181,-15.14103],[-42.95904,-15.13082],[-42.9489,-15.11955],[-42.93688,-15.06795],[-42.8993,-15.03567],[-42.87621,-14.97907],[-42.8511,-14.95157],[-42.87257,-14.925],[-42.9011,-14.91696],[-42.90296,-14.89427],[-42.92121,-14.89381],[-42.93933,-14.9185],[-42.98476,-14.94099]]]},"properties":{"GEOCODIGO":"3139250","NOME":"Mamonas","UF":"MG"}},
{"type":"Feature","geometry":{"type":"Polygon","coordinates":[[[-42.61274,-21.23285],[-42.58938,-21.26232],[-42.60582,-21.27337],[-42.6076,-21.29826],[-42.62959,-21.31214],[-42.62674,-21.34742],[-42.58459,-21.3549],[-42.56082,-21.33713],[-42.53149,-21.32951],[-42.50294,-21.31186],[-42.46302,-21.27011],[-42.46886,-21.26149],[-42.53312,-21.2306],[-42.52952,-21.20249],[-42.5579,-21.2232],[-42.59235,-21.21605],[-42.61274,-21.23285]]]},"properties":{"GEOCODIGO":"3158409","NOME":"Santana de Cataguases","UF":"MG"}},
{"type":"Feature","geometry":{"type":"Polygon","coordinates":[[[-42.65147,-20.27602],[-42.64247,-20.28734],[-42.66019,-20.32088],[-42.68911,-20.3444],[-42.65608,-20.35709],[-42.63719,-20.3742],[-42.60119,-20.37009],[-42.55327,-20.37641],[-42.54355,-20.35968],[-42.55789,-20.34344],[-42.54394,-20.29447],[-42.55558,-20.26697],[-42.63539,-20.26608],[-42.65147,-20.27602]]]},"properties":{"GEOCODIGO":"3160108","NOME":"Santo Antônio do Grama","UF":"MG"}},
{"type":"Feature","geometry":{"type":"Polygon","coordinates":[[[-42.86861,-17.40177],[-42.86942,-17.4296],[-42.88398,-17.44841],[-42.86951,-17.46856],[-42.87995,-17.49644],[-42.83667,-17.55505],[-42.80778,-17.54588],[-42.7737,-17.57746],[-42.77,-17.60507],[-42.74673,-17.61335],[-42.72068,-17.58727],[-42.73581,-17.56007],[-42.72353,-17.5477],[-42.68371,-17.55022],[-42.6532,-17.55131],[-42.66373,-17.58442],[-42.61664,-17.59846],[-42.58856,-17.63099],[-42.56442,-17.63495],[-42.5402,-17.62544],[-42.54829,-17.5919],[-42.57915,-17.56711],[-42.58001,-17.54378],[-42.59867,-17.50023],[-42.61951,-17.46777],[-42.61929,-17.4291],[-42.64534,-17.41192],[-42.67323,-17.40925],[-42.69896,-17.38123],[-42.70687,-17.34568],[-42.73296,-17.32897],[-42.73937,-17.35394],[-42.76523,-17.34208],[-42.77759,-17.36395],[-42.80274,-17.37579],[-42.81362,-17.40594],[-42.83498,-17.38644],[-42.86861,-17.40177]]]},"properties":{"GEOCODIGO":"3171071","NOME":"Veredinha","UF":"MG"}},
{"type":"Feature","geometry":{"type":"Polygon","coordinates":[[[-42.65038,-20.75829],[-42.57443,-20.7744],[-42.55868,-20.76628],[-42.54252,-20.77725],[-42.4788,-20.75914],[-42.47086,-20.74947],[-42.47938,-20.72404],[-42.46915,-20.68948],[-42.44691,-20.68502],[-42.40886,-20.65586],[-42.41005,-20.63477],[-42.38019,-20.58863],[-42.40725,-20.57667],[-42.44022,-20.55839],[-42.48602,-20.55685],[-42.4878,-20.57853],[-42.52014,-20.58572],[-42.53456,-20.60362],[-42.55791,-20.59759],[-42.56869,-20.64184],[-42.56724,-20.69148],[-42.57608,-20.7025],[-42.57629,-20.73289],[-42.58985,-20.74727],[-42.6148,-20.74398],[-42.62058,-20.75685],[-42.65038,-20.75829]]]},"properties":{"GEOCODIGO":"3103702","NOME":"Araponga","UF":"MG"}},
{"type":"Feature","geometry":{"type":"Polygon","coordinates":[[[-42.8286,-18.09731],[-42.82028,-18.18999],[-42.80672,-18.20841],[-42.76265,-18.213],[-42.74151,-18.20405],[-42.74056,-18.18689],[-42.6985,-18.188],[-42.69579,-18.15924],[-42.67434,-18.13491],[-42.68437,-18.10432],[-42.70295,-18.09132],[-42.72053,-18.09323],[-42.76826,-18.08113],[-42.78489,-18.10208],[-42.8286,-18.09731]]]},"properties":{"GEOCODIGO":"3126950","NOME":"Frei Lagonegro","UF":"MG"}},
{"type":"Feature","geometry":{"type":"Polygon","coordinates":[[[-42.71863,-18.65587],[-42.72072,-18.69505],[-42.77578,-18.70293],[-42.77223,-18.75359],[-42.7597,-18.80203],[-42.76639,-18.83055],[-42.74252,-18.85018],[-42.74405,-18.87642],[-42.72305,-18.89245],[-42.69872,-18.88733],[-42.65791,-18.90632],[-42.63158,-18.90404],[-42.60739,-18.92669],[-42.59169,-18.92166],[-42.57305,-18.95022],[-42.55579,-18.93664],[-42.56733,-18.91068],[-42.54422,-18.8684],[-42.55975,-18.83927],[-42.57592,-18.83572],[-42.60826,-18.87663],[-42.62039,-18.84821],[-42.63264,-18.84069],[-42.63097,-18.8125],[-42.65079,-18.78485],[-42.62932,-18.75491],[-42.60196,-18.75224],[-42.56621,-18.73013],[-42.53242,-18.72843],[-42.57134,-18.70359],[-42.59489,-18.71352],[-42.62083,-18.70284],[-42.62537,-18.67009],[-42.64631,-18.66094],[-42.65939,-18.66899],[-42.71863,-18.65587]]]},"properties":{"GEOCODIGO":"3171808","NOME":"Virginópolis","UF":"MG"}},
{"type":"Feature","geometry":{"type":"Polygon","coordinates":[[[-42.55932,-21.68061],[-42.55057,-21.69475],[-42.51512,-21.6975],[-42.48249,-21.71555],[-42.48223,-21.7435],[-42.46395,-21.78633],[-42.39078,-21.75973],[-42.37788,-21.74851],[-42.39902,-21.75303],[-42.42257,-21.74113],[-42.41913,-21.71739],[-42.43023,-21.70687],[-42.42477,-21.65975],[-42.43509,-21.64643],[-42.4488,-21.63625],[-42.4671,-21.65099],[-42.49904,-21.66006],[-42.53885,-21.65159],[-42.55932,-21.68061]]]},"properties":{"GEOCODIGO":"3124609","NOME":"Estrela Dalva","UF":"MG"}},
{"type":"Feature","geometry":{"type":"Polygon","coordinates":[[[-42.76265,-18.213],[-42.80608,-18.24026],[-42.77373,-18.25007],[-42.74659,-18.27886],[-42.72573,-18.28849],[-42.72934,-18.31835],[-42.7252,-18.34834],[-42.711,-18.36809],[-42.69452,-18.3887],[-42.67181,-18.36791],[-42.66948,-18.34663],[-42.63847,-18.28764],[-42.61953,-18.26877],[-42.59622,-18.28463],[-42.56347,-18.28977],[-42.55542,-18.27851],[-42.56153,-18.25021],[-42.55337,-18.23419],[-42.58127,-18.1846],[-42.62039,-18.16752],[-42.63164,-18.14235],[-42.68437,-18.10432],[-42.67434,-18.13491],[-42.69579,-18.15924],[-42.6985,-18.188],[-42.74056,-18.18689],[-42.74151,-18.20405],[-42.76265,-18.213]]]},"properties":{"GEOCODIGO":"3163508","NOME":"São José do Jacuri","UF":"MG"}},
{"type":"Feature","geometry":{"type":"Polygon","coordinates":[[[-42.68636,-19.53901],[-42.6962,-19.56322],[-42.69741,-19.61019],[-42.67425,-19.5865],[-42.63754,-19.59116],[-42.5797,-19.61508],[-42.56616,-19.58491],[-42.54147,-19.55898],[-42.52381,-19.55667],[-42.51111,-19.55127],[-42.50283,-19.5158],[-42.51443,-19.49196],[-42.53672,-19.49777],[-42.54008,-19.51257],[-42.57299,-19.51277],[-42.57694,-19.5364],[-42.65019,-19.52075],[-42.665,-19.52685],[-42.68636,-19.53901]]]},"properties":{"GEOCODIGO":"3168705","NOME":"Timóteo","UF":"MG"}},
{"type":"Feature","geometry":{"type":"Polygon","coordinates":[[[-42.45255,-21.43915],[-42.4657,-21.43644],[-42.47463,-21.4727],[-42.48698,-21.47184],[-42.52476,-21.5095],[-42.55492,-21.5186],[-42.55857,-21.53297],[-42.51697,-21.55915],[-42.49978,-21.55631],[-42.47169,-21.57893],[-42.42935,-21.58482],[-42.41085,-21.60163],[-42.40606,-21.57719],[-42.35273,-21.59158],[-42.34585,-21.58248],[-42.36165,-21.53619],[-42.35618,-21.49316],[-42.3801,-21.4743],[-42.3921,-21.44532],[-42.42098,-21.44725],[-42.45255,-21.43915]]]},"properties":{"GEOCODIGO":"3154101","NOME":"Recreio","UF":"MG"}},
{"type":"Feature","geometry":{"type":"Polygon","coordinates":[[[-42.68461,-19.36856],[-42.70603,-19.38936],[-42.69416,-19.41842],[-42.67508,-19.4295],[-42.6755,-19.45108],[-42.63684,-19.44744],[-42.59558,-19.46634],[-42.60366,-19.49145],[-42.57299,-19.51277],[-42.54008,-19.51257],[-42.53672,-19.49777],[-42.51443,-19.49196],[-42.50272,-19.4913],[-42.50863,-19.46589],[-42.53733,-19.45045],[-42.55919,-19.40168],[-42.58928,-19.39731],[-42.59366,-19.37845],[-42.63053,-19.37267],[-42.66583,-19.39115],[-42.67622,-19.38177],[-42.68461,-19.36856]]]},"properties":{"GEOCODIGO":"3131307","NOME":"Ipatinga","UF":"MG"}},
{"type":"Feature","geometry":{"type":"Polygon","coordinates":[[[-42.65324,-19.98616],[-42.65077,-20.04525],[-42.63784,-20.05131],[-42.62092,-20.1235],[-42.62707,-20.15087],[-42.61717,-20.1632],[-42.56552,-20.17711],[-42.5455,-20.1922],[-42.53485,-20.22129],[-42.54602,-20.23132],[-42.55253,-20.2614],[-42.53747,-20.25809],[-42.51844,-20.21149],[-42.49625,-20.19408],[-42.47789,-20.15538],[-42.50535,-20.13917],[-42.52325,-20.13755],[-42.52932,-20.07997],[-42.50333,-20.0505],[-42.50886,-20.02789],[-42.50095,-20.00405],[-42.50164,-19.9707],[-42.53178,-19.96081],[-42.55202,-19.88531],[-42.59,-19.91014],[-42.63708,-19.92819],[-42.62691,-19.95576],[-42.65324,-19.98616]]]},"properties":{"GEOCODIGO":"3164001","NOME":"São Pedro dos Ferros","UF":"MG"}},
{"type":"Feature","geometry":{"type":"Polygon","coordinates":[[[-42.58219,-20.9527],[-42.56508,-20.96752],[-42.58052,-20.99042],[-42.55658,-21.01446],[-42.54719,-21.04391],[-42.52521,-21.02915],[-42.51127,-21.00572],[-42.47871,-21.00183],[-42.44283,-21.01633],[-42.42455,-20.98405],[-42.43101,-20.95241],[-42.46087,-20.96461],[-42.49329,-20.95421],[-42.50005,-20.94168],[-42.52913,-20.93732],[-42.56623,-20.92117],[-42.58219,-20.9527]]]},"properties":{"GEOCODIGO":"3156452","NOME":"Rosário da Limeira","UF":"MG"}},
{"type":"Feature","geometry":{"type":"Polygon","coordinates":[[[-42.69745,-19.35289],[-42.68461,-19.36856],[-42.67622,-19.38177],[-42.67329,-19.36818],[-42.63319,-19.35762],[-42.62503,-19.3372],[-42.59685,-19.32156],[-42.56586,-19.29002],[-42.55517,-19.29573],[-42.55131,-19.25391],[-42.53994,-19.24301],[-42.53597,-19.21457],[-42.51936,-19.18969],[-42.51852,-19.1568],[-42.53177,-19.16251],[-42.57629,-19.16364],[-42.58681,-19.14411],[-42.62325,-19.11822],[-42.62242,-19.1453],[-42.64672,-19.18358],[-42.66183,-19.23541],[-42.68694,-19.272],[-42.67942,-19.28822],[-42.68514,-19.32317],[-42.69745,-19.35289]]]},"properties":{"GEOCODIGO":"3141702","NOME":"Mesquita","UF":"MG"}},
{"type":"Feature","geometry":{"type":"Polygon","coordinates":[[[-42.54719,-21.04391],[-42.55661,-21.07334],[-42.52365,-21.07667],[-42.50185,-21.09102],[-42.51969,-21.1116],[-42.52352,-21.13229],[-42.55127,-21.13545],[-42.5626,-21.14587],[-42.52213,-21.17317],[-42.52952,-21.20249],[-42.53312,-21.2306],[-42.46886,-21.26149],[-42.46302,-21.27011],[-42.42835,-21.25492],[-42.40846,-21.27087],[-42.39865,-21.30077],[-42.36411,-21.30621],[-42.34692,-21.30151],[-42.33179,-21.27224],[-42.34294,-21.24395],[-42.36247,-21.23319],[-42.36232,-21.21717],[-42.32746,-21.21032],[-42.32324,-21.18112],[-42.2993,-21.12272],[-42.29744,-21.08719],[-42.28299,-21.06788],[-42.25763,-21.05987],[-42.30273,-21.01887],[-42.29863,-20.99993],[-42.2961,-20.99227],[-42.34794,-20.95768],[-42.37899,-20.95521],[-42.41683,-20.94271],[-42.4443,-20.89948],[-42.4405,-20.8749],[-42.46327,-20.86832],[-42.51476,-20.86634],[-42.52485,-20.89191],[-42.54874,-20.89238],[-42.56623,-20.92117],[-42.52913,-20.93732],[-42.50005,-20.94168],[-42.49329,-20.95421],[-42.46087,-20.96461],[-42.43101,-20.95241],[-42.42455,-20.98405],[-42.44283,-21.01633],[-42.47871,-21.00183],[-42.51127,-21.00572],[-42.52521,-21.02915],[-42.54719,-21.04391]]]},"properties":{"GEOCODIGO":"3143906","NOME":"Muriaé","UF":"MG"}},
{"type":"Feature","geometry":{"type":"Polygon","coordinates":[[[-42.50294,-21.31186],[-42.52855,-21.33559],[-42.53582,-21.3734],[-42.52402,-21.40002],[-42.49514,-21.39092],[-42.47726,-21.41767],[-42.45255,-21.43915],[-42.42098,-21.44725],[-42.3921,-21.44532],[-42.37743,-21.4209],[-42.39066,-21.39213],[-42.39276,-21.36726],[-42.42363,-21.34912],[-42.39865,-21.30077],[-42.40846,-21.27087],[-42.42835,-21.25492],[-42.46302,-21.27011],[-42.50294,-21.31186]]]},"properties":{"GEOCODIGO":"3138005","NOME":"Laranjal","UF":"MG"}},
{"type":"Feature","geometry":{"type":"Polygon","coordinates":[[[-42.79611,-17.02004],[-42.7935,-17.05036],[-42.80756,-17.08763],[-42.82129,-17.10605],[-42.81214,-17.1253],[-42.8257,-17.17771],[-42.77598,-17.17851],[-42.73861,-17.13558],[-42.69157,-17.1266],[-42.62698,-17.10329],[-42.62929,-17.08923],[-42.65712,-17.06045],[-42.6807,-17.04455],[-42.70659,-17.03742],[-42.70237,-16.96707],[-42.73926,-16.95911],[-42.75781,-16.94451],[-42.77714,-16.98138],[-42.79986,-17.00011],[-42.79611,-17.02004]]]},"properties":{"GEOCODIGO":"3138351","NOME":"Leme do Prado","UF":"MG"}},
{"type":"Feature","geometry":{"type":"Polygon","coordinates":[[[-42.67622,-19.38177],[-42.66583,-19.39115],[-42.63053,-19.37267],[-42.59366,-19.37845],[-42.58928,-19.39731],[-42.55919,-19.40168],[-42.53733,-19.45045],[-42.50863,-19.46589],[-42.50272,-19.4913],[-42.49152,-19.49255],[-42.4728,-19.46415],[-42.44166,-19.46533],[-42.43177,-19.44043],[-42.4147,-19.39344],[-42.42497,-19.36776],[-42.41136,-19.35344],[-42.4195,-19.33603],[-42.42345,-19.35178],[-42.4555,-19.35815],[-42.47283,-19.34],[-42.51874,-19.32263],[-42.55517,-19.29573],[-42.56586,-19.29002],[-42.59685,-19.32156],[-42.62503,-19.3372],[-42.63319,-19.35762],[-42.67329,-19.36818],[-42.67622,-19.38177]]]},"properties":{"GEOCODIGO":"3158953","NOME":"Santana do Paraíso","UF":"MG"}},
{"type":"Feature","geometry":{"type":"Polygon","coordinates":[[[-42.72039,-18.64733],[-42.71863,-18.65587],[-42.65939,-18.66899],[-42.64631,-18.66094],[-42.62537,-18.67009],[-42.62083,-18.70284],[-42.59489,-18.71352],[-42.57134,-18.70359],[-42.53242,-18.72843],[-42.48875,-18.72545],[-42.47511,-18.73553],[-42.471,-18.73837],[-42.38078,-18.73895],[-42.35214,-18.74329],[-42.36306,-18.73182],[-42.36315,-18.64468],[-42.42039,-18.60794],[-42.41528,-18.59979],[-42.42986,-18.56777],[-42.45842,-18.56474],[-42.43277,-18.51894],[-42.41264,-18.51583],[-42.38831,-18.52576],[-42.37106,-18.51733],[-42.40901,-18.48093],[-42.40278,-18.43425],[-42.39017,-18.42],[-42.38428,-18.37212],[-42.39777,-18.35358],[-42.42175,-18.35627],[-42.47184,-18.34649],[-42.49395,-18.33223],[-42.52234,-18.3468],[-42.54342,-18.34402],[-42.54958,-18.36864],[-42.56289,-18.3694],[-42.57842,-18.4275],[-42.61444,-18.41622],[-42.6068,-18.51377],[-42.61194,-18.53448],[-42.5967,-18.56879],[-42.62478,-18.57437],[-42.65786,-18.60137],[-42.6708,-18.58111],[-42.68552,-18.58836],[-42.69184,-18.60618],[-42.71619,-18.6302],[-42.72039,-18.64733]]]},"properties":{"GEOCODIGO":"3148608","NOME":"Peçanha","UF":"MG"}},
{"type":"Feature","geometry":{"type":"Polygon","coordinates":[[[-42.70434,-18.50826],[-42.7036,-18.55963],[-42.68552,-18.58836],[-42.6708,-18.58111],[-42.65786,-18.60137],[-42.62478,-18.57437],[-42.5967,-18.56879],[-42.61194,-18.53448],[-42.6068,-18.51377],[-42.61444,-18.41622],[-42.63956,-18.43832],[-42.656,-18.43032],[-42.68289,-18.48843],[-42.70434,-18.50826]]]},"properties":{"GEOCODIGO":"3112059","NOME":"Cantagalo","UF":"MG"}},
{"type":"Feature","geometry":{"type":"Polygon","coordinates":[[[-42.711,-18.36809],[-42.70903,-18.40035],[-42.69681,-18.41391],[-42.69306,-18.45413],[-42.70434,-18.50826],[-42.68289,-18.48843],[-42.656,-18.43032],[-42.63956,-18.43832],[-42.61444,-18.41622],[-42.57842,-18.4275],[-42.56289,-18.3694],[-42.54958,-18.36864],[-42.54342,-18.34402],[-42.52234,-18.3468],[-42.49395,-18.33223],[-42.47184,-18.34649],[-42.45194,-18.33517],[-42.45639,-18.31352],[-42.49178,-18.2662],[-42.51898,-18.25427],[-42.52551,-18.2333],[-42.55337,-18.23419],[-42.56153,-18.25021],[-42.55542,-18.27851],[-42.56347,-18.28977],[-42.59622,-18.28463],[-42.61953,-18.26877],[-42.63847,-18.28764],[-42.66948,-18.34663],[-42.67181,-18.36791],[-42.69452,-18.3887],[-42.711,-18.36809]]]},"properties":{"GEOCODIGO":"3164100","NOME":"São Pedro do Suaçuí","UF":"MG"}},
{"type":"Feature","geometry":{"type":"Polygon","coordinates":[[[-42.66436,-19.09731],[-42.66203,-19.12528],[-42.62325,-19.11822],[-42.58681,-19.14411],[-42.57629,-19.16364],[-42.53177,-19.16251],[-42.51852,-19.1568],[-42.46605,-19.16097],[-42.43209,-19.18515],[-42.41258,-19.18815],[-42.40664,-19.20677],[-42.37218,-19.22041],[-42.40033,-19.18679],[-42.357,-19.15162],[-42.35211,-19.11478],[-42.35545,-19.09646],[-42.33255,-19.0836],[-42.30238,-19.08716],[-42.27003,-19.04742],[-42.238,-19.01632],[-42.22391,-19.02255],[-42.20504,-19.00111],[-42.20896,-18.9842],[-42.24636,-18.9933],[-42.25333,-18.97856],[-42.27747,-18.97229],[-42.30858,-18.9608],[-42.3562,-18.96009],[-42.36269,-18.92524],[-42.39084,-18.92721],[-42.43075,-18.94241],[-42.45328,-18.93963],[-42.48669,-18.96223],[-42.4968,-18.94349],[-42.51416,-18.95582],[-42.54189,-18.95298],[-42.54586,-18.96083],[-42.59581,-18.96247],[-42.61614,-18.99044],[-42.61066,-19.01217],[-42.58748,-19.02322],[-42.59597,-19.05149],[-42.61577,-19.05118],[-42.64427,-19.07237],[-42.66436,-19.09731]]]},"properties":{"GEOCODIGO":"3100500","NOME":"Açucena","UF":"MG"}},
{"type":"Feature","geometry":{"type":"Polygon","coordinates":[[[-42.55558,-20.26697],[-42.54394,-20.29447],[-42.55789,-20.34344],[-42.54355,-20.35968],[-42.52749,-20.35443],[-42.51355,-20.36901],[-42.53166,-20.40921],[-42.52716,-20.42448],[-42.50491,-20.41895],[-42.46642,-20.42667],[-42.45661,-20.43785],[-42.43371,-20.43525],[-42.41955,-20.41474],[-42.42094,-20.37125],[-42.41504,-20.34965],[-42.41211,-20.31967],[-42.3918,-20.28073],[-42.37816,-20.28453],[-42.36647,-20.25188],[-42.32123,-20.23364],[-42.32624,-20.21372],[-42.31499,-20.20169],[-42.32194,-20.1815],[-42.31102,-20.14221],[-42.3528,-20.13925],[-42.38041,-20.12105],[-42.4201,-20.14377],[-42.4186,-20.16162],[-42.44772,-20.19366],[-42.49625,-20.19408],[-42.51844,-20.21149],[-42.53747,-20.25809],[-42.55253,-20.2614],[-42.55558,-20.26697]]]},"properties":{"GEOCODIGO":"3100302","NOME":"Abre Campo","UF":"MG"}},
{"type":"Feature","geometry":{"type":"Polygon","coordinates":[[[-42.51476,-20.86634],[-42.46327,-20.86832],[-42.4405,-20.8749],[-42.4443,-20.89948],[-42.41683,-20.94271],[-42.37899,-20.95521],[-42.34794,-20.95768],[-42.33564,-20.92146],[-42.32096,-20.90257],[-42.30135,-20.90803],[-42.29541,-20.87197],[-42.26664,-20.86089],[-42.26004,-20.84186],[-42.27596,-20.85836],[-42.30133,-20.86064],[-42.32513,-20.84977],[-42.35149,-20.81327],[-42.34518,-20.80489],[-42.3615,-20.77749],[-42.39233,-20.75288],[-42.41732,-20.76862],[-42.44035,-20.7519],[-42.47086,-20.74947],[-42.4788,-20.75914],[-42.4826,-20.78982],[-42.49836,-20.84427],[-42.51476,-20.86634]]]},"properties":{"GEOCODIGO":"3142106","NOME":"Miradouro","UF":"MG"}},
{"type":"Feature","geometry":{"type":"Polygon","coordinates":[[[-42.70295,-18.09132],[-42.68437,-18.10432],[-42.63164,-18.14235],[-42.62039,-18.16752],[-42.58127,-18.1846],[-42.5393,-18.15993],[-42.50997,-18.16299],[-42.48733,-18.18435],[-42.46478,-18.1777],[-42.47033,-18.12296],[-42.45972,-18.11595],[-42.45661,-18.06531],[-42.43238,-18.0452],[-42.42165,-18.00494],[-42.42643,-17.97108],[-42.43831,-17.96126],[-42.43579,-17.93811],[-42.48128,-17.90435],[-42.48623,-17.92612],[-42.53617,-17.94587],[-42.56345,-17.9508],[-42.57011,-17.97687],[-42.60689,-17.99234],[-42.60509,-17.99989],[-42.64478,-18.04591],[-42.66497,-18.04807],[-42.69517,-18.06964],[-42.70295,-18.09132]]]},"properties":{"GEOCODIGO":"3164506","NOME":"São Sebastião do Maranhão","UF":"MG"}},
{"type":"Feature","geometry":{"type":"Polygon","coordinates":[[[-42.53242,-18.72843],[-42.56621,-18.73013],[-42.60196,-18.75224],[-42.62932,-18.75491],[-42.65079,-18.78485],[-42.63097,-18.8125],[-42.63264,-18.84069],[-42.62039,-18.84821],[-42.60826,-18.87663],[-42.57592,-18.83572],[-42.57939,-18.79752],[-42.56386,-18.77504],[-42.54722,-18.7944],[-42.52275,-18.77867],[-42.50503,-18.78646],[-42.5033,-18.7614],[-42.47511,-18.73553],[-42.48875,-18.72545],[-42.53242,-18.72843]]]},"properties":{"GEOCODIGO":"3122207","NOME":"Divinolândia de Minas","UF":"MG"}},
{"type":"Feature","geometry":{"type":"Polygon","coordinates":[[[-42.43509,-21.64643],[-42.42477,-21.65975],[-42.43023,-21.70687],[-42.41913,-21.71739],[-42.42257,-21.74113],[-42.39902,-21.75303],[-42.37788,-21.74851],[-42.33542,-21.74576],[-42.3068,-21.72904],[-42.26976,-21.7166],[-42.2662,-21.68998],[-42.30137,-21.65482],[-42.34268,-21.65922],[-42.34743,-21.64148],[-42.36873,-21.61948],[-42.35273,-21.59158],[-42.40606,-21.57719],[-42.41085,-21.60163],[-42.43509,-21.64643]]]},"properties":{"GEOCODIGO":"3151107","NOME":"Pirapetinga","UF":"MG"}},
{"type":"Feature","geometry":{"type":"Polygon","coordinates":[[[-42.52716,-20.42448],[-42.53041,-20.4568],[-42.50843,-20.47022],[-42.50222,-20.53799],[-42.48602,-20.55685],[-42.44022,-20.55839],[-42.40725,-20.57667],[-42.41482,-20.56104],[-42.40696,-20.53355],[-42.38574,-20.504],[-42.40428,-20.48213],[-42.40338,-20.45226],[-42.43371,-20.43525],[-42.45661,-20.43785],[-42.46642,-20.42667],[-42.50491,-20.41895],[-42.52716,-20.42448]]]},"properties":{"GEOCODIGO":"3166303","NOME":"Sericita","UF":"MG"}},
{"type":"Feature","geometry":{"type":"Polygon","coordinates":[[[-42.7375,-16.85234],[-42.72982,-16.87129],[-42.75687,-16.8848],[-42.74329,-16.90745],[-42.76101,-16.92786],[-42.75781,-16.94451],[-42.73926,-16.95911],[-42.70237,-16.96707],[-42.70659,-17.03742],[-42.6807,-17.04455],[-42.66506,-17.01086],[-42.64123,-16.99624],[-42.61023,-16.96324],[-42.5752,-16.94646],[-42.55189,-16.94781],[-42.53901,-16.90854],[-42.55687,-16.89663],[-42.56263,-16.86584],[-42.59506,-16.81888],[-42.63923,-16.79618],[-42.64154,-16.77046],[-42.66123,-16.77952],[-42.68004,-16.8088],[-42.73445,-16.82831],[-42.7375,-16.85234]]]},"properties":{"GEOCODIGO":"3136520","NOME":"José Gonçalves de Minas","UF":"MG"}},
{"type":"Feature","geometry":{"type":"Polygon","coordinates":[[[-42.59962,-17.72268],[-42.64392,-17.77702],[-42.65765,-17.81462],[-42.6515,-17.82399],[-42.67811,-17.86563],[-42.67745,-17.90002],[-42.64378,-17.92317],[-42.6331,-17.95626],[-42.62077,-17.9615],[-42.60689,-17.99234],[-42.57011,-17.97687],[-42.56345,-17.9508],[-42.53617,-17.94587],[-42.48623,-17.92612],[-42.50728,-17.92914],[-42.5533,-17.9014],[-42.54706,-17.87122],[-42.56931,-17.85044],[-42.56301,-17.82987],[-42.58606,-17.81898],[-42.61517,-17.76911],[-42.61395,-17.75024],[-42.59962,-17.72268]]]},"properties":{"GEOCODIGO":"3104452","NOME":"Aricanduva","UF":"MG"}},
{"type":"Feature","geometry":{"type":"Polygon","coordinates":[[[-42.77756,-15.73003],[-42.76251,-15.78479],[-42.7724,-15.81969],[-42.79412,-15.82421],[-42.80874,-15.84936],[-42.80004,-15.86525],[-42.81454,-15.87846],[-42.81117,-15.90806],[-42.77179,-15.93377],[-42.75966,-15.93221],[-42.74657,-15.99906],[-42.72107,-16.02259],[-42.72509,-16.04051],[-42.70284,-16.09379],[-42.70598,-16.15658],[-42.68043,-16.14937],[-42.66533,-16.12283],[-42.66524,-16.07444],[-42.63171,-16.00832],[-42.63851,-15.99655],[-42.63192,-15.96824],[-42.61486,-15.95272],[-42.58482,-15.97053],[-42.56098,-15.95855],[-42.5176,-15.95999],[-42.49912,-15.95202],[-42.47376,-15.95689],[-42.45226,-15.95089],[-42.43181,-15.93078],[-42.41979,-15.9012],[-42.39551,-15.90254],[-42.37437,-15.88745],[-42.35096,-15.85894],[-42.32701,-15.84984],[-42.3039,-15.8268],[-42.27479,-15.81844],[-42.25948,-15.78767],[-42.23804,-15.78208],[-42.23024,-15.76394],[-42.19495,-15.74805],[-42.2154,-15.6979],[-42.22962,-15.70189],[-42.25734,-15.686],[-42.27598,-15.66538],[-42.28971,-15.63401],[-42.30831,-15.61015],[-42.32246,-15.567],[-42.31657,-15.55632],[-42.30679,-15.49333],[-42.316,-15.4701],[-42.38566,-15.4729],[-42.39354,-15.45814],[-42.42023,-15.45103],[-42.40121,-15.4119],[-42.41562,-15.40231],[-42.43301,-15.41651],[-42.4699,-15.42893],[-42.48957,-15.41743],[-42.51665,-15.42933],[-42.53301,-15.49461],[-42.5504,-15.49294],[-42.57218,-15.46068],[-42.5976,-15.45007],[-42.59874,-15.4169],[-42.6127,-15.42006],[-42.64727,-15.40724],[-42.69062,-15.4106],[-42.69532,-15.42315],[-42.72637,-15.41187],[-42.73941,-15.39327],[-42.75604,-15.3961],[-42.76263,-15.41488],[-42.74687,-15.43403],[-42.74393,-15.46483],[-42.78201,-15.48401],[-42.79216,-15.52186],[-42.77968,-15.55895],[-42.78601,-15.57983],[-42.80567,-15.59015],[-42.80459,-15.60576],[-42.80198,-15.64646],[-42.77498,-15.66017],[-42.78668,-15.67389],[-42.77756,-15.73003]]]},"properties":{"GEOCODIGO":"3155603","NOME":"Rio Pardo de Minas","UF":"MG"}},
{"type":"Feature","geometry":{"type":"Polygon","coordinates":[[[-42.55202,-19.88531],[-42.53178,-19.96081],[-42.50164,-19.9707],[-42.50095,-20.00405],[-42.50886,-20.02789],[-42.50333,-20.0505],[-42.52932,-20.07997],[-42.52325,-20.13755],[-42.50535,-20.13917],[-42.47789,-20.15538],[-42.49625,-20.19408],[-42.44772,-20.19366],[-42.4186,-20.16162],[-42.4201,-20.14377],[-42.38041,-20.12105],[-42.3528,-20.13925],[-42.31102,-20.14221],[-42.30894,-20.11624],[-42.25497,-20.09567],[-42.24761,-20.08301],[-42.2843,-20.07785],[-42.32305,-20.05113],[-42.30769,-20.00668],[-42.26283,-20.00012],[-42.25881,-19.9705],[-42.23722,-19.99162],[-42.21475,-19.9891],[-42.19764,-20.00358],[-42.1637,-19.98989],[-42.15975,-19.95815],[-42.17669,-19.92474],[-42.21878,-19.93072],[-42.23592,-19.92566],[-42.29856,-19.93671],[-42.35616,-19.9275],[-42.35647,-19.88449],[-42.36949,-19.87777],[-42.36976,-19.85278],[-42.38969,-19.85796],[-42.44177,-19.8426],[-42.44286,-19.86683],[-42.45758,-19.89981],[-42.48649,-19.89639],[-42.51469,-19.90671],[-42.55202,-19.88531]]]},"properties":{"GEOCODIGO":"3154002","NOME":"Raul Soares","UF":"MG"}},
{"type":"Feature","geometry":{"type":"Polygon","coordinates":[[[-42.55202,-19.88531],[-42.51469,-19.90671],[-42.48649,-19.89639],[-42.45758,-19.89981],[-42.44286,-19.86683],[-42.44177,-19.8426],[-42.38969,-19.85796],[-42.36976,-19.85278],[-42.36664,-19.83177],[-42.33485,-19.79855],[-42.36052,-19.77711],[-42.36342,-19.76021],[-42.38222,-19.77757],[-42.43953,-19.76096],[-42.47438,-19.77416],[-42.49936,-19.79784],[-42.50606,-19.82298],[-42.52269,-19.84641],[-42.553,-19.86889],[-42.55202,-19.88531]]]},"properties":{"GEOCODIGO":"3120003","NOME":"Córrego Novo","UF":"MG"}},
{"type":"Feature","geometry":{"type":"Polygon","coordinates":[[[-42.38019,-20.58863],[-42.41005,-20.63477],[-42.40886,-20.65586],[-42.44691,-20.68502],[-42.46915,-20.68948],[-42.47938,-20.72404],[-42.47086,-20.74947],[-42.44035,-20.7519],[-42.41732,-20.76862],[-42.39233,-20.75288],[-42.3615,-20.77749],[-42.33735,-20.76599],[-42.30786,-20.72482],[-42.27519,-20.73865],[-42.26149,-20.75347],[-42.24681,-20.73722],[-42.2358,-20.70304],[-42.21638,-20.66611],[-42.24616,-20.64836],[-42.26338,-20.61489],[-42.28505,-20.61242],[-42.29674,-20.58461],[-42.35866,-20.57856],[-42.38019,-20.58863]]]},"properties":{"GEOCODIGO":"3125952","NOME":"Fervedouro","UF":"MG"}},
{"type":"Feature","geometry":{"type":"Polygon","coordinates":[[[-42.39865,-21.30077],[-42.42363,-21.34912],[-42.39276,-21.36726],[-42.39066,-21.39213],[-42.37743,-21.4209],[-42.3921,-21.44532],[-42.3801,-21.4743],[-42.35618,-21.49316],[-42.36165,-21.53619],[-42.34585,-21.58248],[-42.32554,-21.56954],[-42.29832,-21.52445],[-42.25257,-21.49321],[-42.29221,-21.45955],[-42.27508,-21.42786],[-42.27866,-21.41009],[-42.25343,-21.40954],[-42.23582,-21.34325],[-42.25597,-21.34963],[-42.32483,-21.3183],[-42.36411,-21.30621],[-42.39865,-21.30077]]]},"properties":{"GEOCODIGO":"3146701","NOME":"Palma","UF":"MG"}},
{"type":"Feature","geometry":{"type":"Polygon","coordinates":[[[-42.68371,-17.55022],[-42.6957,-17.58854],[-42.67595,-17.61764],[-42.66058,-17.65678],[-42.61728,-17.66576],[-42.61718,-17.68743],[-42.58845,-17.71161],[-42.59962,-17.72268],[-42.61395,-17.75024],[-42.61517,-17.76911],[-42.58606,-17.81898],[-42.56301,-17.82987],[-42.56931,-17.85044],[-42.54706,-17.87122],[-42.5533,-17.9014],[-42.50728,-17.92914],[-42.48623,-17.92612],[-42.48889,-17.88343],[-42.46512,-17.83622],[-42.46825,-17.81237],[-42.43486,-17.81443],[-42.40973,-17.79298],[-42.38809,-17.81272],[-42.37501,-17.7952],[-42.38489,-17.78158],[-42.37256,-17.76594],[-42.35403,-17.78332],[-42.32287,-17.78526],[-42.32238,-17.75951],[-42.30528,-17.72622],[-42.31572,-17.71143],[-42.36943,-17.68032],[-42.32715,-17.63773],[-42.29256,-17.63936],[-42.27643,-17.61904],[-42.28352,-17.59533],[-42.28786,-17.59569],[-42.30367,-17.61384],[-42.3227,-17.59844],[-42.36725,-17.60953],[-42.41625,-17.57798],[-42.43739,-17.57757],[-42.47976,-17.53564],[-42.51747,-17.52069],[-42.55742,-17.48448],[-42.58436,-17.47603],[-42.59867,-17.50023],[-42.58001,-17.54378],[-42.57915,-17.56711],[-42.54829,-17.5919],[-42.5402,-17.62544],[-42.56442,-17.63495],[-42.58856,-17.63099],[-42.61664,-17.59846],[-42.66373,-17.58442],[-42.6532,-17.55131],[-42.68371,-17.55022]]]},"properties":{"GEOCODIGO":"3112307","NOME":"Capelinha","UF":"MG"}},
{"type":"Feature","geometry":{"type":"Polygon","coordinates":[[[-42.77777,-15.1603],[-42.78555,-15.18205],[-42.80209,-15.1934],[-42.81518,-15.23619],[-42.79688,-15.25624],[-42.77557,-15.30199],[-42.76154,-15.36626],[-42.75604,-15.3961],[-42.73941,-15.39327],[-42.72637,-15.41187],[-42.69532,-15.42315],[-42.69062,-15.4106],[-42.64727,-15.40724],[-42.6127,-15.42006],[-42.59874,-15.4169],[-42.5976,-15.45007],[-42.57218,-15.46068],[-42.5504,-15.49294],[-42.53301,-15.49461],[-42.51665,-15.42933],[-42.51443,-15.3887],[-42.52271,-15.35352],[-42.51782,-15.32925],[-42.53149,-15.31556],[-42.54026,-15.27504],[-42.56296,-15.24145],[-42.59923,-15.24182],[-42.61785,-15.25194],[-42.6108,-15.20753],[-42.61613,-15.18851],[-42.64621,-15.18543],[-42.65685,-15.16396],[-42.64413,-15.11449],[-42.65224,-15.09124],[-42.64257,-15.0535],[-42.65679,-15.03666],[-42.68473,-15.07305],[-42.68241,-15.097],[-42.72715,-15.12493],[-42.73784,-15.14058],[-42.77777,-15.1603]]]},"properties":{"GEOCODIGO":"3160454","NOME":"Santo Antônio do Retiro","UF":"MG"}},
{"type":"Feature","geometry":{"type":"Polygon","coordinates":[[[-42.69157,-17.1266],[-42.65779,-17.16198],[-42.6702,-17.18465],[-42.69028,-17.20236],[-42.69764,-17.2524],[-42.69256,-17.27493],[-42.69023,-17.32957],[-42.64429,-17.37077],[-42.60817,-17.38402],[-42.60015,-17.34165],[-42.57549,-17.3436],[-42.56903,-17.36021],[-42.58226,-17.40949],[-42.56518,-17.47769],[-42.55742,-17.48448],[-42.51747,-17.52069],[-42.47976,-17.53564],[-42.43739,-17.57757],[-42.41625,-17.57798],[-42.36725,-17.60953],[-42.3227,-17.59844],[-42.30367,-17.61384],[-42.28786,-17.59569],[-42.25323,-17.55054],[-42.25861,-17.5303],[-42.21923,-17.48353],[-42.21642,-17.4571],[-42.18992,-17.44184],[-42.21128,-17.42141],[-42.20761,-17.41112],[-42.17583,-17.41575],[-42.08548,-17.37847],[-42.10474,-17.35434],[-42.10851,-17.34461],[-42.16217,-17.35834],[-42.18712,-17.35447],[-42.18962,-17.33122],[-42.20381,-17.31694],[-42.2227,-17.32968],[-42.23492,-17.31014],[-42.29157,-17.28787],[-42.3237,-17.23376],[-42.36984,-17.26585],[-42.37978,-17.25924],[-42.38734,-17.22042],[-42.42339,-17.19962],[-42.47495,-17.14737],[-42.5442,-17.15636],[-42.55881,-17.17039],[-42.59357,-17.12618],[-42.63797,-17.11763],[-42.62698,-17.10329],[-42.69157,-17.1266]]]},"properties":{"GEOCODIGO":"3141801","NOME":"Minas Novas","UF":"MG"}},
{"type":"Feature","geometry":{"type":"Polygon","coordinates":[[[-42.51852,-19.1568],[-42.51936,-19.18969],[-42.53597,-19.21457],[-42.53994,-19.24301],[-42.55131,-19.25391],[-42.55517,-19.29573],[-42.51874,-19.32263],[-42.47283,-19.34],[-42.4555,-19.35815],[-42.42345,-19.35178],[-42.4195,-19.33603],[-42.38983,-19.32707],[-42.36758,-19.32732],[-42.35082,-19.28655],[-42.33664,-19.26819],[-42.31339,-19.25319],[-42.31652,-19.23738],[-42.37218,-19.22041],[-42.40664,-19.20677],[-42.41258,-19.18815],[-42.43209,-19.18515],[-42.46605,-19.16097],[-42.51852,-19.1568]]]},"properties":{"GEOCODIGO":"3106309","NOME":"Belo Oriente","UF":"MG"}},
{"type":"Feature","geometry":{"type":"Polygon","coordinates":[[[-42.50503,-18.78646],[-42.52275,-18.77867],[-42.54722,-18.7944],[-42.56386,-18.77504],[-42.57939,-18.79752],[-42.57592,-18.83572],[-42.55975,-18.83927],[-42.54422,-18.8684],[-42.56733,-18.91068],[-42.55579,-18.93664],[-42.54189,-18.95298],[-42.51416,-18.95582],[-42.4968,-18.94349],[-42.48669,-18.96223],[-42.45328,-18.93963],[-42.43075,-18.94241],[-42.39084,-18.92721],[-42.3944,-18.91632],[-42.44145,-18.91069],[-42.46225,-18.88898],[-42.4662,-18.84897],[-42.45602,-18.81386],[-42.49537,-18.79778],[-42.50503,-18.78646]]]},"properties":{"GEOCODIGO":"3127503","NOME":"Gonzaga","UF":"MG"}},
{"type":"Feature","geometry":{"type":"Polygon","coordinates":[[[-42.52381,-19.55667],[-42.48978,-19.58662],[-42.49777,-19.63259],[-42.48103,-19.64786],[-42.50231,-19.68322],[-42.49633,-19.71999],[-42.48338,-19.72627],[-42.45569,-19.71962],[-42.44358,-19.70735],[-42.42325,-19.71016],[-42.40906,-19.72458],[-42.36456,-19.72358],[-42.36342,-19.76021],[-42.36052,-19.77711],[-42.33485,-19.79855],[-42.36664,-19.83177],[-42.36976,-19.85278],[-42.36949,-19.87777],[-42.35647,-19.88449],[-42.35616,-19.9275],[-42.29856,-19.93671],[-42.23592,-19.92566],[-42.24697,-19.91507],[-42.23546,-19.87239],[-42.24934,-19.85065],[-42.20935,-19.82573],[-42.23286,-19.79724],[-42.22847,-19.78013],[-42.24,-19.7279],[-42.26269,-19.71549],[-42.27377,-19.68486],[-42.26119,-19.65534],[-42.28527,-19.65013],[-42.3133,-19.66912],[-42.32683,-19.64185],[-42.36496,-19.64582],[-42.39919,-19.62017],[-42.39899,-19.6023],[-42.421,-19.57884],[-42.49147,-19.54024],[-42.50283,-19.5158],[-42.51111,-19.55127],[-42.52381,-19.55667]]]},"properties":{"GEOCODIGO":"3107802","NOME":"Bom Jesus do Galho","UF":"MG"}},
{"type":"Feature","geometry":{"type":"Polygon","coordinates":[[[-42.51443,-19.49196],[-42.50283,-19.5158],[-42.49147,-19.54024],[-42.421,-19.57884],[-42.39899,-19.6023],[-42.34736,-19.59005],[-42.35135,-19.56744],[-42.32286,-19.55516],[-42.31877,-19.54284],[-42.29169,-19.53912],[-42.26855,-19.55313],[-42.26385,-19.58269],[-42.22902,-19.58919],[-42.22167,-19.60271],[-42.21963,-19.64801],[-42.20072,-19.64902],[-42.20094,-19.68105],[-42.24,-19.7279],[-42.22847,-19.78013],[-42.23286,-19.79724],[-42.20935,-19.82573],[-42.24934,-19.85065],[-42.23546,-19.87239],[-42.24697,-19.91507],[-42.23592,-19.92566],[-42.21878,-19.93072],[-42.17669,-19.92474],[-42.15635,-19.91277],[-42.16527,-19.89382],[-42.15527,-19.88016],[-42.16352,-19.84542],[-42.1356,-19.83009],[-42.10933,-19.84603],[-42.0763,-19.84473],[-42.07635,-19.88421],[-42.05819,-19.90217],[-42.03319,-19.89555],[-42.02434,-19.91924],[-41.98999,-19.92306],[-41.97269,-19.90535],[-41.97377,-19.87993],[-41.9343,-19.87955],[-41.89814,-19.88746],[-41.87191,-19.86005],[-41.85171,-19.85614],[-41.82685,-19.82834],[-41.80061,-19.83187],[-41.78472,-19.79016],[-41.79393,-19.77031],[-41.77919,-19.75344],[-41.793,-19.72982],[-41.81986,-19.70685],[-41.83707,-19.68055],[-41.81991,-19.67691],[-41.81272,-19.65813],[-41.83611,-19.63998],[-41.80219,-19.62009],[-41.81578,-19.59366],[-41.85314,-19.58315],[-41.90231,-19.62083],[-41.91736,-19.67004],[-41.94274,-19.69711],[-41.96394,-19.72993],[-41.97464,-19.72464],[-42.00675,-19.73286],[-42.00539,-19.7628],[-41.99225,-19.77939],[-42.00843,-19.82541],[-42.04732,-19.83728],[-42.06241,-19.79202],[-42.08925,-19.77914],[-42.08638,-19.75576],[-42.09716,-19.74037],[-42.11778,-19.7379],[-42.11888,-19.67868],[-42.15505,-19.66559],[-42.16791,-19.64702],[-42.16246,-19.61509],[-42.20893,-19.6154],[-42.21469,-19.55837],[-42.24479,-19.54639],[-42.25378,-19.53325],[-42.29603,-19.52618],[-42.28622,-19.45983],[-42.2733,-19.44875],[-42.27964,-19.44329],[-42.30219,-19.45641],[-42.33889,-19.44526],[-42.39275,-19.45079],[-42.43177,-19.44043],[-42.44166,-19.46533],[-42.4728,-19.46415],[-42.49152,-19.49255],[-42.50272,-19.4913],[-42.51443,-19.49196]]]},"properties":{"GEOCODIGO":"3113404","NOME":"Caratinga","UF":"MG"}},
{"type":"Feature","geometry":{"type":"Polygon","coordinates":[[[-42.6807,-17.04455],[-42.65712,-17.06045],[-42.62929,-17.08923],[-42.62698,-17.10329],[-42.63797,-17.11763],[-42.59357,-17.12618],[-42.55881,-17.17039],[-42.5442,-17.15636],[-42.47495,-17.14737],[-42.42339,-17.19962],[-42.38734,-17.22042],[-42.37978,-17.25924],[-42.36984,-17.26585],[-42.3237,-17.23376],[-42.29157,-17.28787],[-42.23492,-17.31014],[-42.2227,-17.32968],[-42.20381,-17.31694],[-42.18962,-17.33122],[-42.18712,-17.35447],[-42.16217,-17.35834],[-42.10851,-17.34461],[-42.10474,-17.35434],[-42.09596,-17.34342],[-42.1145,-17.31649],[-42.13786,-17.30011],[-42.14476,-17.25991],[-42.17756,-17.24777],[-42.17953,-17.2286],[-42.19931,-17.2194],[-42.20534,-17.20279],[-42.25001,-17.17182],[-42.2467,-17.15514],[-42.27815,-17.15487],[-42.30887,-17.18413],[-42.33987,-17.17722],[-42.33418,-17.15722],[-42.34703,-17.12806],[-42.34159,-17.1072],[-42.40126,-17.10326],[-42.43311,-17.0891],[-42.4372,-17.06892],[-42.46168,-17.03509],[-42.46109,-17.02017],[-42.52051,-17.01228],[-42.51943,-16.97414],[-42.55189,-16.94781],[-42.5752,-16.94646],[-42.61023,-16.96324],[-42.64123,-16.99624],[-42.66506,-17.01086],[-42.6807,-17.04455]]]},"properties":{"GEOCODIGO":"3116100","NOME":"Chapada do Norte","UF":"MG"}},
{"type":"Feature","geometry":{"type":"Polygon","coordinates":[[[-42.69868,-16.17103],[-42.7066,-16.20119],[-42.72243,-16.21501],[-42.72173,-16.26374],[-42.70199,-16.2806],[-42.64465,-16.26722],[-42.62584,-16.24746],[-42.59904,-16.27379],[-42.61354,-16.29289],[-42.65298,-16.41101],[-42.6303,-16.41678],[-42.62393,-16.39505],[-42.59693,-16.38413],[-42.58826,-16.41097],[-42.54873,-16.42413],[-42.52817,-16.43709],[-42.51427,-16.45727],[-42.47595,-16.44187],[-42.47013,-16.41855],[-42.47662,-16.37985],[-42.48965,-16.34056],[-42.49238,-16.30725],[-42.51651,-16.25644],[-42.54339,-16.23832],[-42.54413,-16.20872],[-42.5806,-16.20768],[-42.58221,-16.19241],[-42.60176,-16.16896],[-42.62713,-16.16062],[-42.66715,-16.16793],[-42.68048,-16.18125],[-42.69868,-16.17103]]]},"properties":{"GEOCODIGO":"3146255","NOME":"Padre Carvalho","UF":"MG"}},
{"type":"Feature","geometry":{"type":"Polygon","coordinates":[[[-42.43371,-20.43525],[-42.40338,-20.45226],[-42.40428,-20.48213],[-42.38574,-20.504],[-42.40696,-20.53355],[-42.41482,-20.56104],[-42.40725,-20.57667],[-42.38019,-20.58863],[-42.35866,-20.57856],[-42.34518,-20.56107],[-42.31982,-20.54615],[-42.31727,-20.5065],[-42.33501,-20.49459],[-42.33082,-20.45616],[-42.34297,-20.43866],[-42.34511,-20.39415],[-42.36575,-20.41165],[-42.40044,-20.41109],[-42.39388,-20.36068],[-42.41504,-20.34965],[-42.42094,-20.37125],[-42.41955,-20.41474],[-42.43371,-20.43525]]]},"properties":{"GEOCODIGO":"3148756","NOME":"Pedra Bonita","UF":"MG"}},
{"type":"Feature","geometry":{"type":"Polygon","coordinates":[[[-42.36411,-21.30621],[-42.32483,-21.3183],[-42.25597,-21.34963],[-42.23582,-21.34325],[-42.23782,-21.3182],[-42.22852,-21.28232],[-42.18929,-21.24942],[-42.18837,-21.22956],[-42.20254,-21.2212],[-42.24843,-21.20603],[-42.27682,-21.20243],[-42.29835,-21.1855],[-42.32746,-21.21032],[-42.36232,-21.21717],[-42.36247,-21.23319],[-42.34294,-21.24395],[-42.33179,-21.27224],[-42.34692,-21.30151],[-42.36411,-21.30621]]]},"properties":{"GEOCODIGO":"3105509","NOME":"Barão de Monte Alto","UF":"MG"}},
{"type":"Feature","geometry":{"type":"Polygon","coordinates":[[[-42.47825,-19.7522],[-42.47438,-19.77416],[-42.43953,-19.76096],[-42.38222,-19.77757],[-42.36342,-19.76021],[-42.36456,-19.72358],[-42.40906,-19.72458],[-42.42325,-19.71016],[-42.44358,-19.70735],[-42.45569,-19.71962],[-42.48338,-19.72627],[-42.47825,-19.7522]]]},"properties":{"GEOCODIGO":"3150539","NOME":"Pingo-D'Água","UF":"MG"}},
{"type":"Feature","geometry":{"type":"Polygon","coordinates":[[[-42.58127,-18.1846],[-42.55337,-18.23419],[-42.52551,-18.2333],[-42.51898,-18.25427],[-42.49178,-18.2662],[-42.45639,-18.31352],[-42.45194,-18.33517],[-42.47184,-18.34649],[-42.42175,-18.35627],[-42.39777,-18.35358],[-42.41131,-18.31902],[-42.40848,-18.27339],[-42.41628,-18.24545],[-42.44903,-18.23448],[-42.44964,-18.18811],[-42.46478,-18.1777],[-42.48733,-18.18435],[-42.50997,-18.16299],[-42.5393,-18.15993],[-42.58127,-18.1846]]]},"properties":{"GEOCODIGO":"3136553","NOME":"José Raydan","UF":"MG"}},
{"type":"Feature","geometry":{"type":"Polygon","coordinates":[[[-42.70598,-16.15658],[-42.69868,-16.17103],[-42.68048,-16.18125],[-42.66715,-16.16793],[-42.62713,-16.16062],[-42.60176,-16.16896],[-42.58221,-16.19241],[-42.5806,-16.20768],[-42.54413,-16.20872],[-42.54339,-16.23832],[-42.51651,-16.25644],[-42.49238,-16.30725],[-42.4657,-16.28724],[-42.46998,-16.26574],[-42.45623,-16.25054],[-42.42062,-16.25078],[-42.3991,-16.27519],[-42.35562,-16.29822],[-42.3421,-16.29508],[-42.36117,-16.28113],[-42.35234,-16.24612],[-42.36582,-16.22059],[-42.35393,-16.1848],[-42.3754,-16.17339],[-42.39354,-16.12386],[-42.42063,-16.10564],[-42.42465,-16.07915],[-42.43866,-16.08501],[-42.47829,-16.06453],[-42.48385,-16.04928],[-42.47165,-16.03327],[-42.4627,-15.99903],[-42.47707,-15.97881],[-42.5279,-15.99456],[-42.5176,-15.95999],[-42.56098,-15.95855],[-42.58482,-15.97053],[-42.61486,-15.95272],[-42.63192,-15.96824],[-42.63851,-15.99655],[-42.63171,-16.00832],[-42.66524,-16.07444],[-42.66533,-16.12283],[-42.68043,-16.14937],[-42.70598,-16.15658]]]},"properties":{"GEOCODIGO":"3127073","NOME":"Fruta de Leite","UF":"MG"}},
{"type":"Feature","geometry":{"type":"Polygon","coordinates":[[[-42.6303,-16.41678],[-42.63454,-16.45476],[-42.6434,-16.47584],[-42.67512,-16.52105],[-42.66273,-16.53544],[-42.66184,-16.60626],[-42.65473,-16.62457],[-42.62412,-16.61505],[-42.61318,-16.62936],[-42.58879,-16.62934],[-42.5794,-16.64308],[-42.55232,-16.63872],[-42.54281,-16.6537],[-42.50048,-16.6569],[-42.47457,-16.64654],[-42.45383,-16.65966],[-42.4417,-16.66265],[-42.40776,-16.64701],[-42.42423,-16.62581],[-42.4266,-16.58951],[-42.46428,-16.51688],[-42.46677,-16.48812],[-42.47695,-16.4778],[-42.47595,-16.44187],[-42.51427,-16.45727],[-42.52817,-16.43709],[-42.54873,-16.42413],[-42.58826,-16.41097],[-42.59693,-16.38413],[-42.62393,-16.39505],[-42.6303,-16.41678]]]},"properties":{"GEOCODIGO":"3136579","NOME":"Josenópolis","UF":"MG"}},
{"type":"Feature","geometry":{"type":"Polygon","coordinates":[[[-42.31499,-20.20169],[-42.32624,-20.21372],[-42.32123,-20.23364],[-42.36647,-20.25188],[-42.37816,-20.28453],[-42.3918,-20.28073],[-42.41211,-20.31967],[-42.41504,-20.34965],[-42.39388,-20.36068],[-42.40044,-20.41109],[-42.36575,-20.41165],[-42.34511,-20.39415],[-42.34444,-20.3796],[-42.31988,-20.36919],[-42.3011,-20.38143],[-42.28522,-20.37501],[-42.27766,-20.34227],[-42.24121,-20.34247],[-42.20614,-20.32314],[-42.19677,-20.29267],[-42.21261,-20.28286],[-42.25075,-20.27356],[-42.25061,-20.25368],[-42.28597,-20.21181],[-42.30149,-20.22585],[-42.31499,-20.20169]]]},"properties":{"GEOCODIGO":"3140902","NOME":"Matipó","UF":"MG"}},
{"type":"Feature","geometry":{"type":"Polygon","coordinates":[[[-42.64154,-16.77046],[-42.63923,-16.79618],[-42.59506,-16.81888],[-42.56263,-16.86584],[-42.55687,-16.89663],[-42.53901,-16.90854],[-42.55189,-16.94781],[-42.51943,-16.97414],[-42.52051,-17.01228],[-42.46109,-17.02017],[-42.46168,-17.03509],[-42.4372,-17.06892],[-42.43311,-17.0891],[-42.42171,-17.01698],[-42.36503,-16.94063],[-42.39055,-16.91375],[-42.40526,-16.90405],[-42.42115,-16.8706],[-42.42403,-16.84191],[-42.41798,-16.8089],[-42.40228,-16.79514],[-42.3962,-16.77058],[-42.43323,-16.76933],[-42.46887,-16.77519],[-42.47076,-16.75531],[-42.49537,-16.73791],[-42.48042,-16.71761],[-42.48237,-16.70336],[-42.46704,-16.67391],[-42.4759,-16.67035],[-42.5427,-16.70909],[-42.56984,-16.74001],[-42.60051,-16.7315],[-42.64154,-16.77046]]]},"properties":{"GEOCODIGO":"3106507","NOME":"Berilo","UF":"MG"}},
{"type":"Feature","geometry":{"type":"Polygon","coordinates":[[[-42.2993,-21.12272],[-42.32324,-21.18112],[-42.32746,-21.21032],[-42.29835,-21.1855],[-42.27682,-21.20243],[-42.24843,-21.20603],[-42.20254,-21.2212],[-42.19464,-21.20169],[-42.19933,-21.17316],[-42.1896,-21.14538],[-42.17515,-21.13168],[-42.19205,-21.13331],[-42.21482,-21.11899],[-42.23308,-21.13414],[-42.26555,-21.13033],[-42.27455,-21.14212],[-42.2993,-21.12272]]]},"properties":{"GEOCODIGO":"3148202","NOME":"Patrocínio do Muriaé","UF":"MG"}},
{"type":"Feature","geometry":{"type":"Polygon","coordinates":[[[-42.26004,-20.84186],[-42.26664,-20.86089],[-42.29541,-20.87197],[-42.30135,-20.90803],[-42.32096,-20.90257],[-42.33564,-20.92146],[-42.34794,-20.95768],[-42.2961,-20.99227],[-42.29863,-20.99993],[-42.26572,-20.95391],[-42.26971,-20.93703],[-42.26049,-20.90501],[-42.23435,-20.89218],[-42.21019,-20.85382],[-42.21022,-20.82159],[-42.23499,-20.83797],[-42.26004,-20.84186]]]},"properties":{"GEOCODIGO":"3171402","NOME":"Vieiras","UF":"MG"}},
{"type":"Feature","geometry":{"type":"Polygon","coordinates":[[[-42.3615,-20.77749],[-42.34518,-20.80489],[-42.35149,-20.81327],[-42.32513,-20.84977],[-42.30133,-20.86064],[-42.27596,-20.85836],[-42.26004,-20.84186],[-42.23499,-20.83797],[-42.21022,-20.82159],[-42.20169,-20.81514],[-42.21735,-20.7929],[-42.20874,-20.75918],[-42.24681,-20.73722],[-42.26149,-20.75347],[-42.27519,-20.73865],[-42.30786,-20.72482],[-42.33735,-20.76599],[-42.3615,-20.77749]]]},"properties":{"GEOCODIGO":"3161403","NOME":"São Francisco do Glória","UF":"MG"}},
{"type":"Feature","geometry":{"type":"Polygon","coordinates":[[[-42.50503,-18.78646],[-42.49537,-18.79778],[-42.45602,-18.81386],[-42.43747,-18.7977],[-42.41489,-18.81408],[-42.39706,-18.80826],[-42.37642,-18.82377],[-42.32708,-18.81766],[-42.33875,-18.79409],[-42.32467,-18.76067],[-42.30144,-18.73909],[-42.3265,-18.73286],[-42.35214,-18.74329],[-42.38078,-18.73895],[-42.471,-18.73837],[-42.47511,-18.73553],[-42.5033,-18.7614],[-42.50503,-18.78646]]]},"properties":{"GEOCODIGO":"3165503","NOME":"Sardoá","UF":"MG"}},
{"type":"Feature","geometry":{"type":"Polygon","coordinates":[[[-42.35866,-20.57856],[-42.29674,-20.58461],[-42.28505,-20.61242],[-42.26338,-20.61489],[-42.24616,-20.64836],[-42.21638,-20.66611],[-42.20947,-20.67912],[-42.18471,-20.68842],[-42.13421,-20.69029],[-42.10702,-20.66248],[-42.08957,-20.61112],[-42.07704,-20.59918],[-42.07352,-20.56367],[-42.08711,-20.54521],[-42.0642,-20.51483],[-42.06893,-20.50953],[-42.10304,-20.49486],[-42.13491,-20.49364],[-42.13641,-20.46828],[-42.15568,-20.46686],[-42.16391,-20.48063],[-42.1668,-20.52407],[-42.1854,-20.55015],[-42.1893,-20.57371],[-42.21126,-20.592],[-42.23766,-20.56465],[-42.26096,-20.56759],[-42.27724,-20.54795],[-42.31008,-20.53688],[-42.31982,-20.54615],[-42.34518,-20.56107],[-42.35866,-20.57856]]]},"properties":{"GEOCODIGO":"3122009","NOME":"Divino","UF":"MG"}},
{"type":"Feature","geometry":{"type":"Polygon","coordinates":[[[-42.43177,-19.44043],[-42.39275,-19.45079],[-42.33889,-19.44526],[-42.30219,-19.45641],[-42.27964,-19.44329],[-42.29661,-19.41296],[-42.32911,-19.40988],[-42.35384,-19.37321],[-42.39011,-19.35215],[-42.38983,-19.32707],[-42.4195,-19.33603],[-42.41136,-19.35344],[-42.42497,-19.36776],[-42.4147,-19.39344],[-42.43177,-19.44043]]]},"properties":{"GEOCODIGO":"3131158","NOME":"Ipaba","UF":"MG"}},
{"type":"Feature","geometry":{"type":"Polygon","coordinates":[[[-42.29863,-20.99993],[-42.30273,-21.01887],[-42.25763,-21.05987],[-42.28299,-21.06788],[-42.29744,-21.08719],[-42.2993,-21.12272],[-42.27455,-21.14212],[-42.26555,-21.13033],[-42.23308,-21.13414],[-42.21482,-21.11899],[-42.19205,-21.13331],[-42.17515,-21.13168],[-42.16396,-21.10097],[-42.14,-21.10262],[-42.11852,-21.07483],[-42.16449,-21.0581],[-42.1655,-21.04812],[-42.19952,-21.02766],[-42.21785,-21.00846],[-42.19252,-20.99266],[-42.18119,-20.97414],[-42.16491,-20.97334],[-42.17193,-20.92222],[-42.16982,-20.89657],[-42.18751,-20.86918],[-42.21019,-20.85382],[-42.23435,-20.89218],[-42.26049,-20.90501],[-42.26971,-20.93703],[-42.26572,-20.95391],[-42.29863,-20.99993]]]},"properties":{"GEOCODIGO":"3124906","NOME":"Eugenópolis","UF":"MG"}},
{"type":"Feature","geometry":{"type":"Polygon","coordinates":[[[-42.45602,-18.81386],[-42.4662,-18.84897],[-42.46225,-18.88898],[-42.44145,-18.91069],[-42.3944,-18.91632],[-42.39084,-18.92721],[-42.36269,-18.92524],[-42.36672,-18.90023],[-42.34614,-18.87936],[-42.34675,-18.83793],[-42.32708,-18.81766],[-42.37642,-18.82377],[-42.39706,-18.80826],[-42.41489,-18.81408],[-42.43747,-18.7977],[-42.45602,-18.81386]]]},"properties":{"GEOCODIGO":"3157500","NOME":"Santa Efigênia de Minas","UF":"MG"}},
{"type":"Feature","geometry":{"type":"Polygon","coordinates":[[[-42.34511,-20.39415],[-42.34297,-20.43866],[-42.33082,-20.45616],[-42.33501,-20.49459],[-42.31727,-20.5065],[-42.31982,-20.54615],[-42.31008,-20.53688],[-42.27724,-20.54795],[-42.2598,-20.50155],[-42.24004,-20.47728],[-42.21464,-20.4679],[-42.20574,-20.43541],[-42.18727,-20.43301],[-42.17947,-20.40565],[-42.19411,-20.37826],[-42.18455,-20.35683],[-42.20614,-20.32314],[-42.24121,-20.34247],[-42.27766,-20.34227],[-42.28522,-20.37501],[-42.3011,-20.38143],[-42.31988,-20.36919],[-42.34444,-20.3796],[-42.34511,-20.39415]]]},"properties":{"GEOCODIGO":"3157906","NOME":"Santa Margarida","UF":"MG"}},
{"type":"Feature","geometry":{"type":"Polygon","coordinates":[[[-42.39899,-19.6023],[-42.39919,-19.62017],[-42.36496,-19.64582],[-42.32683,-19.64185],[-42.3133,-19.66912],[-42.28527,-19.65013],[-42.27155,-19.62428],[-42.26385,-19.58269],[-42.26855,-19.55313],[-42.29169,-19.53912],[-42.31877,-19.54284],[-42.32286,-19.55516],[-42.35135,-19.56744],[-42.34736,-19.59005],[-42.39899,-19.6023]]]},"properties":{"GEOCODIGO":"3170578","NOME":"Vargem Alegre","UF":"MG"}},
{"type":"Feature","geometry":{"type":"Polygon","coordinates":[[[-42.37106,-18.51733],[-42.38831,-18.52576],[-42.41264,-18.51583],[-42.43277,-18.51894],[-42.45842,-18.56474],[-42.42986,-18.56777],[-42.41528,-18.59979],[-42.42039,-18.60794],[-42.36315,-18.64468],[-42.36306,-18.73182],[-42.35214,-18.74329],[-42.3265,-18.73286],[-42.30144,-18.73909],[-42.27347,-18.71967],[-42.23045,-18.70842],[-42.18191,-18.70528],[-42.18929,-18.68001],[-42.1499,-18.65962],[-42.13425,-18.64015],[-42.09067,-18.606],[-42.0687,-18.60852],[-42.04998,-18.58224],[-42.09242,-18.5458],[-42.10742,-18.55119],[-42.14537,-18.54638],[-42.17662,-18.56512],[-42.18816,-18.55898],[-42.22531,-18.57599],[-42.22373,-18.53959],[-42.23129,-18.53455],[-42.2735,-18.5654],[-42.28667,-18.53735],[-42.34281,-18.5133],[-42.37106,-18.51733]]]},"properties":{"GEOCODIGO":"3119203","NOME":"Coroaci","UF":"MG"}},
{"type":"Feature","geometry":{"type":"Polygon","coordinates":[[[-42.65679,-15.03666],[-42.64257,-15.0535],[-42.65224,-15.09124],[-42.64413,-15.11449],[-42.65685,-15.16396],[-42.64621,-15.18543],[-42.61613,-15.18851],[-42.6108,-15.20753],[-42.61785,-15.25194],[-42.59923,-15.24182],[-42.56296,-15.24145],[-42.54026,-15.27504],[-42.53149,-15.31556],[-42.51782,-15.32925],[-42.52271,-15.35352],[-42.51443,-15.3887],[-42.51665,-15.42933],[-42.48957,-15.41743],[-42.4699,-15.42893],[-42.43301,-15.41651],[-42.41562,-15.40231],[-42.37862,-15.35285],[-42.37823,-15.3423],[-42.34798,-15.31064],[-42.34987,-15.27883],[-42.34027,-15.25418],[-42.34506,-15.20157],[-42.31262,-15.20792],[-42.30117,-15.19674],[-42.27188,-15.19322],[-42.2554,-15.15993],[-42.26837,-15.15391],[-42.2644,-15.12472],[-42.3233,-15.0931],[-42.33474,-15.07835],[-42.35451,-15.09775],[-42.37146,-15.07318],[-42.40067,-15.07679],[-42.44392,-15.05516],[-42.4432,-15.02019],[-42.47552,-15.01659],[-42.51493,-14.9826],[-42.53752,-14.99558],[-42.56846,-15.02399],[-42.56932,-15.05013],[-42.59848,-15.06398],[-42.62876,-15.0514],[-42.6374,-15.03476],[-42.65679,-15.03666]]]},"properties":{"GEOCODIGO":"3143450","NOME":"Montezuma","UF":"MG"}},
{"type":"Feature","geometry":{"type":"Polygon","coordinates":[[[-42.35211,-19.11478],[-42.357,-19.15162],[-42.40033,-19.18679],[-42.37218,-19.22041],[-42.31652,-19.23738],[-42.29833,-19.24037],[-42.2928,-19.21567],[-42.26711,-19.20012],[-42.24202,-19.17129],[-42.26648,-19.15112],[-42.28855,-19.14999],[-42.30214,-19.12894],[-42.33163,-19.12613],[-42.35211,-19.11478]]]},"properties":{"GEOCODIGO":"3144359","NOME":"Naque","UF":"MG"}},
{"type":"Feature","geometry":{"type":"Polygon","coordinates":[[[-42.38983,-19.32707],[-42.39011,-19.35215],[-42.35384,-19.37321],[-42.32911,-19.40988],[-42.29661,-19.41296],[-42.27964,-19.44329],[-42.2733,-19.44875],[-42.24561,-19.44098],[-42.2425,-19.40634],[-42.25872,-19.38711],[-42.25361,-19.3548],[-42.28384,-19.28959],[-42.29705,-19.29847],[-42.3225,-19.29015],[-42.33664,-19.26819],[-42.35082,-19.28655],[-42.36758,-19.32732],[-42.38983,-19.32707]]]},"properties":{"GEOCODIGO":"3109253","NOME":"Bugre","UF":"MG"}},
{"type":"Feature","geometry":{"type":"Polygon","coordinates":[[[-42.42165,-18.00494],[-42.43238,-18.0452],[-42.45661,-18.06531],[-42.45972,-18.11595],[-42.47033,-18.12296],[-42.46478,-18.1777],[-42.44964,-18.18811],[-42.44903,-18.23448],[-42.41628,-18.24545],[-42.40848,-18.27339],[-42.41131,-18.31902],[-42.39777,-18.35358],[-42.38428,-18.37212],[-42.33992,-18.35547],[-42.32406,-18.36758],[-42.27874,-18.38335],[-42.26156,-18.36703],[-42.22878,-18.38882],[-42.20656,-18.38575],[-42.20402,-18.41018],[-42.18428,-18.40156],[-42.12506,-18.39329],[-42.13033,-18.37218],[-42.16793,-18.35841],[-42.19459,-18.29504],[-42.18197,-18.28084],[-42.19011,-18.26],[-42.20781,-18.24406],[-42.25448,-18.23499],[-42.27662,-18.19469],[-42.30006,-18.17382],[-42.32467,-18.17714],[-42.33931,-18.16417],[-42.36948,-18.17034],[-42.37436,-18.13239],[-42.39408,-18.12249],[-42.41441,-18.09853],[-42.40704,-18.06475],[-42.41284,-18.02015],[-42.42165,-18.00494]]]},"properties":{"GEOCODIGO":"3158201","NOME":"Santa Maria do Suaçuí","UF":"MG"}},
{"type":"Feature","geometry":{"type":"Polygon","coordinates":[[[-42.32287,-17.78526],[-42.35403,-17.78332],[-42.37256,-17.76594],[-42.38489,-17.78158],[-42.37501,-17.7952],[-42.38809,-17.81272],[-42.40973,-17.79298],[-42.43486,-17.81443],[-42.46825,-17.81237],[-42.46512,-17.83622],[-42.48889,-17.88343],[-42.48623,-17.92612],[-42.48128,-17.90435],[-42.43579,-17.93811],[-42.43831,-17.96126],[-42.42643,-17.97108],[-42.42165,-18.00494],[-42.41284,-18.02015],[-42.40704,-18.06475],[-42.41441,-18.09853],[-42.39408,-18.12249],[-42.37436,-18.13239],[-42.36948,-18.17034],[-42.33931,-18.16417],[-42.32467,-18.17714],[-42.30006,-18.17382],[-42.27662,-18.19469],[-42.25448,-18.23499],[-42.20781,-18.24406],[-42.19845,-18.21989],[-42.17576,-18.21799],[-42.12028,-18.24142],[-42.10095,-18.25621],[-42.06581,-18.26074],[-42.08578,-18.228],[-42.08786,-18.20992],[-42.04856,-18.19497],[-42.05811,-18.15388],[-42.04906,-18.14548],[-42.05845,-18.13291],[-42.05948,-18.10527],[-42.07478,-18.08348],[-42.08736,-18.08716],[-42.11717,-18.04542],[-42.1487,-18.01507],[-42.16804,-18.01056],[-42.18954,-17.98012],[-42.19264,-17.95595],[-42.22817,-17.91034],[-42.24277,-17.91067],[-42.28103,-17.8512],[-42.27442,-17.8093],[-42.26564,-17.78803],[-42.29017,-17.7795],[-42.32287,-17.78526]]]},"properties":{"GEOCODIGO":"3100609","NOME":"Água Boa","UF":"MG"}},
{"type":"Feature","geometry":{"type":"Polygon","coordinates":[[[-42.31102,-20.14221],[-42.32194,-20.1815],[-42.31499,-20.20169],[-42.30149,-20.22585],[-42.28597,-20.21181],[-42.25061,-20.25368],[-42.25075,-20.27356],[-42.21261,-20.28286],[-42.1948,-20.19425],[-42.21316,-20.16756],[-42.20763,-20.14967],[-42.21039,-20.08905],[-42.24761,-20.08301],[-42.25497,-20.09567],[-42.30894,-20.11624],[-42.31102,-20.14221]]]},"properties":{"GEOCODIGO":"3112901","NOME":"Caputira","UF":"MG"}},
{"type":"Feature","geometry":{"type":"Polygon","coordinates":[[[-42.19764,-20.00358],[-42.21475,-19.9891],[-42.23722,-19.99162],[-42.25881,-19.9705],[-42.26283,-20.00012],[-42.30769,-20.00668],[-42.32305,-20.05113],[-42.2843,-20.07785],[-42.24761,-20.08301],[-42.21039,-20.08905],[-42.19548,-20.03168],[-42.19764,-20.00358]]]},"properties":{"GEOCODIGO":"3171154","NOME":"Vermelho Novo","UF":"MG"}},
{"type":"Feature","geometry":{"type":"Polygon","coordinates":[[[-42.27724,-20.54795],[-42.26096,-20.56759],[-42.23766,-20.56465],[-42.21126,-20.592],[-42.1893,-20.57371],[-42.1854,-20.55015],[-42.1668,-20.52407],[-42.16391,-20.48063],[-42.15568,-20.46686],[-42.18727,-20.43301],[-42.20574,-20.43541],[-42.21464,-20.4679],[-42.24004,-20.47728],[-42.2598,-20.50155],[-42.27724,-20.54795]]]},"properties":{"GEOCODIGO":"3145877","NOME":"Orizânia","UF":"MG"}},
{"type":"Feature","geometry":{"type":"Polygon","coordinates":[[[-42.21638,-20.66611],[-42.2358,-20.70304],[-42.24681,-20.73722],[-42.20874,-20.75918],[-42.21735,-20.7929],[-42.20169,-20.81514],[-42.17241,-20.78521],[-42.14387,-20.74911],[-42.07332,-20.73312],[-42.04541,-20.74137],[-42.02197,-20.77434],[-41.98241,-20.76834],[-41.9676,-20.755],[-41.96882,-20.73131],[-41.9576,-20.69506],[-41.9881,-20.65598],[-41.99016,-20.63561],[-41.9781,-20.61215],[-42.05002,-20.6063],[-42.07704,-20.59918],[-42.08957,-20.61112],[-42.10702,-20.66248],[-42.13421,-20.69029],[-42.18471,-20.68842],[-42.20947,-20.67912],[-42.21638,-20.66611]]]},"properties":{"GEOCODIGO":"3113305","NOME":"Carangola","UF":"MG"}},
{"type":"Feature","geometry":{"type":"Polygon","coordinates":[[[-42.16491,-20.97334],[-42.18119,-20.97414],[-42.19252,-20.99266],[-42.21785,-21.00846],[-42.19952,-21.02766],[-42.1655,-21.04812],[-42.16449,-21.0581],[-42.11852,-21.07483],[-42.08451,-21.0224],[-42.14083,-20.99267],[-42.15127,-20.97389],[-42.16491,-20.97334]]]},"properties":{"GEOCODIGO":"3103108","NOME":"Antônio Prado de Minas","UF":"MG"}},
{"type":"Feature","geometry":{"type":"Polygon","coordinates":[[[-42.38428,-18.37212],[-42.39017,-18.42],[-42.40278,-18.43425],[-42.40901,-18.48093],[-42.37106,-18.51733],[-42.34281,-18.5133],[-42.28667,-18.53735],[-42.2735,-18.5654],[-42.23129,-18.53455],[-42.23426,-18.50968],[-42.27731,-18.48614],[-42.2687,-18.42989],[-42.24047,-18.42498],[-42.21795,-18.40426],[-42.20402,-18.41018],[-42.20656,-18.38575],[-42.22878,-18.38882],[-42.26156,-18.36703],[-42.27874,-18.38335],[-42.32406,-18.36758],[-42.33992,-18.35547],[-42.38428,-18.37212]]]},"properties":{"GEOCODIGO":"3171907","NOME":"Virgolândia","UF":"MG"}},
{"type":"Feature","geometry":{"type":"Polygon","coordinates":[[[-42.20896,-18.9842],[-42.20504,-19.00111],[-42.22391,-19.02255],[-42.238,-19.01632],[-42.27003,-19.04742],[-42.30238,-19.08716],[-42.33255,-19.0836],[-42.35545,-19.09646],[-42.35211,-19.11478],[-42.33163,-19.12613],[-42.30214,-19.12894],[-42.28855,-19.14999],[-42.26648,-19.15112],[-42.24202,-19.17129],[-42.23218,-19.1556],[-42.20053,-19.14307],[-42.17799,-19.11917],[-42.15405,-19.09652],[-42.15128,-19.07554],[-42.133,-19.05775],[-42.13786,-19.03863],[-42.17522,-19.02204],[-42.17283,-19.00879],[-42.19205,-18.98544],[-42.20896,-18.9842]]]},"properties":{"GEOCODIGO":"3149952","NOME":"Periquito","UF":"MG"}},
{"type":"Feature","geometry":{"type":"Polygon","coordinates":[[[-42.36269,-18.92524],[-42.3562,-18.96009],[-42.30858,-18.9608],[-42.27747,-18.97229],[-42.25866,-18.92313],[-42.25724,-18.88769],[-42.27575,-18.86625],[-42.26914,-18.82858],[-42.28717,-18.80958],[-42.31941,-18.80856],[-42.32708,-18.81766],[-42.34675,-18.83793],[-42.34614,-18.87936],[-42.36672,-18.90023],[-42.36269,-18.92524]]]},"properties":{"GEOCODIGO":"3161601","NOME":"São Geraldo da Piedade","UF":"MG"}},
{"type":"Feature","geometry":{"type":"Polygon","coordinates":[[[-42.33664,-19.26819],[-42.3225,-19.29015],[-42.29705,-19.29847],[-42.28384,-19.28959],[-42.25361,-19.3548],[-42.25872,-19.38711],[-42.2425,-19.40634],[-42.24561,-19.44098],[-42.2733,-19.44875],[-42.28622,-19.45983],[-42.29603,-19.52618],[-42.25378,-19.53325],[-42.24479,-19.54639],[-42.20127,-19.48483],[-42.19725,-19.46993],[-42.15175,-19.43579],[-42.18744,-19.42466],[-42.19458,-19.38435],[-42.20319,-19.37341],[-42.22827,-19.37373],[-42.21394,-19.3422],[-42.21583,-19.32759],[-42.20133,-19.30008],[-42.2023,-19.27781],[-42.17912,-19.26309],[-42.20247,-19.20722],[-42.2102,-19.16966],[-42.23218,-19.1556],[-42.24202,-19.17129],[-42.26711,-19.20012],[-42.2928,-19.21567],[-42.29833,-19.24037],[-42.31652,-19.23738],[-42.31339,-19.25319],[-42.33664,-19.26819]]]},"properties":{"GEOCODIGO":"3129301","NOME":"Iapu","UF":"MG"}},
{"type":"Feature","geometry":{"type":"Polygon","coordinates":[[[-42.21019,-20.85382],[-42.18751,-20.86918],[-42.16862,-20.85378],[-42.13377,-20.84836],[-42.11182,-20.85801],[-42.09702,-20.8365],[-42.09873,-20.80716],[-42.12099,-20.7931],[-42.14578,-20.79638],[-42.17241,-20.78521],[-42.20169,-20.81514],[-42.21022,-20.82159],[-42.21019,-20.85382]]]},"properties":{"GEOCODIGO":"3149002","NOME":"Pedra Dourada","UF":"MG"}},
{"type":"Feature","geometry":{"type":"Polygon","coordinates":[[[-42.46704,-16.67391],[-42.48237,-16.70336],[-42.48042,-16.71761],[-42.49537,-16.73791],[-42.47076,-16.75531],[-42.46887,-16.77519],[-42.43323,-16.76933],[-42.3962,-16.77058],[-42.40228,-16.79514],[-42.41798,-16.8089],[-42.42403,-16.84191],[-42.42115,-16.8706],[-42.40526,-16.90405],[-42.39055,-16.91375],[-42.36798,-16.90789],[-42.3372,-16.86061],[-42.29626,-16.86655],[-42.25806,-16.863],[-42.23422,-16.88059],[-42.21479,-16.86986],[-42.20564,-16.88477],[-42.17895,-16.88177],[-42.18529,-16.86496],[-42.18829,-16.84532],[-42.14087,-16.81495],[-42.13754,-16.79201],[-42.1464,-16.77536],[-42.17326,-16.76696],[-42.20937,-16.76514],[-42.20617,-16.72396],[-42.22002,-16.71373],[-42.24126,-16.73407],[-42.25687,-16.73074],[-42.26887,-16.706],[-42.28915,-16.68916],[-42.28975,-16.66941],[-42.30945,-16.65912],[-42.30967,-16.60091],[-42.28937,-16.55286],[-42.3427,-16.50556],[-42.36965,-16.50656],[-42.3834,-16.49507],[-42.37727,-16.47395],[-42.40312,-16.46966],[-42.43801,-16.49569],[-42.46677,-16.48812],[-42.46428,-16.51688],[-42.4266,-16.58951],[-42.42423,-16.62581],[-42.40776,-16.64701],[-42.4417,-16.66265],[-42.45383,-16.65966],[-42.46704,-16.67391]]]},"properties":{"GEOCODIGO":"3171600","NOME":"Virgem da Lapa","UF":"MG"}},
{"type":"Feature","geometry":{"type":"Polygon","coordinates":[[[-42.5176,-15.95999],[-42.5279,-15.99456],[-42.47707,-15.97881],[-42.4627,-15.99903],[-42.47165,-16.03327],[-42.48385,-16.04928],[-42.47829,-16.06453],[-42.43866,-16.08501],[-42.42465,-16.07915],[-42.38986,-16.06598],[-42.34573,-16.0679],[-42.33782,-16.08925],[-42.31711,-16.10866],[-42.30603,-16.09946],[-42.29176,-16.05253],[-42.32017,-16.02413],[-42.29957,-16.00513],[-42.32524,-15.99234],[-42.3467,-15.99997],[-42.36912,-15.99125],[-42.37903,-15.97168],[-42.3658,-15.9549],[-42.37054,-15.93379],[-42.39551,-15.90254],[-42.41979,-15.9012],[-42.43181,-15.93078],[-42.45226,-15.95089],[-42.47376,-15.95689],[-42.49912,-15.95202],[-42.5176,-15.95999]]]},"properties":{"GEOCODIGO":"3145372","NOME":"Novorizonte","UF":"MG"}},
{"type":"Feature","geometry":{"type":"Polygon","coordinates":[[[-42.28527,-19.65013],[-42.26119,-19.65534],[-42.27377,-19.68486],[-42.26269,-19.71549],[-42.24,-19.7279],[-42.20094,-19.68105],[-42.20072,-19.64902],[-42.21963,-19.64801],[-42.22167,-19.60271],[-42.22902,-19.58919],[-42.26385,-19.58269],[-42.27155,-19.62428],[-42.28527,-19.65013]]]},"properties":{"GEOCODIGO":"3123858","NOME":"Entre Folhas","UF":"MG"}},
{"type":"Feature","geometry":{"type":"Polygon","coordinates":[[[-42.18751,-20.86918],[-42.16982,-20.89657],[-42.17193,-20.92222],[-42.16491,-20.97334],[-42.15127,-20.97389],[-42.138,-20.96007],[-42.09194,-20.93565],[-42.06534,-20.93815],[-42.03813,-20.92697],[-41.98412,-20.93265],[-41.96716,-20.91388],[-41.95432,-20.86502],[-41.92932,-20.84459],[-41.95694,-20.8241],[-42.00185,-20.81746],[-42.01024,-20.82282],[-42.04244,-20.80937],[-42.09873,-20.80716],[-42.09702,-20.8365],[-42.11182,-20.85801],[-42.13377,-20.84836],[-42.16862,-20.85378],[-42.18751,-20.86918]]]},"properties":{"GEOCODIGO":"3169208","NOME":"Tombos","UF":"MG"}},
{"type":"Feature","geometry":{"type":"Polygon","coordinates":[[[-42.30144,-18.73909],[-42.32467,-18.76067],[-42.33875,-18.79409],[-42.32708,-18.81766],[-42.31941,-18.80856],[-42.28717,-18.80958],[-42.26914,-18.82858],[-42.27575,-18.86625],[-42.25724,-18.88769],[-42.25866,-18.92313],[-42.27747,-18.97229],[-42.25333,-18.97856],[-42.24636,-18.9933],[-42.20896,-18.9842],[-42.19205,-18.98544],[-42.17283,-19.00879],[-42.17522,-19.02204],[-42.13786,-19.03863],[-42.1268,-19.0243],[-42.09881,-19.00221],[-42.08671,-18.97021],[-42.06023,-18.956],[-42.0292,-18.92953],[-41.98794,-18.92413],[-41.98481,-18.94952],[-41.95749,-18.95471],[-41.94886,-18.93028],[-41.91358,-18.92768],[-41.89161,-18.93383],[-41.85672,-18.92091],[-41.81211,-18.91599],[-41.79842,-18.90407],[-41.71263,-18.91],[-41.71003,-18.88664],[-41.68656,-18.86669],[-41.67825,-18.84338],[-41.68648,-18.82437],[-41.67695,-18.80821],[-41.68892,-18.77726],[-41.66969,-18.7724],[-41.64699,-18.75113],[-41.59383,-18.74757],[-41.59391,-18.71467],[-41.58658,-18.68905],[-41.56619,-18.67119],[-41.58227,-18.61646],[-41.56869,-18.58561],[-41.54011,-18.58146],[-41.5735,-18.57261],[-41.58649,-18.58773],[-41.61978,-18.6042],[-41.64955,-18.61207],[-41.68047,-18.58838],[-41.6958,-18.56142],[-41.72328,-18.60019],[-41.75511,-18.59429],[-41.77436,-18.61304],[-41.76222,-18.62523],[-41.78241,-18.65163],[-41.80225,-18.66588],[-41.82866,-18.65958],[-41.96255,-18.64948],[-42.01108,-18.63838],[-41.9975,-18.6108],[-41.99378,-18.58283],[-42.00894,-18.55164],[-42.05398,-18.5642],[-42.04998,-18.58224],[-42.0687,-18.60852],[-42.09067,-18.606],[-42.13425,-18.64015],[-42.1499,-18.65962],[-42.18929,-18.68001],[-42.18191,-18.70528],[-42.23045,-18.70842],[-42.27347,-18.71967],[-42.30144,-18.73909]]]},"properties":{"GEOCODIGO":"3127701","NOME":"Governador Valadares","UF":"MG"}},
{"type":"Feature","geometry":{"type":"Polygon","coordinates":[[[-42.49238,-16.30725],[-42.48965,-16.34056],[-42.47662,-16.37985],[-42.47013,-16.41855],[-42.47595,-16.44187],[-42.47695,-16.4778],[-42.46677,-16.48812],[-42.43801,-16.49569],[-42.40312,-16.46966],[-42.37727,-16.47395],[-42.31948,-16.49405],[-42.28879,-16.49034],[-42.27925,-16.47386],[-42.24526,-16.47798],[-42.1974,-16.46113],[-42.1747,-16.47824],[-42.11631,-16.45386],[-42.1052,-16.43748],[-42.09265,-16.38644],[-42.02604,-16.37754],[-41.98996,-16.38462],[-41.97756,-16.40264],[-41.89519,-16.36455],[-41.89414,-16.34151],[-41.90966,-16.32192],[-41.93068,-16.30904],[-41.9654,-16.30181],[-42.0067,-16.28548],[-42.02951,-16.25903],[-42.05704,-16.26938],[-42.0754,-16.26396],[-42.09584,-16.245],[-42.11565,-16.24569],[-42.13693,-16.27225],[-42.17024,-16.27384],[-42.17262,-16.28889],[-42.20815,-16.3022],[-42.25668,-16.30286],[-42.31645,-16.31007],[-42.3421,-16.29508],[-42.35562,-16.29822],[-42.3991,-16.27519],[-42.42062,-16.25078],[-42.45623,-16.25054],[-42.46998,-16.26574],[-42.4657,-16.28724],[-42.49238,-16.30725]]]},"properties":{"GEOCODIGO":"3156502","NOME":"Rubelita","UF":"MG"}},
{"type":"Feature","geometry":{"type":"Polygon","coordinates":[[[-42.21039,-20.08905],[-42.20763,-20.14967],[-42.21316,-20.16756],[-42.1948,-20.19425],[-42.21261,-20.28286],[-42.19677,-20.29267],[-42.14199,-20.29156],[-42.11505,-20.30354],[-42.10855,-20.31771],[-42.12427,-20.34271],[-42.0898,-20.3606],[-42.04602,-20.37652],[-42.03334,-20.371],[-42.0202,-20.34261],[-42.00769,-20.33762],[-41.99996,-20.30931],[-42.00602,-20.24721],[-41.99356,-20.21738],[-41.96996,-20.20682],[-41.95861,-20.18023],[-41.95871,-20.1564],[-41.95884,-20.15637],[-42.02635,-20.14861],[-42.05108,-20.16758],[-42.06529,-20.16737],[-42.08274,-20.14781],[-42.07322,-20.11552],[-42.08232,-20.07366],[-42.10203,-20.05753],[-42.12532,-20.01844],[-42.13794,-20.0174],[-42.1637,-19.98989],[-42.19764,-20.00358],[-42.19548,-20.03168],[-42.21039,-20.08905]]]},"properties":{"GEOCODIGO":"3139409","NOME":"Manhuaçu","UF":"MG"}},
{"type":"Feature","geometry":{"type":"Polygon","coordinates":[[[-42.17241,-20.78521],[-42.14578,-20.79638],[-42.12099,-20.7931],[-42.09873,-20.80716],[-42.04244,-20.80937],[-42.01024,-20.82282],[-42.00185,-20.81746],[-41.95694,-20.8241],[-41.92932,-20.84459],[-41.93453,-20.82907],[-41.92773,-20.79451],[-41.93433,-20.79003],[-41.92737,-20.74452],[-41.93443,-20.73524],[-41.96882,-20.73131],[-41.9676,-20.755],[-41.98241,-20.76834],[-42.02197,-20.77434],[-42.04541,-20.74137],[-42.07332,-20.73312],[-42.14387,-20.74911],[-42.17241,-20.78521]]]},"properties":{"GEOCODIGO":"3125309","NOME":"Faria Lemos","UF":"MG"}},
{"type":"Feature","geometry":{"type":"Polygon","coordinates":[[[-42.43311,-17.0891],[-42.40126,-17.10326],[-42.34159,-17.1072],[-42.32134,-17.0814],[-42.28851,-17.05952],[-42.23517,-17.061],[-42.24287,-17.02954],[-42.23429,-17.01779],[-42.25645,-16.99165],[-42.2309,-16.9582],[-42.16736,-16.9306],[-42.16329,-16.8916],[-42.18529,-16.86496],[-42.17895,-16.88177],[-42.20564,-16.88477],[-42.21479,-16.86986],[-42.23422,-16.88059],[-42.25806,-16.863],[-42.29626,-16.86655],[-42.3372,-16.86061],[-42.36798,-16.90789],[-42.39055,-16.91375],[-42.36503,-16.94063],[-42.42171,-17.01698],[-42.43311,-17.0891]]]},"properties":{"GEOCODIGO":"3126505","NOME":"Francisco Badaró","UF":"MG"}},
{"type":"Feature","geometry":{"type":"Polygon","coordinates":[[[-42.20614,-20.32314],[-42.18455,-20.35683],[-42.19411,-20.37826],[-42.17947,-20.40565],[-42.18727,-20.43301],[-42.15568,-20.46686],[-42.13641,-20.46828],[-42.11649,-20.40872],[-42.11597,-20.38839],[-42.0898,-20.3606],[-42.12427,-20.34271],[-42.10855,-20.31771],[-42.11505,-20.30354],[-42.14199,-20.29156],[-42.19677,-20.29267],[-42.20614,-20.32314]]]},"properties":{"GEOCODIGO":"3162559","NOME":"São João do Manhuaçu","UF":"MG"}},
{"type":"Feature","geometry":{"type":"Polygon","coordinates":[[[-42.28352,-17.59533],[-42.27643,-17.61904],[-42.29256,-17.63936],[-42.32715,-17.63773],[-42.36943,-17.68032],[-42.31572,-17.71143],[-42.30528,-17.72622],[-42.32238,-17.75951],[-42.32287,-17.78526],[-42.29017,-17.7795],[-42.26564,-17.78803],[-42.24064,-17.76704],[-42.2161,-17.7706],[-42.21475,-17.73324],[-42.2224,-17.70634],[-42.23954,-17.69382],[-42.23367,-17.67608],[-42.25611,-17.65236],[-42.25267,-17.6116],[-42.28352,-17.59533]]]},"properties":{"GEOCODIGO":"3102852","NOME":"Angelândia","UF":"MG"}},
{"type":"Feature","geometry":{"type":"Polygon","coordinates":[[[-42.24479,-19.54639],[-42.21469,-19.55837],[-42.20893,-19.6154],[-42.16246,-19.61509],[-42.129,-19.62354],[-42.09755,-19.6033],[-42.08244,-19.60445],[-42.04572,-19.58706],[-42.05294,-19.57441],[-42.05649,-19.55142],[-42.07686,-19.52051],[-42.06283,-19.50149],[-42.04272,-19.50203],[-42.0114,-19.45912],[-41.99956,-19.45769],[-41.98108,-19.44481],[-41.95958,-19.45204],[-41.93753,-19.49902],[-41.89544,-19.54031],[-41.90184,-19.56531],[-41.89774,-19.58552],[-41.90231,-19.62083],[-41.85314,-19.58315],[-41.81578,-19.59366],[-41.80085,-19.57747],[-41.75119,-19.59492],[-41.70129,-19.56885],[-41.65411,-19.53206],[-41.65338,-19.50781],[-41.66577,-19.49004],[-41.6637,-19.45497],[-41.67545,-19.47913],[-41.69948,-19.49844],[-41.7341,-19.49736],[-41.75933,-19.50598],[-41.77695,-19.4987],[-41.77772,-19.46796],[-41.82615,-19.46212],[-41.82233,-19.42694],[-41.84691,-19.42098],[-41.88825,-19.38484],[-41.95944,-19.34715],[-41.98011,-19.37416],[-42.00258,-19.38357],[-42.02883,-19.37619],[-42.07404,-19.40392],[-42.08836,-19.42645],[-42.11069,-19.44329],[-42.13872,-19.44019],[-42.13788,-19.41426],[-42.15175,-19.43579],[-42.19725,-19.46993],[-42.20127,-19.48483],[-42.24479,-19.54639]]]},"properties":{"GEOCODIGO":"3130903","NOME":"Inhapim","UF":"MG"}},
{"type":"Feature","geometry":{"type":"Polygon","coordinates":[[[-42.17912,-19.26309],[-42.2023,-19.27781],[-42.20133,-19.30008],[-42.21583,-19.32759],[-42.21394,-19.3422],[-42.22827,-19.37373],[-42.20319,-19.37341],[-42.19458,-19.38435],[-42.18744,-19.42466],[-42.15175,-19.43579],[-42.13788,-19.41426],[-42.13578,-19.38048],[-42.12005,-19.36422],[-42.11697,-19.34439],[-42.11983,-19.31577],[-42.15356,-19.32843],[-42.16372,-19.2907],[-42.17912,-19.26309]]]},"properties":{"GEOCODIGO":"3162609","NOME":"São João do Oriente","UF":"MG"}},
{"type":"Feature","geometry":{"type":"Polygon","coordinates":[[[-42.13641,-20.46828],[-42.13491,-20.49364],[-42.10304,-20.49486],[-42.06893,-20.50953],[-42.05866,-20.49946],[-42.0587,-20.48044],[-42.02429,-20.47424],[-42.00671,-20.44356],[-42.01318,-20.41011],[-42.04602,-20.37652],[-42.0898,-20.3606],[-42.11597,-20.38839],[-42.11649,-20.40872],[-42.13641,-20.46828]]]},"properties":{"GEOCODIGO":"3138674","NOME":"Luisburgo","UF":"MG"}},
{"type":"Feature","geometry":{"type":"Polygon","coordinates":[[[-42.17669,-19.92474],[-42.15975,-19.95815],[-42.1637,-19.98989],[-42.13794,-20.0174],[-42.12532,-20.01844],[-42.1084,-20.00108],[-42.10397,-19.96558],[-42.08857,-19.96151],[-42.07682,-19.93747],[-42.06027,-19.95138],[-42.02434,-19.91924],[-42.03319,-19.89555],[-42.05819,-19.90217],[-42.07635,-19.88421],[-42.09349,-19.89398],[-42.09658,-19.91785],[-42.13116,-19.90902],[-42.15635,-19.91277],[-42.17669,-19.92474]]]},"properties":{"GEOCODIGO":"3157252","NOME":"Santa Bárbara do Leste","UF":"MG"}},
{"type":"Feature","geometry":{"type":"Polygon","coordinates":[[[-42.23218,-19.1556],[-42.2102,-19.16966],[-42.20247,-19.20722],[-42.17912,-19.26309],[-42.16372,-19.2907],[-42.15356,-19.32843],[-42.11983,-19.31577],[-42.08447,-19.26341],[-42.08655,-19.24394],[-42.07202,-19.21596],[-42.0817,-19.18601],[-42.09956,-19.19654],[-42.11525,-19.18854],[-42.11866,-19.13621],[-42.1552,-19.13213],[-42.17799,-19.11917],[-42.20053,-19.14307],[-42.23218,-19.1556]]]},"properties":{"GEOCODIGO":"3167707","NOME":"Sobrália","UF":"MG"}},
{"type":"Feature","geometry":{"type":"Polygon","coordinates":[[[-42.20402,-18.41018],[-42.21795,-18.40426],[-42.24047,-18.42498],[-42.2687,-18.42989],[-42.27731,-18.48614],[-42.23426,-18.50968],[-42.23129,-18.53455],[-42.22373,-18.53959],[-42.22531,-18.57599],[-42.18816,-18.55898],[-42.17662,-18.56512],[-42.14537,-18.54638],[-42.10742,-18.55119],[-42.09242,-18.5458],[-42.12033,-18.5362],[-42.11909,-18.49333],[-42.14055,-18.46704],[-42.12759,-18.41989],[-42.10083,-18.42722],[-42.10361,-18.41005],[-42.12506,-18.39329],[-42.18428,-18.40156],[-42.20402,-18.41018]]]},"properties":{"GEOCODIGO":"3144201","NOME":"Nacip Raydan","UF":"MG"}},
{"type":"Feature","geometry":{"type":"Polygon","coordinates":[[[-42.42465,-16.07915],[-42.42063,-16.10564],[-42.39354,-16.12386],[-42.3754,-16.17339],[-42.35393,-16.1848],[-42.36582,-16.22059],[-42.35234,-16.24612],[-42.36117,-16.28113],[-42.3421,-16.29508],[-42.31645,-16.31007],[-42.25668,-16.30286],[-42.20815,-16.3022],[-42.17262,-16.28889],[-42.17024,-16.27384],[-42.13693,-16.27225],[-42.11565,-16.24569],[-42.09584,-16.245],[-42.0754,-16.26396],[-42.05704,-16.26938],[-42.02951,-16.25903],[-42.0067,-16.28548],[-41.9654,-16.30181],[-41.93068,-16.30904],[-41.90966,-16.32192],[-41.91058,-16.30874],[-41.93195,-16.2813],[-41.89645,-16.21104],[-41.86858,-16.18221],[-41.85493,-16.1439],[-41.85365,-16.11727],[-41.88287,-16.11243],[-41.92414,-16.13286],[-41.92768,-16.04351],[-41.91245,-16.01727],[-41.95447,-15.99847],[-42.01523,-15.99503],[-42.02632,-15.98484],[-42.06723,-15.96946],[-42.06776,-15.95205],[-42.08235,-15.92263],[-42.10504,-15.90681],[-42.12434,-15.90931],[-42.15159,-15.94027],[-42.18315,-15.93581],[-42.19993,-15.9449],[-42.23799,-15.9105],[-42.26951,-15.91505],[-42.2751,-15.88553],[-42.28924,-15.85889],[-42.32701,-15.84984],[-42.35096,-15.85894],[-42.37437,-15.88745],[-42.39551,-15.90254],[-42.37054,-15.93379],[-42.3658,-15.9549],[-42.37903,-15.97168],[-42.36912,-15.99125],[-42.3467,-15.99997],[-42.32524,-15.99234],[-42.29957,-16.00513],[-42.32017,-16.02413],[-42.29176,-16.05253],[-42.30603,-16.09946],[-42.31711,-16.10866],[-42.33782,-16.08925],[-42.34573,-16.0679],[-42.38986,-16.06598],[-42.42465,-16.07915]]]},"properties":{"GEOCODIGO":"3157005","NOME":"Salinas","UF":"MG"}},
{"type":"Feature","geometry":{"type":"Polygon","coordinates":[[[-42.07635,-19.88421],[-42.0763,-19.84473],[-42.10933,-19.84603],[-42.1356,-19.83009],[-42.16352,-19.84542],[-42.15527,-19.88016],[-42.16527,-19.89382],[-42.15635,-19.91277],[-42.13116,-19.90902],[-42.09658,-19.91785],[-42.09349,-19.89398],[-42.07635,-19.88421]]]},"properties":{"GEOCODIGO":"3159357","NOME":"Santa Rita de Minas","UF":"MG"}},
{"type":"Feature","geometry":{"type":"Polygon","coordinates":[[[-42.34159,-17.1072],[-42.34703,-17.12806],[-42.33418,-17.15722],[-42.33987,-17.17722],[-42.30887,-17.18413],[-42.27815,-17.15487],[-42.2467,-17.15514],[-42.25001,-17.17182],[-42.20534,-17.20279],[-42.19931,-17.2194],[-42.17953,-17.2286],[-42.17756,-17.24777],[-42.14476,-17.25991],[-42.13786,-17.30011],[-42.1145,-17.31649],[-42.11084,-17.29269],[-42.0982,-17.28404],[-42.07853,-17.23601],[-42.07921,-17.21212],[-42.10701,-17.20551],[-42.15939,-17.16328],[-42.17331,-17.16452],[-42.22359,-17.09571],[-42.23517,-17.061],[-42.28851,-17.05952],[-42.32134,-17.0814],[-42.34159,-17.1072]]]},"properties":{"GEOCODIGO":"3135456","NOME":"Jenipapo de Minas","UF":"MG"}},
{"type":"Feature","geometry":{"type":"Polygon","coordinates":[[[-42.37727,-16.47395],[-42.3834,-16.49507],[-42.36965,-16.50656],[-42.3427,-16.50556],[-42.28937,-16.55286],[-42.30967,-16.60091],[-42.30945,-16.65912],[-42.28975,-16.66941],[-42.28915,-16.68916],[-42.26887,-16.706],[-42.25687,-16.73074],[-42.24126,-16.73407],[-42.22002,-16.71373],[-42.20617,-16.72396],[-42.20937,-16.76514],[-42.17326,-16.76696],[-42.14264,-16.73787],[-42.09428,-16.72739],[-42.1002,-16.70399],[-42.0722,-16.69347],[-42.04118,-16.62939],[-42.05651,-16.60063],[-42.04209,-16.583],[-42.04004,-16.54449],[-42.02512,-16.52177],[-42.02028,-16.49037],[-42.07413,-16.46106],[-42.07943,-16.44593],[-42.1052,-16.43748],[-42.11631,-16.45386],[-42.1747,-16.47824],[-42.1974,-16.46113],[-42.24526,-16.47798],[-42.27925,-16.47386],[-42.28879,-16.49034],[-42.31948,-16.49405],[-42.37727,-16.47395]]]},"properties":{"GEOCODIGO":"3119500","NOME":"Coronel Murta","UF":"MG"}},
{"type":"Feature","geometry":{"type":"Polygon","coordinates":[[[-42.16246,-19.61509],[-42.16791,-19.64702],[-42.15505,-19.66559],[-42.11888,-19.67868],[-42.11778,-19.7379],[-42.09716,-19.74037],[-42.08022,-19.72769],[-42.08134,-19.70835],[-42.06622,-19.68531],[-42.04291,-19.70615],[-42.0179,-19.71001],[-41.99027,-19.69554],[-41.96697,-19.6615],[-41.96957,-19.63645],[-41.99061,-19.63763],[-41.99978,-19.61844],[-42.0313,-19.63269],[-42.05053,-19.61794],[-42.04572,-19.58706],[-42.08244,-19.60445],[-42.09755,-19.6033],[-42.129,-19.62354],[-42.16246,-19.61509]]]},"properties":{"GEOCODIGO":"3170057","NOME":"Ubaporanga","UF":"MG"}},
{"type":"Feature","geometry":{"type":"Polygon","coordinates":[[[-42.0642,-20.51483],[-42.08711,-20.54521],[-42.07352,-20.56367],[-42.07704,-20.59918],[-42.05002,-20.6063],[-41.9781,-20.61215],[-41.99016,-20.63561],[-41.9881,-20.65598],[-41.9576,-20.69506],[-41.94908,-20.68],[-41.91513,-20.66167],[-41.89413,-20.67761],[-41.85044,-20.69488],[-41.82724,-20.65592],[-41.8201,-20.6273],[-41.85054,-20.62077],[-41.8341,-20.56811],[-41.8039,-20.53792],[-41.8118,-20.51865],[-41.79919,-20.47675],[-41.8398,-20.48293],[-41.85049,-20.49861],[-41.86463,-20.52521],[-41.87117,-20.57033],[-41.89915,-20.58077],[-41.92726,-20.5606],[-41.96171,-20.55603],[-41.97926,-20.57461],[-41.99435,-20.55219],[-42.02796,-20.53879],[-42.04441,-20.51731],[-42.0642,-20.51483]]]},"properties":{"GEOCODIGO":"3124203","NOME":"Espera Feliz","UF":"MG"}},
{"type":"Feature","geometry":{"type":"Polygon","coordinates":[[[-42.26564,-17.78803],[-42.27442,-17.8093],[-42.28103,-17.8512],[-42.24277,-17.91067],[-42.22817,-17.91034],[-42.19264,-17.95595],[-42.18954,-17.98012],[-42.16804,-18.01056],[-42.1487,-18.01507],[-42.14105,-17.9929],[-42.11077,-17.98705],[-42.05021,-17.95108],[-42.05796,-17.91487],[-42.0448,-17.90096],[-42.02284,-17.85757],[-41.98573,-17.86709],[-41.91708,-17.85184],[-41.90907,-17.81509],[-41.91842,-17.80722],[-41.92665,-17.76561],[-41.97725,-17.78852],[-41.99568,-17.75664],[-42.02922,-17.76951],[-42.04255,-17.75701],[-42.01998,-17.72121],[-42.04117,-17.71545],[-42.04509,-17.69806],[-42.12742,-17.71189],[-42.14292,-17.70166],[-42.15017,-17.75075],[-42.15819,-17.77044],[-42.18503,-17.76333],[-42.2161,-17.7706],[-42.24064,-17.76704],[-42.26564,-17.78803]]]},"properties":{"GEOCODIGO":"3139201","NOME":"Malacacheta","UF":"MG"}},
{"type":"Feature","geometry":{"type":"Polygon","coordinates":[[[-42.12532,-20.01844],[-42.10203,-20.05753],[-42.08232,-20.07366],[-42.07322,-20.11552],[-42.08274,-20.14781],[-42.06529,-20.16737],[-42.05108,-20.16758],[-42.02635,-20.14861],[-41.95884,-20.15637],[-41.97324,-20.14224],[-41.97563,-20.1025],[-41.95255,-20.07747],[-41.98238,-20.04114],[-41.98411,-19.99576],[-41.9681,-19.98452],[-41.92578,-19.98644],[-41.89663,-19.99733],[-41.88975,-19.95428],[-41.86974,-19.94937],[-41.84316,-19.92513],[-41.83026,-19.89761],[-41.809,-19.8755],[-41.81816,-19.84539],[-41.80061,-19.83187],[-41.82685,-19.82834],[-41.85171,-19.85614],[-41.87191,-19.86005],[-41.89814,-19.88746],[-41.9343,-19.87955],[-41.97377,-19.87993],[-41.97269,-19.90535],[-41.98999,-19.92306],[-42.02434,-19.91924],[-42.06027,-19.95138],[-42.07682,-19.93747],[-42.08857,-19.96151],[-42.10397,-19.96558],[-42.1084,-20.00108],[-42.12532,-20.01844]]]},"properties":{"GEOCODIGO":"3167608","NOME":"Simonésia","UF":"MG"}},
{"type":"Feature","geometry":{"type":"Polygon","coordinates":[[[-42.41562,-15.40231],[-42.40121,-15.4119],[-42.42023,-15.45103],[-42.39354,-15.45814],[-42.38566,-15.4729],[-42.316,-15.4701],[-42.24802,-15.46041],[-42.22952,-15.41958],[-42.2183,-15.3786],[-42.22131,-15.31732],[-42.2091,-15.30159],[-42.19723,-15.25683],[-42.20868,-15.21709],[-42.22432,-15.21632],[-42.23223,-15.19171],[-42.25889,-15.2001],[-42.27188,-15.19322],[-42.30117,-15.19674],[-42.31262,-15.20792],[-42.34506,-15.20157],[-42.34027,-15.25418],[-42.34987,-15.27883],[-42.34798,-15.31064],[-42.37823,-15.3423],[-42.37862,-15.35285],[-42.41562,-15.40231]]]},"properties":{"GEOCODIGO":"3170651","NOME":"Vargem Grande do Rio Pardo","UF":"MG"}},
{"type":"Feature","geometry":{"type":"Polygon","coordinates":[[[-42.18992,-17.44184],[-42.21642,-17.4571],[-42.21923,-17.48353],[-42.25861,-17.5303],[-42.25323,-17.55054],[-42.28786,-17.59569],[-42.28352,-17.59533],[-42.25267,-17.6116],[-42.25611,-17.65236],[-42.23367,-17.67608],[-42.23954,-17.69382],[-42.2224,-17.70634],[-42.21475,-17.73324],[-42.2161,-17.7706],[-42.18503,-17.76333],[-42.15819,-17.77044],[-42.15017,-17.75075],[-42.14292,-17.70166],[-42.12742,-17.71189],[-42.04509,-17.69806],[-42.04117,-17.71545],[-42.03789,-17.70549],[-42.00159,-17.69514],[-42.00344,-17.67232],[-41.98417,-17.65464],[-41.99145,-17.65634],[-42.01234,-17.61891],[-42.04689,-17.6009],[-42.07617,-17.60652],[-42.11089,-17.59324],[-42.13284,-17.57081],[-42.13204,-17.52751],[-42.16635,-17.49361],[-42.17179,-17.44984],[-42.18992,-17.44184]]]},"properties":{"GEOCODIGO":"3165552","NOME":"Setubinha","UF":"MG"}},
{"type":"Feature","geometry":{"type":"Polygon","coordinates":[[[-42.17799,-19.11917],[-42.1552,-19.13213],[-42.11866,-19.13621],[-42.11525,-19.18854],[-42.07928,-19.16588],[-42.05514,-19.15753],[-42.03884,-19.12012],[-42.04638,-19.10138],[-42.02719,-19.05546],[-42.05333,-19.04419],[-42.0615,-19.06792],[-42.0915,-19.05119],[-42.09947,-19.02361],[-42.1268,-19.0243],[-42.13786,-19.03863],[-42.133,-19.05775],[-42.15128,-19.07554],[-42.15405,-19.09652],[-42.17799,-19.11917]]]},"properties":{"GEOCODIGO":"3125804","NOME":"Fernandes Tourinho","UF":"MG"}},
{"type":"Feature","geometry":{"type":"Polygon","coordinates":[[[-42.06893,-20.50953],[-42.0642,-20.51483],[-42.04441,-20.51731],[-42.02796,-20.53879],[-41.99435,-20.55219],[-41.97926,-20.57461],[-41.96171,-20.55603],[-41.92726,-20.5606],[-41.89915,-20.58077],[-41.87117,-20.57033],[-41.86463,-20.52521],[-41.85049,-20.49861],[-41.91556,-20.48806],[-41.9145,-20.50478],[-41.93191,-20.51661],[-41.96288,-20.50543],[-41.98524,-20.48266],[-42.01548,-20.48678],[-42.0231,-20.4993],[-42.05866,-20.49946],[-42.06893,-20.50953]]]},"properties":{"GEOCODIGO":"3112109","NOME":"Caparaó","UF":"MG"}},
{"type":"Feature","geometry":{"type":"Polygon","coordinates":[[[-42.01318,-20.41011],[-42.00671,-20.44356],[-42.02429,-20.47424],[-42.0587,-20.48044],[-42.05866,-20.49946],[-42.0231,-20.4993],[-42.01548,-20.48678],[-41.98524,-20.48266],[-41.96288,-20.50543],[-41.93199,-20.49183],[-41.92782,-20.47178],[-41.89505,-20.43458],[-41.85144,-20.40207],[-41.83612,-20.40882],[-41.85789,-20.37343],[-41.90671,-20.38761],[-41.94269,-20.3856],[-41.96313,-20.40477],[-41.99288,-20.39839],[-42.01318,-20.41011]]]},"properties":{"GEOCODIGO":"3153509","NOME":"Alto Jequitibá","UF":"MG"}},
{"type":"Feature","geometry":{"type":"Polygon","coordinates":[[[-42.13788,-19.41426],[-42.13872,-19.44019],[-42.11069,-19.44329],[-42.08836,-19.42645],[-42.07404,-19.40392],[-42.02883,-19.37619],[-42.04172,-19.35668],[-42.08161,-19.35496],[-42.0968,-19.36254],[-42.11697,-19.34439],[-42.12005,-19.36422],[-42.13578,-19.38048],[-42.13788,-19.41426]]]},"properties":{"GEOCODIGO":"3122504","NOME":"Dom Cavati","UF":"MG"}},
{"type":"Feature","geometry":{"type":"Polygon","coordinates":[[[-42.20781,-18.24406],[-42.19011,-18.26],[-42.18197,-18.28084],[-42.19459,-18.29504],[-42.16793,-18.35841],[-42.13033,-18.37218],[-42.12506,-18.39329],[-42.10361,-18.41005],[-42.10083,-18.42722],[-42.06363,-18.43208],[-42.05317,-18.41765],[-42.05011,-18.38098],[-42.05805,-18.35879],[-42.08028,-18.35473],[-42.0765,-18.32241],[-42.06319,-18.2908],[-42.06581,-18.26074],[-42.10095,-18.25621],[-42.12028,-18.24142],[-42.17576,-18.21799],[-42.19845,-18.21989],[-42.20781,-18.24406]]]},"properties":{"GEOCODIGO":"3163003","NOME":"São José da Safira","UF":"MG"}},
{"type":"Feature","geometry":{"type":"Polygon","coordinates":[[[-42.09716,-19.74037],[-42.08638,-19.75576],[-42.08925,-19.77914],[-42.06241,-19.79202],[-42.04732,-19.83728],[-42.00843,-19.82541],[-41.99225,-19.77939],[-42.00539,-19.7628],[-42.00675,-19.73286],[-42.0179,-19.71001],[-42.04291,-19.70615],[-42.06622,-19.68531],[-42.08134,-19.70835],[-42.08022,-19.72769],[-42.09716,-19.74037]]]},"properties":{"GEOCODIGO":"3150158","NOME":"Piedade de Caratinga","UF":"MG"}},
{"type":"Feature","geometry":{"type":"Polygon","coordinates":[[[-42.04602,-20.37652],[-42.01318,-20.41011],[-41.99288,-20.39839],[-41.96313,-20.40477],[-41.94269,-20.3856],[-41.90671,-20.38761],[-41.85789,-20.37343],[-41.85285,-20.3501],[-41.82251,-20.31065],[-41.85941,-20.29477],[-41.88828,-20.30482],[-41.90952,-20.31314],[-41.93336,-20.28878],[-41.96789,-20.30163],[-41.98743,-20.2946],[-41.99996,-20.30931],[-42.00769,-20.33762],[-42.0202,-20.34261],[-42.03334,-20.371],[-42.04602,-20.37652]]]},"properties":{"GEOCODIGO":"3139508","NOME":"Manhumirim","UF":"MG"}},
{"type":"Feature","geometry":{"type":"Polygon","coordinates":[[[-42.08655,-19.24394],[-42.08447,-19.26341],[-42.11983,-19.31577],[-42.11697,-19.34439],[-42.0968,-19.36254],[-42.08161,-19.35496],[-42.04172,-19.35668],[-42.02883,-19.37619],[-42.00258,-19.38357],[-41.98011,-19.37416],[-41.95944,-19.34715],[-41.88825,-19.38484],[-41.84691,-19.42098],[-41.82233,-19.42694],[-41.76728,-19.40661],[-41.76814,-19.38052],[-41.74841,-19.36028],[-41.72488,-19.3555],[-41.70433,-19.33204],[-41.68431,-19.30431],[-41.68911,-19.27716],[-41.70408,-19.27281],[-41.74402,-19.25615],[-41.77933,-19.25487],[-41.78439,-19.21677],[-41.80614,-19.21589],[-41.8475,-19.22535],[-41.88594,-19.21735],[-41.90652,-19.24143],[-41.95722,-19.2304],[-41.95577,-19.21307],[-41.93372,-19.18737],[-41.92675,-19.16626],[-41.95188,-19.16026],[-41.96631,-19.14105],[-41.98678,-19.16344],[-42.00714,-19.16914],[-42.01297,-19.22931],[-42.03379,-19.24826],[-42.06291,-19.23937],[-42.08655,-19.24394]]]},"properties":{"GEOCODIGO":"3168408","NOME":"Tarumirim","UF":"MG"}},
{"type":"Feature","geometry":{"type":"Polygon","coordinates":[[[-42.11525,-19.18854],[-42.09956,-19.19654],[-42.0817,-19.18601],[-42.07202,-19.21596],[-42.08655,-19.24394],[-42.06291,-19.23937],[-42.03379,-19.24826],[-42.01297,-19.22931],[-42.00714,-19.16914],[-41.98678,-19.16344],[-41.96631,-19.14105],[-41.96164,-19.11797],[-41.97739,-19.09502],[-41.99805,-19.09204],[-41.9985,-19.06845],[-41.98463,-19.04024],[-41.94556,-19.02115],[-41.93422,-18.9875],[-41.93746,-18.98819],[-41.98409,-18.99921],[-42.01566,-19.02669],[-42.0303,-19.02665],[-42.05333,-19.04419],[-42.02719,-19.05546],[-42.04638,-19.10138],[-42.03884,-19.12012],[-42.05514,-19.15753],[-42.07928,-19.16588],[-42.11525,-19.18854]]]},"properties":{"GEOCODIGO":"3123700","NOME":"Engenheiro Caldas","UF":"MG"}},
{"type":"Feature","geometry":{"type":"Polygon","coordinates":[[[-42.1268,-19.0243],[-42.09947,-19.02361],[-42.0915,-19.05119],[-42.0615,-19.06792],[-42.05333,-19.04419],[-42.0303,-19.02665],[-42.01566,-19.02669],[-41.98409,-18.99921],[-41.93746,-18.98819],[-41.92675,-18.96561],[-41.89161,-18.93383],[-41.91358,-18.92768],[-41.94886,-18.93028],[-41.95749,-18.95471],[-41.98481,-18.94952],[-41.98794,-18.92413],[-42.0292,-18.92953],[-42.06023,-18.956],[-42.08671,-18.97021],[-42.09881,-19.00221],[-42.1268,-19.0243]]]},"properties":{"GEOCODIGO":"3101805","NOME":"Alpercata","UF":"MG"}},
{"type":"Feature","geometry":{"type":"Polygon","coordinates":[[[-42.32701,-15.84984],[-42.28924,-15.85889],[-42.2751,-15.88553],[-42.26951,-15.91505],[-42.23799,-15.9105],[-42.19993,-15.9449],[-42.18315,-15.93581],[-42.15159,-15.94027],[-42.12434,-15.90931],[-42.10504,-15.90681],[-42.08235,-15.92263],[-42.06776,-15.95205],[-42.06723,-15.96946],[-42.02632,-15.98484],[-42.01523,-15.99503],[-41.95447,-15.99847],[-41.91245,-16.01727],[-41.90593,-15.9891],[-41.91316,-15.95443],[-41.90509,-15.93395],[-41.91709,-15.9069],[-41.90498,-15.87489],[-41.88456,-15.84852],[-41.86923,-15.84058],[-41.85876,-15.81484],[-41.86071,-15.79229],[-41.87937,-15.76979],[-41.88013,-15.74859],[-41.894,-15.73269],[-41.9084,-15.67553],[-41.91594,-15.66319],[-41.90465,-15.63041],[-41.93486,-15.62518],[-41.96104,-15.63461],[-41.99024,-15.6565],[-42.06415,-15.6759],[-42.09385,-15.66878],[-42.11345,-15.6938],[-42.12246,-15.72891],[-42.13676,-15.71863],[-42.17838,-15.72436],[-42.19495,-15.74805],[-42.23024,-15.76394],[-42.23804,-15.78208],[-42.25948,-15.78767],[-42.27479,-15.81844],[-42.3039,-15.8268],[-42.32701,-15.84984]]]},"properties":{"GEOCODIGO":"3168002","NOME":"Taiobeiras","UF":"MG"}},
{"type":"Feature","geometry":{"type":"Polygon","coordinates":[[[-42.18529,-16.86496],[-42.16329,-16.8916],[-42.16736,-16.9306],[-42.2309,-16.9582],[-42.25645,-16.99165],[-42.23429,-17.01779],[-42.24287,-17.02954],[-42.23517,-17.061],[-42.22359,-17.09571],[-42.17331,-17.16452],[-42.15939,-17.16328],[-42.10701,-17.20551],[-42.07921,-17.21212],[-42.0614,-17.18249],[-42.01934,-17.18929],[-42.00576,-17.21016],[-41.98544,-17.19128],[-41.95234,-17.19393],[-41.95801,-17.14804],[-41.95737,-17.0733],[-41.93395,-17.09382],[-41.88253,-17.09921],[-41.86876,-17.10903],[-41.85106,-17.09317],[-41.86767,-17.05478],[-41.85367,-17.03163],[-41.81231,-17.04654],[-41.80033,-17.02216],[-41.77387,-17.02823],[-41.70895,-16.97074],[-41.69006,-16.97185],[-41.67488,-16.98691],[-41.64086,-16.96532],[-41.62651,-16.94534],[-41.66,-16.92277],[-41.69132,-16.91094],[-41.7097,-16.88956],[-41.74627,-16.8992],[-41.75815,-16.86548],[-41.75704,-16.83558],[-41.77445,-16.83567],[-41.79806,-16.81024],[-41.85262,-16.80215],[-41.84855,-16.82419],[-41.90364,-16.80714],[-41.9119,-16.78938],[-41.91184,-16.75999],[-41.90026,-16.72905],[-41.90095,-16.67649],[-41.93063,-16.66802],[-41.94417,-16.65336],[-41.97135,-16.64291],[-41.98845,-16.59495],[-42.00818,-16.57792],[-42.04209,-16.583],[-42.05651,-16.60063],[-42.04118,-16.62939],[-42.0722,-16.69347],[-42.1002,-16.70399],[-42.09428,-16.72739],[-42.14264,-16.73787],[-42.17326,-16.76696],[-42.1464,-16.77536],[-42.13754,-16.79201],[-42.14087,-16.81495],[-42.18829,-16.84532],[-42.18529,-16.86496]]]},"properties":{"GEOCODIGO":"3103405","NOME":"Araçuaí","UF":"MG"}},
{"type":"Feature","geometry":{"type":"Polygon","coordinates":[[[-41.99956,-19.45769],[-42.0114,-19.45912],[-42.04272,-19.50203],[-42.06283,-19.50149],[-42.07686,-19.52051],[-42.05649,-19.55142],[-42.05294,-19.57441],[-42.02374,-19.56565],[-41.9918,-19.53881],[-41.99508,-19.50507],[-42.00616,-19.46592],[-41.99956,-19.45769]]]},"properties":{"GEOCODIGO":"3160959","NOME":"São Domingos das Dores","UF":"MG"}},
{"type":"Feature","geometry":{"type":"Polygon","coordinates":[[[-42.10083,-18.42722],[-42.12759,-18.41989],[-42.14055,-18.46704],[-42.11909,-18.49333],[-42.12033,-18.5362],[-42.09242,-18.5458],[-42.04998,-18.58224],[-42.05398,-18.5642],[-42.00894,-18.55164],[-41.97218,-18.53405],[-42.00819,-18.52437],[-42.03894,-18.5039],[-42.04637,-18.46866],[-42.02602,-18.45546],[-42.03525,-18.4277],[-42.05317,-18.41765],[-42.06363,-18.43208],[-42.10083,-18.42722]]]},"properties":{"GEOCODIGO":"3140100","NOME":"Marilac","UF":"MG"}},
{"type":"Feature","geometry":{"type":"Polygon","coordinates":[[[-42.10474,-17.35434],[-42.08548,-17.37847],[-42.17583,-17.41575],[-42.20761,-17.41112],[-42.21128,-17.42141],[-42.18992,-17.44184],[-42.17179,-17.44984],[-42.16635,-17.49361],[-42.13204,-17.52751],[-42.13284,-17.57081],[-42.11089,-17.59324],[-42.07617,-17.60652],[-42.04689,-17.6009],[-42.01234,-17.61891],[-41.99145,-17.65634],[-41.98417,-17.65464],[-41.99681,-17.64184],[-41.9759,-17.61215],[-41.93023,-17.57842],[-41.91956,-17.5403],[-41.87603,-17.51882],[-41.84896,-17.51477],[-41.80912,-17.49872],[-41.80144,-17.48344],[-41.75315,-17.4434],[-41.76464,-17.40391],[-41.74448,-17.38439],[-41.73256,-17.3556],[-41.74934,-17.34294],[-41.76154,-17.28479],[-41.79339,-17.24523],[-41.82464,-17.23077],[-41.82226,-17.20953],[-41.80165,-17.189],[-41.78537,-17.14788],[-41.80295,-17.13245],[-41.8282,-17.13276],[-41.86134,-17.12377],[-41.86876,-17.10903],[-41.88253,-17.09921],[-41.93395,-17.09382],[-41.95737,-17.0733],[-41.95801,-17.14804],[-41.95234,-17.19393],[-41.98544,-17.19128],[-42.00576,-17.21016],[-42.01934,-17.18929],[-42.0614,-17.18249],[-42.07921,-17.21212],[-42.07853,-17.23601],[-42.0982,-17.28404],[-42.11084,-17.29269],[-42.1145,-17.31649],[-42.09596,-17.34342],[-42.10474,-17.35434]]]},"properties":{"GEOCODIGO":"3145307","NOME":"Novo Cruzeiro","UF":"MG"}},
{"type":"Feature","geometry":{"type":"Polygon","coordinates":[[[-41.95871,-20.1564],[-41.95861,-20.18023],[-41.96996,-20.20682],[-41.99356,-20.21738],[-42.00602,-20.24721],[-41.99996,-20.30931],[-41.98743,-20.2946],[-41.96789,-20.30163],[-41.93336,-20.28878],[-41.90952,-20.31314],[-41.88828,-20.30482],[-41.89961,-20.27554],[-41.8978,-20.22759],[-41.87386,-20.19747],[-41.88748,-20.16932],[-41.93697,-20.17279],[-41.95871,-20.1564]]]},"properties":{"GEOCODIGO":"3154150","NOME":"Reduto","UF":"MG"}},
{"type":"Feature","geometry":{"type":"Polygon","coordinates":[[[-42.316,-15.4701],[-42.30679,-15.49333],[-42.31657,-15.55632],[-42.32246,-15.567],[-42.30831,-15.61015],[-42.28971,-15.63401],[-42.27598,-15.66538],[-42.25734,-15.686],[-42.22962,-15.70189],[-42.2154,-15.6979],[-42.19495,-15.74805],[-42.17838,-15.72436],[-42.13676,-15.71863],[-42.12246,-15.72891],[-42.11345,-15.6938],[-42.09385,-15.66878],[-42.06415,-15.6759],[-41.99024,-15.6565],[-41.96104,-15.63461],[-41.93486,-15.62518],[-41.97832,-15.56247],[-41.96977,-15.54508],[-41.97588,-15.51992],[-41.99157,-15.51075],[-42.01749,-15.46353],[-42.06078,-15.42887],[-42.07615,-15.39505],[-42.09479,-15.38106],[-42.11254,-15.42384],[-42.15653,-15.4067],[-42.22952,-15.41958],[-42.24802,-15.46041],[-42.316,-15.4701]]]},"properties":{"GEOCODIGO":"3130655","NOME":"Indaiabira","UF":"MG"}},
{"type":"Feature","geometry":{"type":"Polygon","coordinates":[[[-41.96882,-20.73131],[-41.93443,-20.73524],[-41.92737,-20.74452],[-41.93433,-20.79003],[-41.92773,-20.79451],[-41.90591,-20.79675],[-41.87306,-20.77045],[-41.87924,-20.7565],[-41.8592,-20.74205],[-41.85044,-20.69488],[-41.89413,-20.67761],[-41.91513,-20.66167],[-41.94908,-20.68],[-41.9576,-20.69506],[-41.96882,-20.73131]]]},"properties":{"GEOCODIGO":"3110103","NOME":"Caiana","UF":"MG"}},
{"type":"Feature","geometry":{"type":"Polygon","coordinates":[[[-42.04572,-19.58706],[-42.05053,-19.61794],[-42.0313,-19.63269],[-41.99978,-19.61844],[-41.99061,-19.63763],[-41.96957,-19.63645],[-41.96697,-19.6615],[-41.99027,-19.69554],[-42.0179,-19.71001],[-42.00675,-19.73286],[-41.97464,-19.72464],[-41.96394,-19.72993],[-41.94274,-19.69711],[-41.91736,-19.67004],[-41.90231,-19.62083],[-41.89774,-19.58552],[-41.90184,-19.56531],[-41.91325,-19.55679],[-41.97622,-19.53712],[-41.9918,-19.53881],[-42.02374,-19.56565],[-42.05294,-19.57441],[-42.04572,-19.58706]]]},"properties":{"GEOCODIGO":"3130556","NOME":"Imbé de Minas","UF":"MG"}},
{"type":"Feature","geometry":{"type":"Polygon","coordinates":[[[-42.1487,-18.01507],[-42.11717,-18.04542],[-42.08736,-18.08716],[-42.07478,-18.08348],[-42.05948,-18.10527],[-42.05845,-18.13291],[-42.04906,-18.14548],[-42.00039,-18.12248],[-41.99109,-18.10929],[-41.95204,-18.11985],[-41.9237,-18.11814],[-41.89425,-18.09448],[-41.88453,-18.06717],[-41.83592,-18.04181],[-41.83634,-18.02347],[-41.81831,-18.01011],[-41.82364,-17.97967],[-41.79887,-17.93886],[-41.83976,-17.92596],[-41.85218,-17.90186],[-41.8774,-17.89241],[-41.87131,-17.8608],[-41.88514,-17.84786],[-41.89917,-17.86529],[-41.91708,-17.85184],[-41.98573,-17.86709],[-42.02284,-17.85757],[-42.0448,-17.90096],[-42.05796,-17.91487],[-42.05021,-17.95108],[-42.11077,-17.98705],[-42.14105,-17.9929],[-42.1487,-18.01507]]]},"properties":{"GEOCODIGO":"3126752","NOME":"Franciscópolis","UF":"MG"}},
{"type":"Feature","geometry":{"type":"Polygon","coordinates":[[[-41.96288,-20.50543],[-41.93191,-20.51661],[-41.9145,-20.50478],[-41.91556,-20.48806],[-41.85049,-20.49861],[-41.8398,-20.48293],[-41.79919,-20.47675],[-41.80299,-20.42175],[-41.83612,-20.40882],[-41.85144,-20.40207],[-41.89505,-20.43458],[-41.92782,-20.47178],[-41.93199,-20.49183],[-41.96288,-20.50543]]]},"properties":{"GEOCODIGO":"3102050","NOME":"Alto Caparaó","UF":"MG"}},
{"type":"Feature","geometry":{"type":"Polygon","coordinates":[[[-41.84316,-19.92513],[-41.86974,-19.94937],[-41.88975,-19.95428],[-41.89663,-19.99733],[-41.92578,-19.98644],[-41.9681,-19.98452],[-41.98411,-19.99576],[-41.98238,-20.04114],[-41.95255,-20.07747],[-41.97563,-20.1025],[-41.97324,-20.14224],[-41.95884,-20.15637],[-41.95871,-20.1564],[-41.93697,-20.17279],[-41.88748,-20.16932],[-41.83039,-20.11486],[-41.81121,-20.04272],[-41.8049,-20.02611],[-41.8056,-19.98901],[-41.79791,-19.97971],[-41.81591,-19.94297],[-41.82952,-19.94749],[-41.84157,-19.92527],[-41.84316,-19.92513]]]},"properties":{"GEOCODIGO":"3158904","NOME":"Santana do Manhuaçu","UF":"MG"}},
{"type":"Feature","geometry":{"type":"Polygon","coordinates":[[[-41.99956,-19.45769],[-42.00616,-19.46592],[-41.99508,-19.50507],[-41.9918,-19.53881],[-41.97622,-19.53712],[-41.91325,-19.55679],[-41.90184,-19.56531],[-41.89544,-19.54031],[-41.93753,-19.49902],[-41.95958,-19.45204],[-41.98108,-19.44481],[-41.99956,-19.45769]]]},"properties":{"GEOCODIGO":"3164472","NOME":"São Sebastião do Anta","UF":"MG"}},
{"type":"Feature","geometry":{"type":"Polygon","coordinates":[[[-42.06581,-18.26074],[-42.06319,-18.2908],[-42.0765,-18.32241],[-42.08028,-18.35473],[-42.05805,-18.35879],[-42.05011,-18.38098],[-42.05317,-18.41765],[-42.03525,-18.4277],[-42.02602,-18.45546],[-42.01095,-18.45424],[-41.99378,-18.43168],[-41.98097,-18.39498],[-41.96384,-18.37983],[-41.9268,-18.38024],[-41.91122,-18.36387],[-41.87522,-18.35114],[-41.86289,-18.33985],[-41.88247,-18.29866],[-41.85911,-18.29815],[-41.83281,-18.2802],[-41.8507,-18.26351],[-41.84711,-18.25051],[-41.81245,-18.24802],[-41.785,-18.23941],[-41.7725,-18.2039],[-41.77804,-18.17469],[-41.7594,-18.1631],[-41.737,-18.20108],[-41.69838,-18.20021],[-41.68106,-18.18866],[-41.65687,-18.14033],[-41.65228,-18.11591],[-41.62659,-18.10738],[-41.61277,-18.08463],[-41.61153,-18.05939],[-41.57335,-18.03898],[-41.57012,-18.01882],[-41.58889,-18.0165],[-41.59557,-17.966],[-41.62402,-17.96153],[-41.65076,-17.94609],[-41.66545,-17.91277],[-41.68757,-17.90359],[-41.72428,-17.91854],[-41.7337,-17.91078],[-41.76303,-17.91542],[-41.79887,-17.93886],[-41.82364,-17.97967],[-41.81831,-18.01011],[-41.83634,-18.02347],[-41.83592,-18.04181],[-41.88453,-18.06717],[-41.89425,-18.09448],[-41.9237,-18.11814],[-41.95204,-18.11985],[-41.99109,-18.10929],[-42.00039,-18.12248],[-42.04906,-18.14548],[-42.05811,-18.15388],[-42.04856,-18.19497],[-42.08786,-18.20992],[-42.08578,-18.228],[-42.06581,-18.26074]]]},"properties":{"GEOCODIGO":"3132701","NOME":"Itambacuri","UF":"MG"}},
{"type":"Feature","geometry":{"type":"Polygon","coordinates":[[[-42.2644,-15.12472],[-42.26837,-15.15391],[-42.2554,-15.15993],[-42.27188,-15.19322],[-42.25889,-15.2001],[-42.23223,-15.19171],[-42.22432,-15.21632],[-42.20868,-15.21709],[-42.19723,-15.25683],[-42.2091,-15.30159],[-42.22131,-15.31732],[-42.2183,-15.3786],[-42.22952,-15.41958],[-42.15653,-15.4067],[-42.11254,-15.42384],[-42.09479,-15.38106],[-42.07615,-15.39505],[-42.06078,-15.42887],[-42.01749,-15.46353],[-41.99157,-15.51075],[-41.97588,-15.51992],[-41.96977,-15.54508],[-41.97832,-15.56247],[-41.93486,-15.62518],[-41.90465,-15.63041],[-41.87685,-15.6097],[-41.83202,-15.60183],[-41.79368,-15.61335],[-41.76097,-15.58782],[-41.74785,-15.58905],[-41.71709,-15.57863],[-41.70674,-15.55034],[-41.71415,-15.54022],[-41.70423,-15.50843],[-41.73662,-15.48899],[-41.74346,-15.47323],[-41.74048,-15.44491],[-41.7579,-15.4195],[-41.7961,-15.4214],[-41.81763,-15.40617],[-41.84617,-15.41263],[-41.86814,-15.37976],[-41.88518,-15.37377],[-41.85198,-15.33383],[-41.85331,-15.31142],[-41.83587,-15.25032],[-41.77857,-15.25426],[-41.78109,-15.22349],[-41.79895,-15.2051],[-41.78885,-15.18619],[-41.78452,-15.14428],[-41.80032,-15.10064],[-41.84792,-15.11639],[-41.87214,-15.116],[-41.89665,-15.15144],[-41.95304,-15.17521],[-41.9943,-15.15842],[-42.0729,-15.17525],[-42.08432,-15.18607],[-42.1246,-15.13429],[-42.1511,-15.11782],[-42.15496,-15.0974],[-42.22274,-15.0991],[-42.2644,-15.12472]]]},"properties":{"GEOCODIGO":"3162708","NOME":"São João do Paraíso","UF":"MG"}},
{"type":"Feature","geometry":{"type":"Polygon","coordinates":[[[-41.94556,-19.02115],[-41.98463,-19.04024],[-41.9985,-19.06845],[-41.99805,-19.09204],[-41.97739,-19.09502],[-41.96164,-19.11797],[-41.96631,-19.14105],[-41.95188,-19.16026],[-41.92675,-19.16626],[-41.93372,-19.18737],[-41.95577,-19.21307],[-41.95722,-19.2304],[-41.90652,-19.24143],[-41.88594,-19.21735],[-41.8475,-19.22535],[-41.80614,-19.21589],[-41.78439,-19.21677],[-41.77933,-19.25487],[-41.74402,-19.25615],[-41.70408,-19.27281],[-41.6782,-19.23715],[-41.69854,-19.21773],[-41.67806,-19.2007],[-41.66336,-19.2118],[-41.63789,-19.19171],[-41.63482,-19.17597],[-41.65336,-19.16016],[-41.67831,-19.17859],[-41.6692,-19.13453],[-41.69135,-19.12224],[-41.70399,-19.09427],[-41.73847,-19.08866],[-41.7698,-19.10302],[-41.79555,-19.10387],[-41.83741,-19.1262],[-41.85222,-19.11472],[-41.8854,-19.12183],[-41.90352,-19.11388],[-41.89608,-19.07142],[-41.90404,-19.06343],[-41.93999,-19.06164],[-41.94556,-19.02115]]]},"properties":{"GEOCODIGO":"3133204","NOME":"Itanhomi","UF":"MG"}},
{"type":"Feature","geometry":{"type":"Polygon","coordinates":[[[-42.02602,-18.45546],[-42.04637,-18.46866],[-42.03894,-18.5039],[-42.00819,-18.52437],[-41.97218,-18.53405],[-41.93528,-18.57968],[-41.90375,-18.56901],[-41.88262,-18.58439],[-41.84475,-18.60107],[-41.82356,-18.63376],[-41.82866,-18.65958],[-41.80225,-18.66588],[-41.78241,-18.65163],[-41.76222,-18.62523],[-41.77436,-18.61304],[-41.75511,-18.59429],[-41.72328,-18.60019],[-41.6958,-18.56142],[-41.69442,-18.54368],[-41.72733,-18.5323],[-41.76692,-18.54957],[-41.78801,-18.54986],[-41.80631,-18.5268],[-41.816,-18.4897],[-41.81741,-18.45937],[-41.84373,-18.43876],[-41.87009,-18.42979],[-41.89023,-18.44123],[-41.927,-18.44418],[-41.94428,-18.43243],[-41.92758,-18.41065],[-41.9268,-18.38024],[-41.96384,-18.37983],[-41.98097,-18.39498],[-41.99378,-18.43168],[-42.01095,-18.45424],[-42.02602,-18.45546]]]},"properties":{"GEOCODIGO":"3126901","NOME":"Frei Inocêncio","UF":"MG"}},
{"type":"Feature","geometry":{"type":"Polygon","coordinates":[[[-41.87386,-20.19747],[-41.8978,-20.22759],[-41.89961,-20.27554],[-41.88828,-20.30482],[-41.85941,-20.29477],[-41.82251,-20.31065],[-41.78174,-20.29399],[-41.77435,-20.25939],[-41.78761,-20.2421],[-41.82138,-20.23316],[-41.81724,-20.2098],[-41.86035,-20.20654],[-41.87386,-20.19747]]]},"properties":{"GEOCODIGO":"3140530","NOME":"Martins Soares","UF":"MG"}},
{"type":"Feature","geometry":{"type":"Polygon","coordinates":[[[-42.00894,-18.55164],[-41.99378,-18.58283],[-41.9975,-18.6108],[-42.01108,-18.63838],[-41.96255,-18.64948],[-41.82866,-18.65958],[-41.82356,-18.63376],[-41.84475,-18.60107],[-41.88262,-18.58439],[-41.90375,-18.56901],[-41.93528,-18.57968],[-41.97218,-18.53405],[-42.00894,-18.55164]]]},"properties":{"GEOCODIGO":"3171501","NOME":"Mathias Lobato","UF":"MG"}},
{"type":"Feature","geometry":{"type":"Polygon","coordinates":[[[-41.88748,-20.16932],[-41.87386,-20.19747],[-41.86035,-20.20654],[-41.81724,-20.2098],[-41.82138,-20.23316],[-41.78761,-20.2421],[-41.77435,-20.25939],[-41.75635,-20.20638],[-41.73727,-20.19261],[-41.74177,-20.1348],[-41.72719,-20.10198],[-41.74463,-20.06154],[-41.78425,-20.055],[-41.81121,-20.04272],[-41.83039,-20.11486],[-41.88748,-20.16932]]]},"properties":{"GEOCODIGO":"3123528","NOME":"Durandé","UF":"MG"}},
{"type":"Feature","geometry":{"type":"Polygon","coordinates":[[[-42.04117,-17.71545],[-42.01998,-17.72121],[-42.04255,-17.75701],[-42.02922,-17.76951],[-41.99568,-17.75664],[-41.94217,-17.74814],[-41.90689,-17.74811],[-41.84537,-17.7355],[-41.8285,-17.74554],[-41.78692,-17.72748],[-41.78011,-17.71495],[-41.7487,-17.72326],[-41.74025,-17.70947],[-41.711,-17.69854],[-41.67344,-17.71445],[-41.6682,-17.68252],[-41.65189,-17.67327],[-41.63245,-17.67862],[-41.63759,-17.64785],[-41.63484,-17.6145],[-41.65051,-17.60189],[-41.67986,-17.59623],[-41.65695,-17.55942],[-41.66012,-17.53355],[-41.68373,-17.52379],[-41.73469,-17.48255],[-41.73145,-17.47272],[-41.75315,-17.4434],[-41.80144,-17.48344],[-41.80912,-17.49872],[-41.84896,-17.51477],[-41.87603,-17.51882],[-41.91956,-17.5403],[-41.93023,-17.57842],[-41.9759,-17.61215],[-41.99681,-17.64184],[-41.98417,-17.65464],[-42.00344,-17.67232],[-42.00159,-17.69514],[-42.03789,-17.70549],[-42.04117,-17.71545]]]},"properties":{"GEOCODIGO":"3137007","NOME":"Ladainha","UF":"MG"}},
{"type":"Feature","geometry":{"type":"Polygon","coordinates":[[[-41.94556,-19.02115],[-41.93999,-19.06164],[-41.90404,-19.06343],[-41.89608,-19.07142],[-41.90352,-19.11388],[-41.8854,-19.12183],[-41.85222,-19.11472],[-41.83741,-19.1262],[-41.79555,-19.10387],[-41.7698,-19.10302],[-41.73847,-19.08866],[-41.70399,-19.09427],[-41.69491,-19.0773],[-41.7013,-19.04527],[-41.736,-19.04749],[-41.74154,-18.99814],[-41.76428,-18.97311],[-41.80183,-18.97597],[-41.83458,-18.9907],[-41.84328,-19.00362],[-41.89022,-19.02176],[-41.90833,-19.01163],[-41.90781,-18.98893],[-41.93422,-18.9875],[-41.94556,-19.02115]]]},"properties":{"GEOCODIGO":"3112653","NOME":"Capitão Andrade","UF":"MG"}},
{"type":"Feature","geometry":{"type":"Polygon","coordinates":[[[-41.89161,-18.93383],[-41.92675,-18.96561],[-41.93746,-18.98819],[-41.93422,-18.9875],[-41.90781,-18.98893],[-41.90833,-19.01163],[-41.89022,-19.02176],[-41.84328,-19.00362],[-41.83458,-18.9907],[-41.80183,-18.97597],[-41.76428,-18.97311],[-41.74154,-18.99814],[-41.736,-19.04749],[-41.7013,-19.04527],[-41.69491,-19.0773],[-41.70399,-19.09427],[-41.69135,-19.12224],[-41.6692,-19.13453],[-41.67831,-19.17859],[-41.65336,-19.16016],[-41.63482,-19.17597],[-41.626,-19.15158],[-41.61194,-19.14181],[-41.6112,-19.11172],[-41.54875,-19.09358],[-41.55534,-19.06059],[-41.52519,-19.06611],[-41.53166,-19.03509],[-41.53808,-19.01242],[-41.56466,-19.0059],[-41.60908,-18.97445],[-41.67286,-18.96404],[-41.70718,-18.93852],[-41.71263,-18.91],[-41.79842,-18.90407],[-41.81211,-18.91599],[-41.85672,-18.92091],[-41.89161,-18.93383]]]},"properties":{"GEOCODIGO":"3169505","NOME":"Tumiritinga","UF":"MG"}},
{"type":"Feature","geometry":{"type":"Polygon","coordinates":[[[-42.1052,-16.43748],[-42.07943,-16.44593],[-42.07413,-16.46106],[-42.02028,-16.49037],[-42.02512,-16.52177],[-42.04004,-16.54449],[-42.04209,-16.583],[-42.00818,-16.57792],[-41.98845,-16.59495],[-41.97135,-16.64291],[-41.94417,-16.65336],[-41.93063,-16.66802],[-41.90095,-16.67649],[-41.90026,-16.72905],[-41.91184,-16.75999],[-41.9119,-16.78938],[-41.90364,-16.80714],[-41.84855,-16.82419],[-41.85262,-16.80215],[-41.79806,-16.81024],[-41.77445,-16.83567],[-41.75704,-16.83558],[-41.75815,-16.86548],[-41.74648,-16.8454],[-41.68523,-16.81386],[-41.65665,-16.80351],[-41.64964,-16.76734],[-41.62348,-16.71734],[-41.60431,-16.69834],[-41.61801,-16.67582],[-41.64076,-16.66002],[-41.63948,-16.62543],[-41.65187,-16.57279],[-41.67634,-16.56749],[-41.69848,-16.54559],[-41.70068,-16.51899],[-41.7116,-16.50669],[-41.70256,-16.45256],[-41.72318,-16.42543],[-41.76797,-16.41696],[-41.79171,-16.39984],[-41.80493,-16.36989],[-41.84331,-16.35457],[-41.86373,-16.37512],[-41.89414,-16.34151],[-41.89519,-16.36455],[-41.97756,-16.40264],[-41.98996,-16.38462],[-42.02604,-16.37754],[-42.09265,-16.38644],[-42.1052,-16.43748]]]},"properties":{"GEOCODIGO":"3134004","NOME":"Itinga","UF":"MG"}},
{"type":"Feature","geometry":{"type":"Polygon","coordinates":[[[-41.84316,-19.92513],[-41.84157,-19.92527],[-41.77663,-19.92849],[-41.74258,-19.91797],[-41.71197,-19.86763],[-41.67209,-19.8589],[-41.65308,-19.84418],[-41.65554,-19.83092],[-41.67341,-19.79366],[-41.66538,-19.76495],[-41.68736,-19.73064],[-41.67858,-19.68981],[-41.69655,-19.64297],[-41.72783,-19.61044],[-41.75119,-19.59492],[-41.80085,-19.57747],[-41.81578,-19.59366],[-41.80219,-19.62009],[-41.83611,-19.63998],[-41.81272,-19.65813],[-41.81991,-19.67691],[-41.83707,-19.68055],[-41.81986,-19.70685],[-41.793,-19.72982],[-41.77919,-19.75344],[-41.79393,-19.77031],[-41.78472,-19.79016],[-41.80061,-19.83187],[-41.81816,-19.84539],[-41.809,-19.8755],[-41.83026,-19.89761],[-41.84316,-19.92513]]]},"properties":{"GEOCODIGO":"3131208","NOME":"Ipanema","UF":"MG"}},
{"type":"Feature","geometry":{"type":"Polygon","coordinates":[[[-41.84157,-19.92527],[-41.82952,-19.94749],[-41.81591,-19.94297],[-41.79791,-19.97971],[-41.8056,-19.98901],[-41.76522,-19.98426],[-41.72064,-19.99763],[-41.72155,-19.98602],[-41.69566,-19.96268],[-41.65578,-19.94385],[-41.64799,-19.97303],[-41.61908,-19.96347],[-41.5941,-19.93644],[-41.60593,-19.89213],[-41.57483,-19.84937],[-41.59255,-19.8353],[-41.59144,-19.80683],[-41.64118,-19.82145],[-41.65554,-19.83092],[-41.65308,-19.84418],[-41.67209,-19.8589],[-41.71197,-19.86763],[-41.74258,-19.91797],[-41.77663,-19.92849],[-41.84157,-19.92527]]]},"properties":{"GEOCODIGO":"3117405","NOME":"Conceição de Ipanema","UF":"MG"}},
{"type":"Feature","geometry":{"type":"Polygon","coordinates":[[[-41.99568,-17.75664],[-41.97725,-17.78852],[-41.92665,-17.76561],[-41.91842,-17.80722],[-41.90907,-17.81509],[-41.91708,-17.85184],[-41.89917,-17.86529],[-41.88514,-17.84786],[-41.87131,-17.8608],[-41.8774,-17.89241],[-41.85218,-17.90186],[-41.83976,-17.92596],[-41.79887,-17.93886],[-41.76303,-17.91542],[-41.7337,-17.91078],[-41.72428,-17.91854],[-41.68757,-17.90359],[-41.66545,-17.91277],[-41.64384,-17.89529],[-41.63458,-17.87651],[-41.63958,-17.85371],[-41.60083,-17.80695],[-41.62616,-17.79144],[-41.64916,-17.79339],[-41.65895,-17.78004],[-41.67203,-17.73718],[-41.64575,-17.71644],[-41.63245,-17.67862],[-41.65189,-17.67327],[-41.6682,-17.68252],[-41.67344,-17.71445],[-41.711,-17.69854],[-41.74025,-17.70947],[-41.7487,-17.72326],[-41.78011,-17.71495],[-41.78692,-17.72748],[-41.8285,-17.74554],[-41.84537,-17.7355],[-41.90689,-17.74811],[-41.94217,-17.74814],[-41.99568,-17.75664]]]},"properties":{"GEOCODIGO":"3152402","NOME":"Poté","UF":"MG"}},
{"type":"Feature","geometry":{"type":"Polygon","coordinates":[[[-41.9268,-18.38024],[-41.92758,-18.41065],[-41.94428,-18.43243],[-41.927,-18.44418],[-41.89023,-18.44123],[-41.87009,-18.42979],[-41.84373,-18.43876],[-41.81741,-18.45937],[-41.816,-18.4897],[-41.80631,-18.5268],[-41.78801,-18.54986],[-41.76692,-18.54957],[-41.72733,-18.5323],[-41.69442,-18.54368],[-41.6958,-18.56142],[-41.68047,-18.58838],[-41.64955,-18.61207],[-41.61978,-18.6042],[-41.58649,-18.58773],[-41.5735,-18.57261],[-41.58831,-18.56189],[-41.58408,-18.53495],[-41.62006,-18.52991],[-41.63311,-18.50096],[-41.627,-18.49237],[-41.62895,-18.43269],[-41.64467,-18.41363],[-41.68539,-18.38563],[-41.69033,-18.35686],[-41.70174,-18.34464],[-41.72555,-18.34648],[-41.74599,-18.36262],[-41.75136,-18.39936],[-41.78266,-18.41641],[-41.79567,-18.41017],[-41.80331,-18.37089],[-41.81836,-18.36283],[-41.87522,-18.35114],[-41.91122,-18.36387],[-41.9268,-18.38024]]]},"properties":{"GEOCODIGO":"3135076","NOME":"Jampruca","UF":"MG"}},
{"type":"Feature","geometry":{"type":"Polygon","coordinates":[[[-41.81121,-20.04272],[-41.78425,-20.055],[-41.74463,-20.06154],[-41.75053,-20.04244],[-41.72064,-19.99763],[-41.76522,-19.98426],[-41.8056,-19.98901],[-41.8049,-20.02611],[-41.81121,-20.04272]]]},"properties":{"GEOCODIGO":"3163607","NOME":"São José do Mantimento","UF":"MG"}},
{"type":"Feature","geometry":{"type":"Polygon","coordinates":[[[-41.82233,-19.42694],[-41.82615,-19.46212],[-41.77772,-19.46796],[-41.77695,-19.4987],[-41.75933,-19.50598],[-41.7341,-19.49736],[-41.69948,-19.49844],[-41.67545,-19.47913],[-41.6637,-19.45497],[-41.62647,-19.41416],[-41.62333,-19.43163],[-41.58556,-19.44233],[-41.56833,-19.42246],[-41.56269,-19.37191],[-41.57067,-19.36146],[-41.5769,-19.31894],[-41.67961,-19.38168],[-41.69211,-19.37161],[-41.69513,-19.33671],[-41.70433,-19.33204],[-41.72488,-19.3555],[-41.74841,-19.36028],[-41.76814,-19.38052],[-41.76728,-19.40661],[-41.82233,-19.42694]]]},"properties":{"GEOCODIGO":"3102209","NOME":"Alvarenga","UF":"MG"}},
{"type":"Feature","geometry":{"type":"Polygon","coordinates":[[[-41.75635,-20.20638],[-41.41074,-20.20688],[-41.43688,-20.19263],[-41.42894,-20.16486],[-41.45283,-20.12284],[-41.46977,-20.11121],[-41.48562,-20.12084],[-41.50289,-20.10861],[-41.49891,-20.07573],[-41.5168,-20.05263],[-41.53727,-20.05128],[-41.56005,-20.03301],[-41.56944,-20.05209],[-41.62129,-20.07581],[-41.62885,-20.07018],[-41.66387,-20.09729],[-41.72719,-20.10198],[-41.74177,-20.1348],[-41.73727,-20.19261],[-41.75635,-20.20638]]]},"properties":{"GEOCODIGO":"3137700","NOME":"Lajinha","UF":"MG"}},
{"type":"Feature","geometry":{"type":"Polygon","coordinates":[[[-41.65687,-18.14033],[-41.68106,-18.18866],[-41.69838,-18.20021],[-41.737,-18.20108],[-41.7594,-18.1631],[-41.77804,-18.17469],[-41.7725,-18.2039],[-41.785,-18.23941],[-41.81245,-18.24802],[-41.84711,-18.25051],[-41.8507,-18.26351],[-41.83281,-18.2802],[-41.85911,-18.29815],[-41.88247,-18.29866],[-41.86289,-18.33985],[-41.87522,-18.35114],[-41.81836,-18.36283],[-41.80331,-18.37089],[-41.79567,-18.41017],[-41.78266,-18.41641],[-41.75136,-18.39936],[-41.74599,-18.36262],[-41.72555,-18.34648],[-41.70174,-18.34464],[-41.69033,-18.35686],[-41.64906,-18.31252],[-41.60975,-18.2855],[-41.58037,-18.27377],[-41.58367,-18.25984],[-41.59708,-18.23398],[-41.62389,-18.22236],[-41.65167,-18.18156],[-41.65687,-18.14033]]]},"properties":{"GEOCODIGO":"3110806","NOME":"Campanário","UF":"MG"}},
{"type":"Feature","geometry":{"type":"Polygon","coordinates":[[[-41.72064,-19.99763],[-41.75053,-20.04244],[-41.74463,-20.06154],[-41.72719,-20.10198],[-41.66387,-20.09729],[-41.62885,-20.07018],[-41.62129,-20.07581],[-41.56944,-20.05209],[-41.56005,-20.03301],[-41.54827,-19.99768],[-41.56766,-19.98834],[-41.59269,-20.00254],[-41.61555,-19.98444],[-41.62982,-19.99229],[-41.64799,-19.97303],[-41.65578,-19.94385],[-41.69566,-19.96268],[-41.72155,-19.98602],[-41.72064,-19.99763]]]},"properties":{"GEOCODIGO":"3116001","NOME":"Chalé","UF":"MG"}},
{"type":"Feature","geometry":{"type":"Polygon","coordinates":[[[-41.75119,-19.59492],[-41.72783,-19.61044],[-41.69655,-19.64297],[-41.67858,-19.68981],[-41.65183,-19.69031],[-41.63671,-19.6666],[-41.58425,-19.6825],[-41.55511,-19.67407],[-41.5296,-19.69551],[-41.49782,-19.69178],[-41.4266,-19.68826],[-41.41949,-19.67312],[-41.38674,-19.6585],[-41.3648,-19.65303],[-41.39149,-19.58729],[-41.41235,-19.55622],[-41.43128,-19.54027],[-41.50905,-19.50381],[-41.50894,-19.49457],[-41.53796,-19.48776],[-41.56216,-19.4587],[-41.58556,-19.44233],[-41.62333,-19.43163],[-41.62647,-19.41416],[-41.6637,-19.45497],[-41.66577,-19.49004],[-41.65338,-19.50781],[-41.65411,-19.53206],[-41.70129,-19.56885],[-41.75119,-19.59492]]]},"properties":{"GEOCODIGO":"3151909","NOME":"Pocrane","UF":"MG"}},
{"type":"Feature","geometry":{"type":"Polygon","coordinates":[[[-41.86858,-16.18221],[-41.89645,-16.21104],[-41.93195,-16.2813],[-41.91058,-16.30874],[-41.90966,-16.32192],[-41.89414,-16.34151],[-41.86373,-16.37512],[-41.84331,-16.35457],[-41.80493,-16.36989],[-41.79171,-16.39984],[-41.76797,-16.41696],[-41.72318,-16.42543],[-41.6999,-16.4113],[-41.69851,-16.38938],[-41.67487,-16.37389],[-41.65829,-16.3814],[-41.61296,-16.37951],[-41.64004,-16.32686],[-41.63118,-16.28729],[-41.62931,-16.23177],[-41.6429,-16.21596],[-41.69396,-16.20429],[-41.70023,-16.16758],[-41.71562,-16.17899],[-41.76778,-16.18369],[-41.7758,-16.17041],[-41.80261,-16.16748],[-41.82812,-16.17577],[-41.85138,-16.1722],[-41.86858,-16.18221]]]},"properties":{"GEOCODIGO":"3117009","NOME":"Comercinho","UF":"MG"}},
{"type":"Feature","geometry":{"type":"Polygon","coordinates":[[[-41.67858,-19.68981],[-41.68736,-19.73064],[-41.66538,-19.76495],[-41.67341,-19.79366],[-41.65554,-19.83092],[-41.64118,-19.82145],[-41.59144,-19.80683],[-41.57949,-19.77225],[-41.55447,-19.74823],[-41.55666,-19.72985],[-41.52399,-19.72076],[-41.49782,-19.69178],[-41.5296,-19.69551],[-41.55511,-19.67407],[-41.58425,-19.6825],[-41.63671,-19.6666],[-41.65183,-19.69031],[-41.67858,-19.68981]]]},"properties":{"GEOCODIGO":"3168051","NOME":"Taparuba","UF":"MG"}},
{"type":"Feature","geometry":{"type":"Polygon","coordinates":[[[-41.91245,-16.01727],[-41.92768,-16.04351],[-41.92414,-16.13286],[-41.88287,-16.11243],[-41.85365,-16.11727],[-41.85493,-16.1439],[-41.86858,-16.18221],[-41.85138,-16.1722],[-41.82812,-16.17577],[-41.80261,-16.16748],[-41.7758,-16.17041],[-41.76778,-16.18369],[-41.71562,-16.17899],[-41.70023,-16.16758],[-41.68659,-16.15192],[-41.69579,-16.13591],[-41.68014,-16.10941],[-41.71025,-16.10891],[-41.71823,-16.08796],[-41.70065,-16.03685],[-41.66116,-16.01892],[-41.66056,-16.00764],[-41.63251,-15.98373],[-41.63393,-15.96615],[-41.61563,-15.95139],[-41.61854,-15.93783],[-41.66471,-15.93171],[-41.71151,-15.94809],[-41.7268,-15.96131],[-41.81673,-15.96872],[-41.83103,-15.979],[-41.85032,-15.95994],[-41.86812,-15.95463],[-41.87227,-15.93055],[-41.89228,-15.93249],[-41.91709,-15.9069],[-41.90509,-15.93395],[-41.91316,-15.95443],[-41.90593,-15.9891],[-41.91245,-16.01727]]]},"properties":{"GEOCODIGO":"3157377","NOME":"Santa Cruz de Salinas","UF":"MG"}},
{"type":"Feature","geometry":{"type":"Polygon","coordinates":[[[-41.86876,-17.10903],[-41.86134,-17.12377],[-41.8282,-17.13276],[-41.80295,-17.13245],[-41.78537,-17.14788],[-41.80165,-17.189],[-41.82226,-17.20953],[-41.82464,-17.23077],[-41.79339,-17.24523],[-41.76154,-17.28479],[-41.74934,-17.34294],[-41.73256,-17.3556],[-41.72668,-17.31914],[-41.69065,-17.2787],[-41.68634,-17.2488],[-41.65644,-17.23453],[-41.63616,-17.23415],[-41.60234,-17.26446],[-41.54542,-17.27376],[-41.51848,-17.29957],[-41.46937,-17.31277],[-41.43808,-17.32667],[-41.40286,-17.30912],[-41.39387,-17.29431],[-41.36476,-17.29771],[-41.35149,-17.34701],[-41.34042,-17.32333],[-41.32368,-17.31244],[-41.31551,-17.2746],[-41.32567,-17.23532],[-41.34103,-17.21556],[-41.33842,-17.14645],[-41.32839,-17.12762],[-41.32392,-17.06108],[-41.34418,-17.05165],[-41.38498,-17.05009],[-41.39908,-17.06532],[-41.41426,-17.12628],[-41.45736,-17.11397],[-41.4707,-17.08411],[-41.48597,-17.08128],[-41.52,-17.10977],[-41.55811,-17.1104],[-41.5712,-17.12465],[-41.60287,-17.13679],[-41.60817,-17.16537],[-41.6322,-17.20435],[-41.64923,-17.19048],[-41.6469,-17.16889],[-41.65881,-17.1371],[-41.65537,-17.12141],[-41.66897,-17.10508],[-41.65323,-17.08856],[-41.65393,-17.0723],[-41.68256,-17.0497],[-41.67488,-16.98691],[-41.69006,-16.97185],[-41.70895,-16.97074],[-41.77387,-17.02823],[-41.80033,-17.02216],[-41.81231,-17.04654],[-41.85367,-17.03163],[-41.86767,-17.05478],[-41.85106,-17.09317],[-41.86876,-17.10903]]]},"properties":{"GEOCODIGO":"3113008","NOME":"Caraí","UF":"MG"}},
{"type":"Feature","geometry":{"type":"Polygon","coordinates":[[[-41.70433,-19.33204],[-41.69513,-19.33671],[-41.69211,-19.37161],[-41.67961,-19.38168],[-41.5769,-19.31894],[-41.57067,-19.36146],[-41.56269,-19.37191],[-41.56833,-19.42246],[-41.58556,-19.44233],[-41.56216,-19.4587],[-41.53796,-19.48776],[-41.50894,-19.49457],[-41.47558,-19.4235],[-41.47752,-19.40694],[-41.45088,-19.39749],[-41.44572,-19.38458],[-41.46461,-19.36618],[-41.49463,-19.37823],[-41.49961,-19.35488],[-41.45387,-19.32998],[-41.44394,-19.33281],[-41.41911,-19.29951],[-41.42097,-19.27757],[-41.38122,-19.26751],[-41.34919,-19.27175],[-41.36936,-19.24924],[-41.35245,-19.22],[-41.34617,-19.17699],[-41.31064,-19.16381],[-41.30255,-19.14654],[-41.27726,-19.12187],[-41.27215,-19.09142],[-41.27995,-19.07148],[-41.27094,-19.052],[-41.27944,-19.03574],[-41.27183,-19.01695],[-41.28702,-18.98366],[-41.28107,-18.97371],[-41.25149,-18.97379],[-41.2242,-18.95992],[-41.21386,-18.96556],[-41.18019,-18.97125],[-41.13433,-18.92655],[-41.14881,-18.8852],[-41.16567,-18.85788],[-41.20016,-18.86226],[-41.21439,-18.87716],[-41.24258,-18.85406],[-41.26352,-18.86596],[-41.27858,-18.90045],[-41.30902,-18.91981],[-41.30733,-18.94192],[-41.3227,-18.96934],[-41.33778,-18.97205],[-41.35805,-19.02013],[-41.39358,-19.02975],[-41.40217,-19.02341],[-41.43758,-19.00496],[-41.47642,-19.00603],[-41.49197,-19.01947],[-41.53166,-19.03509],[-41.52519,-19.06611],[-41.55534,-19.06059],[-41.54875,-19.09358],[-41.6112,-19.11172],[-41.61194,-19.14181],[-41.626,-19.15158],[-41.63482,-19.17597],[-41.63789,-19.19171],[-41.66336,-19.2118],[-41.67806,-19.2007],[-41.69854,-19.21773],[-41.6782,-19.23715],[-41.70408,-19.27281],[-41.68911,-19.27716],[-41.68431,-19.30431],[-41.70433,-19.33204]]]},"properties":{"GEOCODIGO":"3118403","NOME":"Conselheiro Pena","UF":"MG"}},
{"type":"Feature","geometry":{"type":"Polygon","coordinates":[[[-41.64799,-19.97303],[-41.62982,-19.99229],[-41.61555,-19.98444],[-41.59269,-20.00254],[-41.56766,-19.98834],[-41.54827,-19.99768],[-41.56005,-20.03301],[-41.53727,-20.05128],[-41.5168,-20.05263],[-41.49891,-20.07573],[-41.50289,-20.10861],[-41.48562,-20.12084],[-41.46977,-20.11121],[-41.45283,-20.12284],[-41.42894,-20.16486],[-41.43688,-20.19263],[-41.41074,-20.20688],[-41.38172,-20.18833],[-41.3378,-20.08763],[-41.33229,-20.05718],[-41.30871,-20.01589],[-41.3114,-19.97193],[-41.29899,-19.93659],[-41.28116,-19.90221],[-41.30155,-19.85692],[-41.33597,-19.83282],[-41.32952,-19.81493],[-41.34516,-19.7939],[-41.35241,-19.7681],[-41.39259,-19.74925],[-41.38016,-19.71426],[-41.38775,-19.6999],[-41.38061,-19.67646],[-41.38674,-19.6585],[-41.41949,-19.67312],[-41.4266,-19.68826],[-41.49782,-19.69178],[-41.52399,-19.72076],[-41.55666,-19.72985],[-41.55447,-19.74823],[-41.57949,-19.77225],[-41.59144,-19.80683],[-41.59255,-19.8353],[-41.57483,-19.84937],[-41.60593,-19.89213],[-41.5941,-19.93644],[-41.61908,-19.96347],[-41.64799,-19.97303]]]},"properties":{"GEOCODIGO":"3144003","NOME":"Mutum","UF":"MG"}},
{"type":"Feature","geometry":{"type":"Polygon","coordinates":[[[-41.91709,-15.9069],[-41.89228,-15.93249],[-41.87227,-15.93055],[-41.86812,-15.95463],[-41.85032,-15.95994],[-41.83103,-15.979],[-41.81673,-15.96872],[-41.7268,-15.96131],[-41.71151,-15.94809],[-41.66471,-15.93171],[-41.61854,-15.93783],[-41.65173,-15.90167],[-41.6427,-15.88134],[-41.5854,-15.85671],[-41.58187,-15.83938],[-41.60865,-15.80658],[-41.6302,-15.80305],[-41.64431,-15.81625],[-41.68746,-15.81093],[-41.69455,-15.80146],[-41.71946,-15.80488],[-41.73234,-15.78648],[-41.71515,-15.75597],[-41.72288,-15.73847],[-41.7732,-15.76131],[-41.82018,-15.75758],[-41.83524,-15.73844],[-41.86576,-15.73799],[-41.88013,-15.74859],[-41.87937,-15.76979],[-41.86071,-15.79229],[-41.85876,-15.81484],[-41.86923,-15.84058],[-41.88456,-15.84852],[-41.90498,-15.87489],[-41.91709,-15.9069]]]},"properties":{"GEOCODIGO":"3120870","NOME":"Curral de Dentro","UF":"MG"}},
{"type":"Feature","geometry":{"type":"Polygon","coordinates":[[[-41.71263,-18.91],[-41.70718,-18.93852],[-41.67286,-18.96404],[-41.60908,-18.97445],[-41.56466,-19.0059],[-41.53808,-19.01242],[-41.53166,-19.03509],[-41.49197,-19.01947],[-41.47642,-19.00603],[-41.43758,-19.00496],[-41.40217,-19.02341],[-41.41483,-19.00104],[-41.43839,-18.98676],[-41.45794,-18.95098],[-41.42852,-18.90849],[-41.45856,-18.88745],[-41.43703,-18.86846],[-41.40566,-18.86578],[-41.37941,-18.82666],[-41.36012,-18.82589],[-41.3469,-18.80648],[-41.34528,-18.76823],[-41.37737,-18.76061],[-41.39825,-18.77185],[-41.43221,-18.7582],[-41.43786,-18.78777],[-41.46631,-18.7881],[-41.47439,-18.80532],[-41.52138,-18.79617],[-41.52839,-18.80994],[-41.55368,-18.81642],[-41.59017,-18.76966],[-41.59383,-18.74757],[-41.64699,-18.75113],[-41.66969,-18.7724],[-41.68892,-18.77726],[-41.67695,-18.80821],[-41.68648,-18.82437],[-41.67825,-18.84338],[-41.68656,-18.86669],[-41.71003,-18.88664],[-41.71263,-18.91]]]},"properties":{"GEOCODIGO":"3127305","NOME":"Galiléia","UF":"MG"}},
{"type":"Feature","geometry":{"type":"Polygon","coordinates":[[[-41.90465,-15.63041],[-41.91594,-15.66319],[-41.9084,-15.67553],[-41.894,-15.73269],[-41.88013,-15.74859],[-41.86576,-15.73799],[-41.83524,-15.73844],[-41.82018,-15.75758],[-41.7732,-15.76131],[-41.72288,-15.73847],[-41.71515,-15.75597],[-41.73234,-15.78648],[-41.71946,-15.80488],[-41.69455,-15.80146],[-41.66667,-15.79519],[-41.64251,-15.74247],[-41.63193,-15.73689],[-41.66373,-15.68217],[-41.6382,-15.66098],[-41.6082,-15.6495],[-41.6041,-15.6329],[-41.62737,-15.60991],[-41.64526,-15.60457],[-41.66035,-15.61576],[-41.71296,-15.61088],[-41.74785,-15.58905],[-41.76097,-15.58782],[-41.79368,-15.61335],[-41.83202,-15.60183],[-41.87685,-15.6097],[-41.90465,-15.63041]]]},"properties":{"GEOCODIGO":"3106655","NOME":"Berizal","UF":"MG"}},
{"type":"Feature","geometry":{"type":"Polygon","coordinates":[[[-41.73256,-17.3556],[-41.74448,-17.38439],[-41.76464,-17.40391],[-41.75315,-17.4434],[-41.73145,-17.47272],[-41.73469,-17.48255],[-41.68373,-17.52379],[-41.66012,-17.53355],[-41.65695,-17.55942],[-41.67986,-17.59623],[-41.65051,-17.60189],[-41.63459,-17.5595],[-41.59836,-17.55764],[-41.59622,-17.54062],[-41.57776,-17.52205],[-41.56425,-17.49225],[-41.5922,-17.47074],[-41.60414,-17.45122],[-41.58948,-17.39522],[-41.59661,-17.35811],[-41.56873,-17.34227],[-41.59035,-17.2976],[-41.61068,-17.28982],[-41.63042,-17.25767],[-41.64926,-17.25124],[-41.65644,-17.23453],[-41.68634,-17.2488],[-41.69065,-17.2787],[-41.72668,-17.31914],[-41.73256,-17.3556]]]},"properties":{"GEOCODIGO":"3132305","NOME":"Itaipé","UF":"MG"}},
{"type":"Feature","geometry":{"type":"Polygon","coordinates":[[[-41.80032,-15.10064],[-41.78452,-15.14428],[-41.78885,-15.18619],[-41.79895,-15.2051],[-41.78109,-15.22349],[-41.77857,-15.25426],[-41.83587,-15.25032],[-41.85331,-15.31142],[-41.85198,-15.33383],[-41.88518,-15.37377],[-41.86814,-15.37976],[-41.84617,-15.41263],[-41.81763,-15.40617],[-41.7961,-15.4214],[-41.7579,-15.4195],[-41.74048,-15.44491],[-41.74346,-15.47323],[-41.73662,-15.48899],[-41.70423,-15.50843],[-41.64484,-15.51273],[-41.61534,-15.50814],[-41.55104,-15.5219],[-41.52896,-15.51745],[-41.50397,-15.52651],[-41.47498,-15.51453],[-41.44809,-15.48813],[-41.40276,-15.48281],[-41.36217,-15.49422],[-41.49902,-15.37215],[-41.80032,-15.10064]]]},"properties":{"GEOCODIGO":"3144656","NOME":"Ninheira","UF":"MG"}},
{"type":"Feature","geometry":{"type":"Polygon","coordinates":[[[-41.69033,-18.35686],[-41.68539,-18.38563],[-41.64467,-18.41363],[-41.62895,-18.43269],[-41.5953,-18.4135],[-41.55844,-18.40247],[-41.53811,-18.36842],[-41.48536,-18.35179],[-41.45,-18.33139],[-41.4267,-18.29673],[-41.41819,-18.28154],[-41.42383,-18.24972],[-41.45553,-18.2618],[-41.58367,-18.25984],[-41.58037,-18.27377],[-41.60975,-18.2855],[-41.64906,-18.31252],[-41.69033,-18.35686]]]},"properties":{"GEOCODIGO":"3150000","NOME":"Pescador","UF":"MG"}},
{"type":"Feature","geometry":{"type":"Polygon","coordinates":[[[-41.60431,-16.69834],[-41.62348,-16.71734],[-41.64964,-16.76734],[-41.65665,-16.80351],[-41.68523,-16.81386],[-41.74648,-16.8454],[-41.75815,-16.86548],[-41.74627,-16.8992],[-41.7097,-16.88956],[-41.69132,-16.91094],[-41.66,-16.92277],[-41.62651,-16.94534],[-41.57992,-16.9141],[-41.55109,-16.92176],[-41.52736,-16.94964],[-41.48553,-16.92465],[-41.45448,-16.94648],[-41.44117,-17.00488],[-41.4445,-17.03297],[-41.40109,-17.03248],[-41.38498,-17.05009],[-41.34418,-17.05165],[-41.32392,-17.06108],[-41.30798,-17.05847],[-41.2957,-17.03849],[-41.27736,-17.03304],[-41.27628,-17.007],[-41.28475,-17.01599],[-41.317,-17.00249],[-41.32574,-16.97672],[-41.3544,-16.97169],[-41.32631,-16.93896],[-41.36375,-16.91119],[-41.35314,-16.86045],[-41.3142,-16.84018],[-41.3017,-16.82255],[-41.31664,-16.79888],[-41.32087,-16.74894],[-41.28954,-16.74771],[-41.30165,-16.72855],[-41.2859,-16.67266],[-41.31273,-16.66451],[-41.3102,-16.64824],[-41.32296,-16.62929],[-41.35498,-16.62362],[-41.36373,-16.62213],[-41.41651,-16.66938],[-41.45661,-16.68938],[-41.46306,-16.72195],[-41.51823,-16.7083],[-41.52989,-16.72318],[-41.55645,-16.72936],[-41.58635,-16.71699],[-41.60431,-16.69834]]]},"properties":{"GEOCODIGO":"3152170","NOME":"Ponto dos Volantes","UF":"MG"}},
{"type":"Feature","geometry":{"type":"Polygon","coordinates":[[[-41.57012,-18.01882],[-41.57335,-18.03898],[-41.61153,-18.05939],[-41.61277,-18.08463],[-41.62659,-18.10738],[-41.65228,-18.11591],[-41.65687,-18.14033],[-41.65167,-18.18156],[-41.62389,-18.22236],[-41.59708,-18.23398],[-41.58367,-18.25984],[-41.45553,-18.2618],[-41.42383,-18.24972],[-41.41819,-18.28154],[-41.3808,-18.26805],[-41.36408,-18.27257],[-41.36972,-18.24746],[-41.40309,-18.22331],[-41.40769,-18.20472],[-41.42516,-18.1999],[-41.41991,-18.16264],[-41.43756,-18.14898],[-41.41493,-18.10489],[-41.40916,-18.07641],[-41.37157,-18.06147],[-41.36839,-18.03162],[-41.39048,-18.00225],[-41.43469,-17.99974],[-41.46039,-18.00703],[-41.50469,-18.03713],[-41.53972,-18.0075],[-41.57012,-18.01882]]]},"properties":{"GEOCODIGO":"3126802","NOME":"Frei Gaspar","UF":"MG"}},
{"type":"Feature","geometry":{"type":"Polygon","coordinates":[[[-41.62895,-18.43269],[-41.627,-18.49237],[-41.63311,-18.50096],[-41.62006,-18.52991],[-41.58408,-18.53495],[-41.58831,-18.56189],[-41.5735,-18.57261],[-41.54011,-18.58146],[-41.50416,-18.52823],[-41.47939,-18.51357],[-41.45969,-18.51311],[-41.43878,-18.48829],[-41.44217,-18.47007],[-41.42617,-18.44323],[-41.43964,-18.41868],[-41.43055,-18.36711],[-41.41372,-18.30663],[-41.4267,-18.29673],[-41.45,-18.33139],[-41.48536,-18.35179],[-41.53811,-18.36842],[-41.55844,-18.40247],[-41.5953,-18.4135],[-41.62895,-18.43269]]]},"properties":{"GEOCODIGO":"3144904","NOME":"Nova Módica","UF":"MG"}},
{"type":"Feature","geometry":{"type":"Polygon","coordinates":[[[-41.66545,-17.91277],[-41.65076,-17.94609],[-41.62402,-17.96153],[-41.59557,-17.966],[-41.58889,-18.0165],[-41.57012,-18.01882],[-41.53972,-18.0075],[-41.50469,-18.03713],[-41.46039,-18.00703],[-41.43469,-17.99974],[-41.39048,-18.00225],[-41.36839,-18.03162],[-41.3442,-18.02512],[-41.33336,-17.99508],[-41.28141,-17.98399],[-41.25077,-17.95424],[-41.2145,-17.93083],[-41.18691,-17.92906],[-41.18097,-17.94551],[-41.14004,-17.9458],[-41.15048,-17.93042],[-41.14608,-17.89039],[-41.12223,-17.88826],[-41.08778,-17.85431],[-41.07678,-17.83356],[-41.12926,-17.80468],[-41.14829,-17.77902],[-41.13136,-17.75346],[-41.12656,-17.71022],[-41.14312,-17.68269],[-41.16398,-17.6799],[-41.1955,-17.63694],[-41.19128,-17.62104],[-41.14026,-17.64908],[-41.10883,-17.61758],[-41.08695,-17.60394],[-41.05994,-17.61919],[-41.04759,-17.6044],[-41.05172,-17.57871],[-41.0767,-17.57778],[-41.09764,-17.55963],[-41.12153,-17.57407],[-41.13131,-17.53138],[-41.16222,-17.53996],[-41.20089,-17.51998],[-41.25539,-17.4848],[-41.25365,-17.4623],[-41.22836,-17.43493],[-41.24047,-17.40828],[-41.24245,-17.38131],[-41.28266,-17.33012],[-41.30048,-17.35014],[-41.32198,-17.33608],[-41.35149,-17.34701],[-41.34753,-17.38963],[-41.35978,-17.41203],[-41.37751,-17.41692],[-41.41242,-17.40094],[-41.43746,-17.40081],[-41.46795,-17.41241],[-41.47771,-17.43759],[-41.47982,-17.47442],[-41.50051,-17.45791],[-41.50692,-17.48383],[-41.52866,-17.49874],[-41.56425,-17.49225],[-41.57776,-17.52205],[-41.59622,-17.54062],[-41.59836,-17.55764],[-41.63459,-17.5595],[-41.65051,-17.60189],[-41.63484,-17.6145],[-41.63759,-17.64785],[-41.63245,-17.67862],[-41.64575,-17.71644],[-41.67203,-17.73718],[-41.65895,-17.78004],[-41.64916,-17.79339],[-41.62616,-17.79144],[-41.60083,-17.80695],[-41.63958,-17.85371],[-41.63458,-17.87651],[-41.64384,-17.89529],[-41.66545,-17.91277]]]},"properties":{"GEOCODIGO":"3168606","NOME":"Teófilo Otoni","UF":"MG"}},
{"type":"Feature","geometry":{"type":"Polygon","coordinates":[[[-41.54011,-18.58146],[-41.56869,-18.58561],[-41.58227,-18.61646],[-41.56619,-18.67119],[-41.58658,-18.68905],[-41.59391,-18.71467],[-41.59383,-18.74757],[-41.59017,-18.76966],[-41.55368,-18.81642],[-41.52839,-18.80994],[-41.52138,-18.79617],[-41.47439,-18.80532],[-41.46631,-18.7881],[-41.43786,-18.78777],[-41.43221,-18.7582],[-41.39825,-18.77185],[-41.37737,-18.76061],[-41.39537,-18.73609],[-41.37389,-18.71923],[-41.37761,-18.70171],[-41.45544,-18.6921],[-41.45902,-18.67269],[-41.48964,-18.63989],[-41.50292,-18.62434],[-41.52192,-18.58468],[-41.54011,-18.58146]]]},"properties":{"GEOCODIGO":"3122108","NOME":"Divino das Laranjeiras","UF":"MG"}},
{"type":"Feature","geometry":{"type":"Polygon","coordinates":[[[-41.50894,-19.49457],[-41.50905,-19.50381],[-41.43128,-19.54027],[-41.40705,-19.52697],[-41.38291,-19.53622],[-41.37487,-19.5056],[-41.33769,-19.48697],[-41.31999,-19.49813],[-41.27506,-19.49122],[-41.26476,-19.4745],[-41.28716,-19.45249],[-41.292,-19.40074],[-41.28244,-19.37187],[-41.32522,-19.32666],[-41.33883,-19.27713],[-41.34919,-19.27175],[-41.38122,-19.26751],[-41.42097,-19.27757],[-41.41911,-19.29951],[-41.44394,-19.33281],[-41.45387,-19.32998],[-41.49961,-19.35488],[-41.49463,-19.37823],[-41.46461,-19.36618],[-41.44572,-19.38458],[-41.45088,-19.39749],[-41.47752,-19.40694],[-41.47558,-19.4235],[-41.50894,-19.49457]]]},"properties":{"GEOCODIGO":"3159506","NOME":"Santa Rita do Itueto","UF":"MG"}},
{"type":"Feature","geometry":{"type":"Polygon","coordinates":[[[-41.67488,-16.98691],[-41.68256,-17.0497],[-41.65393,-17.0723],[-41.65323,-17.08856],[-41.66897,-17.10508],[-41.65537,-17.12141],[-41.65881,-17.1371],[-41.6469,-17.16889],[-41.64923,-17.19048],[-41.6322,-17.20435],[-41.60817,-17.16537],[-41.60287,-17.13679],[-41.5712,-17.12465],[-41.55811,-17.1104],[-41.52,-17.10977],[-41.48597,-17.08128],[-41.4707,-17.08411],[-41.45736,-17.11397],[-41.41426,-17.12628],[-41.39908,-17.06532],[-41.38498,-17.05009],[-41.40109,-17.03248],[-41.4445,-17.03297],[-41.44117,-17.00488],[-41.45448,-16.94648],[-41.48553,-16.92465],[-41.52736,-16.94964],[-41.55109,-16.92176],[-41.57992,-16.9141],[-41.62651,-16.94534],[-41.64086,-16.96532],[-41.67488,-16.98691]]]},"properties":{"GEOCODIGO":"3146305","NOME":"Padre Paraíso","UF":"MG"}},
{"type":"Feature","geometry":{"type":"Polygon","coordinates":[[[-41.72318,-16.42543],[-41.70256,-16.45256],[-41.7116,-16.50669],[-41.70068,-16.51899],[-41.69848,-16.54559],[-41.67634,-16.56749],[-41.65187,-16.57279],[-41.65556,-16.52616],[-41.6811,-16.5033],[-41.64976,-16.46354],[-41.63173,-16.47152],[-41.61354,-16.45272],[-41.59004,-16.45789],[-41.5662,-16.42506],[-41.54062,-16.44637],[-41.52409,-16.44576],[-41.51093,-16.46696],[-41.45101,-16.45398],[-41.47185,-16.44522],[-41.46206,-16.41422],[-41.41132,-16.4009],[-41.39443,-16.36967],[-41.34895,-16.34995],[-41.32414,-16.34616],[-41.30174,-16.33241],[-41.30631,-16.28707],[-41.28398,-16.27105],[-41.30848,-16.24213],[-41.27923,-16.18356],[-41.29742,-16.17144],[-41.31579,-16.15938],[-41.32542,-16.13304],[-41.35423,-16.14504],[-41.39037,-16.14213],[-41.38982,-16.12734],[-41.43751,-16.09662],[-41.42459,-16.0535],[-41.45022,-16.06075],[-41.45871,-16.04681],[-41.48054,-16.06134],[-41.47673,-16.09222],[-41.50492,-16.09377],[-41.54182,-16.10851],[-41.5489,-16.06481],[-41.59417,-16.08131],[-41.62065,-16.0795],[-41.68014,-16.10941],[-41.69579,-16.13591],[-41.68659,-16.15192],[-41.70023,-16.16758],[-41.69396,-16.20429],[-41.6429,-16.21596],[-41.62931,-16.23177],[-41.63118,-16.28729],[-41.64004,-16.32686],[-41.61296,-16.37951],[-41.65829,-16.3814],[-41.67487,-16.37389],[-41.69851,-16.38938],[-41.6999,-16.4113],[-41.72318,-16.42543]]]},"properties":{"GEOCODIGO":"3141405","NOME":"Medina","UF":"MG"}},
{"type":"Feature","geometry":{"type":"Polygon","coordinates":[[[-41.65644,-17.23453],[-41.64926,-17.25124],[-41.63042,-17.25767],[-41.61068,-17.28982],[-41.59035,-17.2976],[-41.56873,-17.34227],[-41.59661,-17.35811],[-41.58948,-17.39522],[-41.60414,-17.45122],[-41.5922,-17.47074],[-41.56425,-17.49225],[-41.52866,-17.49874],[-41.50692,-17.48383],[-41.50051,-17.45791],[-41.47982,-17.47442],[-41.47771,-17.43759],[-41.46795,-17.41241],[-41.43746,-17.40081],[-41.41242,-17.40094],[-41.37751,-17.41692],[-41.35978,-17.41203],[-41.34753,-17.38963],[-41.35149,-17.34701],[-41.36476,-17.29771],[-41.39387,-17.29431],[-41.40286,-17.30912],[-41.43808,-17.32667],[-41.46937,-17.31277],[-41.51848,-17.29957],[-41.54542,-17.27376],[-41.60234,-17.26446],[-41.63616,-17.23415],[-41.65644,-17.23453]]]},"properties":{"GEOCODIGO":"3115458","NOME":"Catuji","UF":"MG"}},
{"type":"Feature","geometry":{"type":"Polygon","coordinates":[[[-41.63393,-15.96615],[-41.63251,-15.98373],[-41.66056,-16.00764],[-41.66116,-16.01892],[-41.70065,-16.03685],[-41.71823,-16.08796],[-41.71025,-16.10891],[-41.68014,-16.10941],[-41.62065,-16.0795],[-41.59417,-16.08131],[-41.5489,-16.06481],[-41.54182,-16.10851],[-41.50492,-16.09377],[-41.47673,-16.09222],[-41.48054,-16.06134],[-41.45871,-16.04681],[-41.44419,-16.03459],[-41.41517,-15.98439],[-41.3844,-15.97104],[-41.33463,-15.92739],[-41.29723,-15.92157],[-41.29298,-15.89909],[-41.2741,-15.86364],[-41.27929,-15.84979],[-41.32012,-15.84006],[-41.35866,-15.86361],[-41.38368,-15.85512],[-41.40547,-15.83751],[-41.44037,-15.87755],[-41.45416,-15.88684],[-41.48318,-15.8611],[-41.49506,-15.86062],[-41.51996,-15.88143],[-41.53534,-15.91259],[-41.56131,-15.90055],[-41.58709,-15.90283],[-41.62056,-15.96474],[-41.63393,-15.96615]]]},"properties":{"GEOCODIGO":"3102704","NOME":"Cachoeira de Pajeú","UF":"MG"}},
{"type":"Feature","geometry":{"type":"Polygon","coordinates":[[[-41.74785,-15.58905],[-41.71296,-15.61088],[-41.66035,-15.61576],[-41.64526,-15.60457],[-41.62737,-15.60991],[-41.6041,-15.6329],[-41.6082,-15.6495],[-41.6382,-15.66098],[-41.66373,-15.68217],[-41.63193,-15.73689],[-41.64251,-15.74247],[-41.66667,-15.79519],[-41.69455,-15.80146],[-41.68746,-15.81093],[-41.64431,-15.81625],[-41.6302,-15.80305],[-41.60865,-15.80658],[-41.58187,-15.83938],[-41.5854,-15.85671],[-41.6427,-15.88134],[-41.65173,-15.90167],[-41.61854,-15.93783],[-41.61563,-15.95139],[-41.63393,-15.96615],[-41.62056,-15.96474],[-41.58709,-15.90283],[-41.56131,-15.90055],[-41.53534,-15.91259],[-41.51996,-15.88143],[-41.49506,-15.86062],[-41.48318,-15.8611],[-41.45416,-15.88684],[-41.44037,-15.87755],[-41.40547,-15.83751],[-41.36951,-15.80516],[-41.3416,-15.80026],[-41.37927,-15.73683],[-41.41263,-15.72606],[-41.42735,-15.70464],[-41.41876,-15.68107],[-41.41704,-15.62463],[-41.36685,-15.64035],[-41.34193,-15.63693],[-41.35604,-15.49983],[-41.36217,-15.49422],[-41.40276,-15.48281],[-41.44809,-15.48813],[-41.47498,-15.51453],[-41.50397,-15.52651],[-41.52896,-15.51745],[-41.55104,-15.5219],[-41.61534,-15.50814],[-41.64484,-15.51273],[-41.70423,-15.50843],[-41.71415,-15.54022],[-41.70674,-15.55034],[-41.71709,-15.57863],[-41.74785,-15.58905]]]},"properties":{"GEOCODIGO":"3101003","NOME":"Águas Vermelhas","UF":"MG"}},
{"type":"Feature","geometry":{"type":"Polygon","coordinates":[[[-41.54011,-18.58146],[-41.52192,-18.58468],[-41.50292,-18.62434],[-41.48964,-18.63989],[-41.44289,-18.62099],[-41.42342,-18.62215],[-41.41444,-18.60293],[-41.38025,-18.58882],[-41.36861,-18.5493],[-41.35483,-18.52593],[-41.36686,-18.5001],[-41.3792,-18.53313],[-41.41703,-18.53081],[-41.43236,-18.51793],[-41.45969,-18.51311],[-41.47939,-18.51357],[-41.50416,-18.52823],[-41.54011,-18.58146]]]},"properties":{"GEOCODIGO":"3161056","NOME":"São Félix de Minas","UF":"MG"}},
{"type":"Feature","geometry":{"type":"Polygon","coordinates":[[[-41.45101,-16.45398],[-41.51093,-16.46696],[-41.52409,-16.44576],[-41.54062,-16.44637],[-41.5662,-16.42506],[-41.59004,-16.45789],[-41.61354,-16.45272],[-41.63173,-16.47152],[-41.64976,-16.46354],[-41.6811,-16.5033],[-41.65556,-16.52616],[-41.65187,-16.57279],[-41.63948,-16.62543],[-41.64076,-16.66002],[-41.61801,-16.67582],[-41.60431,-16.69834],[-41.58635,-16.71699],[-41.55645,-16.72936],[-41.52989,-16.72318],[-41.51823,-16.7083],[-41.46306,-16.72195],[-41.45661,-16.68938],[-41.41651,-16.66938],[-41.36373,-16.62213],[-41.35498,-16.62362],[-41.37095,-16.60871],[-41.37201,-16.59125],[-41.3959,-16.58615],[-41.41845,-16.56679],[-41.45811,-16.5675],[-41.4672,-16.53886],[-41.4207,-16.48257],[-41.45187,-16.47181],[-41.45101,-16.45398]]]},"properties":{"GEOCODIGO":"3133303","NOME":"Itaobim","UF":"MG"}},
{"type":"Feature","geometry":{"type":"Polygon","coordinates":[[[-41.43128,-19.54027],[-41.41235,-19.55622],[-41.39149,-19.58729],[-41.3648,-19.65303],[-41.38674,-19.6585],[-41.38061,-19.67646],[-41.38775,-19.6999],[-41.38016,-19.71426],[-41.39259,-19.74925],[-41.35241,-19.7681],[-41.34516,-19.7939],[-41.32952,-19.81493],[-41.33597,-19.83282],[-41.30155,-19.85692],[-41.28116,-19.90221],[-41.29899,-19.93659],[-41.27226,-19.94195],[-41.24368,-19.93638],[-41.22849,-19.90527],[-41.20624,-19.90357],[-41.18573,-19.89083],[-41.18361,-19.84834],[-41.16371,-19.8059],[-41.1745,-19.76658],[-41.19049,-19.74639],[-41.17391,-19.71515],[-41.16808,-19.67174],[-41.13692,-19.65709],[-41.1291,-19.64226],[-41.10757,-19.63726],[-41.09903,-19.6041],[-41.07153,-19.58393],[-41.03647,-19.56997],[-41.04429,-19.53504],[-41.0463,-19.48692],[-41.01409,-19.50591],[-40.97185,-19.50481],[-40.94983,-19.45772],[-40.96734,-19.42504],[-40.97789,-19.40654],[-40.99663,-19.40863],[-41.0058,-19.39336],[-41.04002,-19.3756],[-41.04827,-19.39408],[-41.07972,-19.39896],[-41.11707,-19.41647],[-41.14338,-19.41863],[-41.15899,-19.45323],[-41.19665,-19.45301],[-41.19358,-19.47051],[-41.25826,-19.49403],[-41.27506,-19.49122],[-41.31999,-19.49813],[-41.33769,-19.48697],[-41.37487,-19.5056],[-41.38291,-19.53622],[-41.40705,-19.52697],[-41.43128,-19.54027]]]},"properties":{"GEOCODIGO":"3101102","NOME":"Aimorés","UF":"MG"}},
{"type":"Feature","geometry":{"type":"Polygon","coordinates":[[[-41.48964,-18.63989],[-41.45902,-18.67269],[-41.45544,-18.6921],[-41.37761,-18.70171],[-41.3314,-18.71595],[-41.29867,-18.70757],[-41.24714,-18.70916],[-41.26474,-18.68554],[-41.26341,-18.66026],[-41.30628,-18.59555],[-41.28919,-18.56189],[-41.29306,-18.51639],[-41.31931,-18.50537],[-41.33511,-18.49527],[-41.36686,-18.5001],[-41.35483,-18.52593],[-41.36861,-18.5493],[-41.38025,-18.58882],[-41.41444,-18.60293],[-41.42342,-18.62215],[-41.44289,-18.62099],[-41.48964,-18.63989]]]},"properties":{"GEOCODIGO":"3141504","NOME":"Mendes Pimentel","UF":"MG"}},
{"type":"Feature","geometry":{"type":"Polygon","coordinates":[[[-41.36012,-18.82589],[-41.37941,-18.82666],[-41.40566,-18.86578],[-41.43703,-18.86846],[-41.45856,-18.88745],[-41.42852,-18.90849],[-41.45794,-18.95098],[-41.43839,-18.98676],[-41.41483,-19.00104],[-41.40217,-19.02341],[-41.39358,-19.02975],[-41.35805,-19.02013],[-41.33778,-18.97205],[-41.3227,-18.96934],[-41.30733,-18.94192],[-41.30902,-18.91981],[-41.27858,-18.90045],[-41.26352,-18.86596],[-41.26917,-18.85426],[-41.30852,-18.82477],[-41.33411,-18.83094],[-41.36012,-18.82589]]]},"properties":{"GEOCODIGO":"3161650","NOME":"São Geraldo do Baixio","UF":"MG"}},
{"type":"Feature","geometry":{"type":"Polygon","coordinates":[[[-41.45969,-18.51311],[-41.43236,-18.51793],[-41.41703,-18.53081],[-41.3792,-18.53313],[-41.36686,-18.5001],[-41.33511,-18.49527],[-41.31931,-18.50537],[-41.31172,-18.47632],[-41.32817,-18.46792],[-41.32192,-18.44707],[-41.33449,-18.42928],[-41.32782,-18.39733],[-41.30804,-18.37731],[-41.31761,-18.32728],[-41.28978,-18.32899],[-41.32245,-18.28247],[-41.34391,-18.26717],[-41.36408,-18.27257],[-41.3808,-18.26805],[-41.41819,-18.28154],[-41.4267,-18.29673],[-41.41372,-18.30663],[-41.43055,-18.36711],[-41.43964,-18.41868],[-41.42617,-18.44323],[-41.44217,-18.47007],[-41.43878,-18.48829],[-41.45969,-18.51311]]]},"properties":{"GEOCODIGO":"3163300","NOME":"São José do Divino","UF":"MG"}},
{"type":"Feature","geometry":{"type":"Polygon","coordinates":[[[-41.27726,-19.12187],[-41.30255,-19.14654],[-41.31064,-19.16381],[-41.34617,-19.17699],[-41.35245,-19.22],[-41.36936,-19.24924],[-41.34919,-19.27175],[-41.33883,-19.27713],[-41.32522,-19.32666],[-41.28244,-19.37187],[-41.23991,-19.37635],[-41.19956,-19.35548],[-41.1956,-19.33755],[-41.14567,-19.33782],[-41.15375,-19.3104],[-41.11908,-19.29158],[-41.07057,-19.30612],[-41.03925,-19.30025],[-40.98935,-19.30167],[-40.95736,-19.26121],[-40.93073,-19.25076],[-40.92554,-19.18922],[-40.9407,-19.18009],[-40.94769,-19.14113],[-40.9625,-19.12108],[-41.01239,-19.09085],[-41.01221,-19.07532],[-41.05423,-19.06792],[-41.06041,-19.05553],[-41.06294,-19.06718],[-41.09347,-19.07693],[-41.127,-19.06382],[-41.14963,-19.08337],[-41.17141,-19.06565],[-41.1796,-19.08059],[-41.23421,-19.08634],[-41.27726,-19.12187]]]},"properties":{"GEOCODIGO":"3154309","NOME":"Resplendor","UF":"MG"}},
{"type":"Feature","geometry":{"type":"Polygon","coordinates":[[[-41.37157,-18.06147],[-41.40916,-18.07641],[-41.41493,-18.10489],[-41.43756,-18.14898],[-41.41991,-18.16264],[-41.42516,-18.1999],[-41.40769,-18.20472],[-41.40309,-18.22331],[-41.36972,-18.24746],[-41.36408,-18.27257],[-41.34391,-18.26717],[-41.32245,-18.28247],[-41.28978,-18.32899],[-41.31761,-18.32728],[-41.30804,-18.37731],[-41.32782,-18.39733],[-41.33449,-18.42928],[-41.32192,-18.44707],[-41.32817,-18.46792],[-41.31172,-18.47632],[-41.29919,-18.45041],[-41.28204,-18.45763],[-41.293,-18.47697],[-41.28101,-18.50142],[-41.2375,-18.48865],[-41.21541,-18.47418],[-41.20961,-18.45578],[-41.1817,-18.43878],[-41.14771,-18.37868],[-41.14711,-18.3529],[-41.15853,-18.30777],[-41.09608,-18.2551],[-41.10406,-18.2128],[-41.09235,-18.19493],[-41.05606,-18.17837],[-41.0518,-18.16481],[-41.02772,-18.1572],[-40.99283,-18.16576],[-40.98665,-18.1463],[-40.95123,-18.13362],[-40.93182,-18.13601],[-40.90448,-18.11069],[-40.87717,-18.11895],[-40.84469,-18.14934],[-40.77111,-18.15545],[-40.77292,-18.10709],[-40.90242,-17.9868],[-40.94653,-17.96913],[-40.96854,-17.95099],[-40.98711,-17.95756],[-41.00831,-17.95047],[-41.02784,-17.96731],[-41.05003,-18.00619],[-41.08587,-17.99564],[-41.10131,-17.97529],[-41.10217,-17.95249],[-41.14004,-17.9458],[-41.18097,-17.94551],[-41.18691,-17.92906],[-41.2145,-17.93083],[-41.25077,-17.95424],[-41.26334,-18.0116],[-41.2388,-18.02751],[-41.21961,-18.05267],[-41.21878,-18.079],[-41.23544,-18.10091],[-41.29967,-18.11382],[-41.32823,-18.09239],[-41.36233,-18.1053],[-41.37739,-18.08056],[-41.37157,-18.06147]]]},"properties":{"GEOCODIGO":"3104700","NOME":"Ataléia","UF":"MG"}},
{"type":"Feature","geometry":{"type":"Polygon","coordinates":[[[-41.37761,-18.70171],[-41.37389,-18.71923],[-41.39537,-18.73609],[-41.37737,-18.76061],[-41.34528,-18.76823],[-41.3469,-18.80648],[-41.36012,-18.82589],[-41.33411,-18.83094],[-41.30852,-18.82477],[-41.26917,-18.85426],[-41.26352,-18.86596],[-41.24258,-18.85406],[-41.24474,-18.82006],[-41.23215,-18.7968],[-41.23725,-18.78297],[-41.22039,-18.73067],[-41.2002,-18.68504],[-41.24714,-18.70916],[-41.29867,-18.70757],[-41.3314,-18.71595],[-41.37761,-18.70171]]]},"properties":{"GEOCODIGO":"3115706","NOME":"Central de Minas","UF":"MG"}},
{"type":"Feature","geometry":{"type":"Polygon","coordinates":[[[-41.28244,-19.37187],[-41.292,-19.40074],[-41.28716,-19.45249],[-41.26476,-19.4745],[-41.27506,-19.49122],[-41.25826,-19.49403],[-41.19358,-19.47051],[-41.19665,-19.45301],[-41.15899,-19.45323],[-41.14338,-19.41863],[-41.11707,-19.41647],[-41.07972,-19.39896],[-41.04827,-19.39408],[-41.04002,-19.3756],[-41.0058,-19.39336],[-40.99663,-19.40863],[-40.97789,-19.40654],[-40.96734,-19.42504],[-40.95032,-19.39252],[-40.93006,-19.38367],[-40.93808,-19.34558],[-40.92236,-19.32191],[-40.92416,-19.30197],[-40.9437,-19.2787],[-40.92146,-19.27141],[-40.93073,-19.25076],[-40.95736,-19.26121],[-40.98935,-19.30167],[-41.03925,-19.30025],[-41.07057,-19.30612],[-41.11908,-19.29158],[-41.15375,-19.3104],[-41.14567,-19.33782],[-41.1956,-19.33755],[-41.19956,-19.35548],[-41.23991,-19.37635],[-41.28244,-19.37187]]]},"properties":{"GEOCODIGO":"3134103","NOME":"Itueta","UF":"MG"}},
{"type":"Feature","geometry":{"type":"Polygon","coordinates":[[[-41.37157,-18.06147],[-41.37739,-18.08056],[-41.36233,-18.1053],[-41.32823,-18.09239],[-41.29967,-18.11382],[-41.23544,-18.10091],[-41.21878,-18.079],[-41.21961,-18.05267],[-41.2388,-18.02751],[-41.26334,-18.0116],[-41.25077,-17.95424],[-41.28141,-17.98399],[-41.33336,-17.99508],[-41.3442,-18.02512],[-41.36839,-18.03162],[-41.37157,-18.06147]]]},"properties":{"GEOCODIGO":"3146206","NOME":"Ouro Verde de Minas","UF":"MG"}},
{"type":"Feature","geometry":{"type":"Polygon","coordinates":[[[-41.45101,-16.45398],[-41.45187,-16.47181],[-41.4207,-16.48257],[-41.4672,-16.53886],[-41.45811,-16.5675],[-41.41845,-16.56679],[-41.3959,-16.58615],[-41.37201,-16.59125],[-41.37095,-16.60871],[-41.35498,-16.62362],[-41.32296,-16.62929],[-41.3102,-16.64824],[-41.31273,-16.66451],[-41.2859,-16.67266],[-41.30165,-16.72855],[-41.28954,-16.74771],[-41.28242,-16.72611],[-41.26034,-16.73075],[-41.23356,-16.69786],[-41.20753,-16.68966],[-41.20117,-16.67582],[-41.15116,-16.65061],[-41.12089,-16.61051],[-41.08881,-16.6079],[-41.07675,-16.58732],[-41.01989,-16.54997],[-41.00943,-16.55868],[-40.96243,-16.55052],[-40.94709,-16.57931],[-40.92803,-16.58447],[-40.92026,-16.60452],[-40.89181,-16.62299],[-40.87276,-16.57227],[-40.82996,-16.50458],[-40.82164,-16.48123],[-40.79198,-16.49597],[-40.79337,-16.52616],[-40.73843,-16.49577],[-40.70635,-16.49588],[-40.66539,-16.51361],[-40.67306,-16.4839],[-40.67217,-16.45378],[-40.65197,-16.41407],[-40.6614,-16.38555],[-40.64469,-16.37035],[-40.66962,-16.33465],[-40.66948,-16.32277],[-40.72192,-16.30337],[-40.72651,-16.28528],[-40.70406,-16.25799],[-40.73268,-16.25495],[-40.75284,-16.23121],[-40.76396,-16.24456],[-40.7642,-16.26965],[-40.77603,-16.27449],[-40.81246,-16.24591],[-40.84395,-16.24283],[-40.86135,-16.23357],[-40.87101,-16.25048],[-40.90014,-16.24533],[-40.92953,-16.26117],[-40.94811,-16.2615],[-40.98141,-16.24335],[-40.98968,-16.2107],[-40.96851,-16.19926],[-40.96983,-16.15582],[-40.99062,-16.14426],[-40.96484,-16.11333],[-40.97032,-16.08531],[-40.99367,-16.07573],[-41.05103,-16.07142],[-41.08798,-16.08189],[-41.13655,-16.06794],[-41.14583,-16.05685],[-41.19722,-16.06392],[-41.21729,-16.07204],[-41.23657,-16.12814],[-41.25818,-16.15182],[-41.27381,-16.14821],[-41.29742,-16.17144],[-41.27923,-16.18356],[-41.30848,-16.24213],[-41.28398,-16.27105],[-41.30631,-16.28707],[-41.30174,-16.33241],[-41.32414,-16.34616],[-41.34895,-16.34995],[-41.39443,-16.36967],[-41.41132,-16.4009],[-41.46206,-16.41422],[-41.47185,-16.44522],[-41.45101,-16.45398]]]},"properties":{"GEOCODIGO":"3135803","NOME":"Jequitinhonha","UF":"MG"}},
{"type":"Feature","geometry":{"type":"Polygon","coordinates":[[[-41.21386,-18.96556],[-41.2242,-18.95992],[-41.25149,-18.97379],[-41.28107,-18.97371],[-41.28702,-18.98366],[-41.27183,-19.01695],[-41.27944,-19.03574],[-41.27094,-19.052],[-41.27995,-19.07148],[-41.27215,-19.09142],[-41.27726,-19.12187],[-41.23421,-19.08634],[-41.23235,-19.06034],[-41.20333,-19.02668],[-41.19069,-19.02428],[-41.15933,-18.98668],[-41.21386,-18.96556]]]},"properties":{"GEOCODIGO":"3127370","NOME":"Goiabeira","UF":"MG"}},
{"type":"Feature","geometry":{"type":"Polygon","coordinates":[[[-41.31931,-18.50537],[-41.29306,-18.51639],[-41.28919,-18.56189],[-41.30628,-18.59555],[-41.26341,-18.66026],[-41.2374,-18.65272],[-41.21944,-18.61966],[-41.21528,-18.58666],[-41.15879,-18.5285],[-41.17048,-18.5072],[-41.18666,-18.50202],[-41.1817,-18.43878],[-41.20961,-18.45578],[-41.21541,-18.47418],[-41.2375,-18.48865],[-41.28101,-18.50142],[-41.293,-18.47697],[-41.28204,-18.45763],[-41.29919,-18.45041],[-41.31172,-18.47632],[-41.31931,-18.50537]]]},"properties":{"GEOCODIGO":"3131802","NOME":"Itabirinha de Mantena","UF":"MG"}},
{"type":"Feature","geometry":{"type":"Polygon","coordinates":[[[-41.45871,-16.04681],[-41.45022,-16.06075],[-41.42459,-16.0535],[-41.43751,-16.09662],[-41.38982,-16.12734],[-41.39037,-16.14213],[-41.35423,-16.14504],[-41.32542,-16.13304],[-41.31579,-16.15938],[-41.29742,-16.17144],[-41.27381,-16.14821],[-41.25818,-16.15182],[-41.23657,-16.12814],[-41.21729,-16.07204],[-41.19722,-16.06392],[-41.14583,-16.05685],[-41.13655,-16.06794],[-41.08798,-16.08189],[-41.05103,-16.07142],[-40.99367,-16.07573],[-40.97032,-16.08531],[-40.9395,-16.09786],[-40.91842,-16.07413],[-40.9126,-16.04895],[-40.91729,-15.97881],[-40.96229,-15.95711],[-40.98145,-15.93666],[-40.98121,-15.90982],[-40.96137,-15.89857],[-40.97015,-15.8794],[-41.00487,-15.86252],[-41.00409,-15.85121],[-41.01796,-15.81431],[-41.02974,-15.8001],[-41.0697,-15.80108],[-41.09857,-15.79032],[-41.11847,-15.80319],[-41.14996,-15.79882],[-41.14393,-15.77141],[-41.23259,-15.73629],[-41.27137,-15.74767],[-41.29256,-15.73855],[-41.33082,-15.74421],[-41.32853,-15.75882],[-41.3416,-15.80026],[-41.36951,-15.80516],[-41.40547,-15.83751],[-41.38368,-15.85512],[-41.35866,-15.86361],[-41.32012,-15.84006],[-41.27929,-15.84979],[-41.2741,-15.86364],[-41.29298,-15.89909],[-41.29723,-15.92157],[-41.33463,-15.92739],[-41.3844,-15.97104],[-41.41517,-15.98439],[-41.44419,-16.03459],[-41.45871,-16.04681]]]},"properties":{"GEOCODIGO":"3148707","NOME":"Pedra Azul","UF":"MG"}},
{"type":"Feature","geometry":{"type":"Polygon","coordinates":[[[-41.21386,-18.96556],[-41.15933,-18.98668],[-41.19069,-19.02428],[-41.20333,-19.02668],[-41.23235,-19.06034],[-41.23421,-19.08634],[-41.1796,-19.08059],[-41.17141,-19.06565],[-41.14963,-19.08337],[-41.127,-19.06382],[-41.09347,-19.07693],[-41.06294,-19.06718],[-41.06041,-19.05553],[-41.0714,-19.02337],[-41.06138,-19.00584],[-41.03183,-18.99037],[-41.0638,-18.95989],[-41.06447,-18.94456],[-41.10328,-18.93358],[-41.12646,-18.89403],[-41.14881,-18.8852],[-41.13433,-18.92655],[-41.18019,-18.97125],[-41.21386,-18.96556]]]},"properties":{"GEOCODIGO":"3120839","NOME":"Cuparaque","UF":"MG"}},
{"type":"Feature","geometry":{"type":"Polygon","coordinates":[[[-41.26341,-18.66026],[-41.26474,-18.68554],[-41.24714,-18.70916],[-41.2002,-18.68504],[-41.13783,-18.70043],[-41.14173,-18.71226],[-41.10408,-18.74705],[-41.07886,-18.74658],[-41.07969,-18.77905],[-41.09303,-18.78635],[-41.14016,-18.79039],[-41.14861,-18.79703],[-41.13308,-18.79633],[-41.11012,-18.83846],[-41.08332,-18.8361],[-40.96352,-18.84069],[-40.91638,-18.81506],[-40.93962,-18.76981],[-40.94111,-18.68882],[-41.00484,-18.6668],[-41.0505,-18.63368],[-41.0416,-18.60493],[-41.02569,-18.5277],[-41.04616,-18.52461],[-41.06144,-18.53957],[-41.07775,-18.52535],[-41.11197,-18.53449],[-41.13105,-18.52485],[-41.15879,-18.5285],[-41.21528,-18.58666],[-41.21944,-18.61966],[-41.2374,-18.65272],[-41.26341,-18.66026]]]},"properties":{"GEOCODIGO":"3139607","NOME":"Mantena","UF":"MG"}},
{"type":"Feature","geometry":{"type":"Polygon","coordinates":[[[-41.35149,-17.34701],[-41.32198,-17.33608],[-41.30048,-17.35014],[-41.28266,-17.33012],[-41.24245,-17.38131],[-41.24047,-17.40828],[-41.22836,-17.43493],[-41.15692,-17.43625],[-41.15134,-17.40212],[-41.10342,-17.38954],[-41.07603,-17.38776],[-41.08922,-17.35169],[-41.0707,-17.34769],[-41.09304,-17.33848],[-41.10736,-17.31796],[-41.15136,-17.30549],[-41.1795,-17.28063],[-41.18406,-17.24681],[-41.20803,-17.21333],[-41.16359,-17.18576],[-41.15242,-17.16054],[-41.15414,-17.13187],[-41.12492,-17.12506],[-41.12111,-17.11445],[-41.14923,-17.07293],[-41.15917,-17.04376],[-41.19353,-17.03837],[-41.21097,-17.04713],[-41.23589,-17.04205],[-41.25843,-17.04808],[-41.27736,-17.03304],[-41.2957,-17.03849],[-41.30798,-17.05847],[-41.32392,-17.06108],[-41.32839,-17.12762],[-41.33842,-17.14645],[-41.34103,-17.21556],[-41.32567,-17.23532],[-41.31551,-17.2746],[-41.32368,-17.31244],[-41.34042,-17.32333],[-41.35149,-17.34701]]]},"properties":{"GEOCODIGO":"3145356","NOME":"Novo Oriente de Minas","UF":"MG"}},
{"type":"Feature","geometry":{"type":"Polygon","coordinates":[[[-41.2002,-18.68504],[-41.22039,-18.73067],[-41.23725,-18.78297],[-41.23215,-18.7968],[-41.14861,-18.79703],[-41.14016,-18.79039],[-41.09303,-18.78635],[-41.07969,-18.77905],[-41.07886,-18.74658],[-41.10408,-18.74705],[-41.14173,-18.71226],[-41.13783,-18.70043],[-41.2002,-18.68504]]]},"properties":{"GEOCODIGO":"3162575","NOME":"São João do Manteninha","UF":"MG"}},
{"type":"Feature","geometry":{"type":"Polygon","coordinates":[[[-41.28954,-16.74771],[-41.32087,-16.74894],[-41.31664,-16.79888],[-41.3017,-16.82255],[-41.3142,-16.84018],[-41.35314,-16.86045],[-41.36375,-16.91119],[-41.32631,-16.93896],[-41.3544,-16.97169],[-41.32574,-16.97672],[-41.317,-17.00249],[-41.28475,-17.01599],[-41.27628,-17.007],[-41.26212,-16.97704],[-41.24556,-16.9858],[-41.22656,-16.96206],[-41.22572,-16.94004],[-41.20309,-16.9268],[-41.17309,-16.88167],[-41.1399,-16.87612],[-41.14156,-16.85864],[-41.19956,-16.81034],[-41.22207,-16.77122],[-41.24968,-16.77321],[-41.28954,-16.74771]]]},"properties":{"GEOCODIGO":"3143153","NOME":"Monte Formoso","UF":"MG"}},
{"type":"Feature","geometry":{"type":"Polygon","coordinates":[[[-41.34193,-15.63693],[-41.36685,-15.64035],[-41.41704,-15.62463],[-41.41876,-15.68107],[-41.42735,-15.70464],[-41.41263,-15.72606],[-41.37927,-15.73683],[-41.3416,-15.80026],[-41.32853,-15.75882],[-41.33082,-15.74421],[-41.34193,-15.63693]]]},"properties":{"GEOCODIGO":"3122355","NOME":"Divisa Alegre","UF":"MG"}},
{"type":"Feature","geometry":{"type":"Polygon","coordinates":[[[-41.1817,-18.43878],[-41.18666,-18.50202],[-41.17048,-18.5072],[-41.15879,-18.5285],[-41.13105,-18.52485],[-41.11197,-18.53449],[-41.07775,-18.52535],[-41.06144,-18.53957],[-41.04616,-18.52461],[-41.02569,-18.5277],[-41.01595,-18.46698],[-41.02355,-18.4567],[-41.17269,-18.44232],[-41.1817,-18.43878]]]},"properties":{"GEOCODIGO":"3144672","NOME":"Nova Belém","UF":"MG"}},
{"type":"Feature","geometry":{"type":"Polygon","coordinates":[[[-41.22836,-17.43493],[-41.25365,-17.4623],[-41.25539,-17.4848],[-41.20089,-17.51998],[-41.16222,-17.53996],[-41.13131,-17.53138],[-41.12153,-17.57407],[-41.09764,-17.55963],[-41.0767,-17.57778],[-41.05172,-17.57871],[-41.04759,-17.6044],[-41.01333,-17.5979],[-40.99734,-17.5842],[-40.98325,-17.60011],[-40.94895,-17.59138],[-40.9462,-17.56793],[-40.9567,-17.55101],[-40.94208,-17.51483],[-40.92339,-17.5158],[-40.92223,-17.48822],[-40.94914,-17.48165],[-40.9604,-17.45171],[-40.97525,-17.43543],[-40.95593,-17.40209],[-40.95879,-17.34698],[-40.94876,-17.33061],[-40.987,-17.32978],[-41.00009,-17.36043],[-41.04278,-17.34238],[-41.0707,-17.34769],[-41.08922,-17.35169],[-41.07603,-17.38776],[-41.10342,-17.38954],[-41.15134,-17.40212],[-41.15692,-17.43625],[-41.22836,-17.43493]]]},"properties":{"GEOCODIGO":"3148509","NOME":"Pavão","UF":"MG"}},
{"type":"Feature","geometry":{"type":"Polygon","coordinates":[[[-41.27628,-17.007],[-41.27736,-17.03304],[-41.25843,-17.04808],[-41.23589,-17.04205],[-41.21097,-17.04713],[-41.19353,-17.03837],[-41.15347,-17.01763],[-41.11929,-16.96112],[-41.09469,-16.94411],[-41.05763,-16.96072],[-41.04515,-16.93275],[-41.01618,-16.91812],[-40.99299,-16.92864],[-40.96277,-16.90028],[-40.96155,-16.86711],[-40.92164,-16.81705],[-40.8983,-16.81335],[-40.86516,-16.8341],[-40.84496,-16.86902],[-40.80841,-16.85382],[-40.7976,-16.83337],[-40.75635,-16.82054],[-40.70961,-16.83394],[-40.68653,-16.80875],[-40.71214,-16.73659],[-40.72804,-16.72215],[-40.76103,-16.71562],[-40.78922,-16.69271],[-40.81384,-16.69123],[-40.82861,-16.66459],[-40.8133,-16.64571],[-40.82547,-16.62435],[-40.84062,-16.63828],[-40.89181,-16.62299],[-40.92026,-16.60452],[-40.92803,-16.58447],[-40.94709,-16.57931],[-40.96243,-16.55052],[-41.00943,-16.55868],[-41.01989,-16.54997],[-41.07675,-16.58732],[-41.08881,-16.6079],[-41.12089,-16.61051],[-41.15116,-16.65061],[-41.20117,-16.67582],[-41.20753,-16.68966],[-41.23356,-16.69786],[-41.26034,-16.73075],[-41.28242,-16.72611],[-41.28954,-16.74771],[-41.24968,-16.77321],[-41.22207,-16.77122],[-41.19956,-16.81034],[-41.14156,-16.85864],[-41.1399,-16.87612],[-41.17309,-16.88167],[-41.20309,-16.9268],[-41.22572,-16.94004],[-41.22656,-16.96206],[-41.24556,-16.9858],[-41.26212,-16.97704],[-41.27628,-17.007]]]},"properties":{"GEOCODIGO":"3136009","NOME":"Joaíma","UF":"MG"}},
{"type":"Feature","geometry":{"type":"Polygon","coordinates":[[[-41.04759,-17.6044],[-41.05994,-17.61919],[-41.08695,-17.60394],[-41.10883,-17.61758],[-41.14026,-17.64908],[-41.19128,-17.62104],[-41.1955,-17.63694],[-41.16398,-17.6799],[-41.14312,-17.68269],[-41.12656,-17.71022],[-41.13136,-17.75346],[-41.14829,-17.77902],[-41.12926,-17.80468],[-41.07678,-17.83356],[-41.08778,-17.85431],[-41.12223,-17.88826],[-41.14608,-17.89039],[-41.15048,-17.93042],[-41.14004,-17.9458],[-41.10217,-17.95249],[-41.10131,-17.97529],[-41.08587,-17.99564],[-41.05003,-18.00619],[-41.02784,-17.96731],[-41.00831,-17.95047],[-40.98711,-17.95756],[-40.96854,-17.95099],[-40.94653,-17.96913],[-40.90242,-17.9868],[-40.86274,-17.98784],[-40.83017,-17.95371],[-40.79808,-17.95647],[-40.78359,-17.92175],[-40.78608,-17.90369],[-40.73628,-17.87734],[-40.72257,-17.8803],[-40.66981,-17.85911],[-40.63111,-17.85073],[-40.5755,-17.81693],[-40.48947,-17.78722],[-40.49066,-17.7751],[-40.53429,-17.77484],[-40.5575,-17.73868],[-40.59775,-17.733],[-40.61399,-17.71825],[-40.60995,-17.67826],[-40.59054,-17.65483],[-40.6255,-17.59172],[-40.59875,-17.55362],[-40.58047,-17.54643],[-40.54484,-17.50159],[-40.55065,-17.4741],[-40.54233,-17.45131],[-40.51952,-17.44652],[-40.55631,-17.43299],[-40.57709,-17.41315],[-40.59712,-17.42016],[-40.62223,-17.40282],[-40.599,-17.39135],[-40.6051,-17.35843],[-40.6378,-17.39475],[-40.68507,-17.39175],[-40.68203,-17.36712],[-40.69144,-17.35076],[-40.71192,-17.36027],[-40.72426,-17.34436],[-40.74761,-17.34831],[-40.77924,-17.35111],[-40.78676,-17.36391],[-40.81642,-17.3762],[-40.85659,-17.34028],[-40.87811,-17.35159],[-40.90501,-17.33404],[-40.94876,-17.33061],[-40.95879,-17.34698],[-40.95593,-17.40209],[-40.97525,-17.43543],[-40.9604,-17.45171],[-40.94914,-17.48165],[-40.92223,-17.48822],[-40.92339,-17.5158],[-40.94208,-17.51483],[-40.9567,-17.55101],[-40.9462,-17.56793],[-40.94895,-17.59138],[-40.98325,-17.60011],[-40.99734,-17.5842],[-41.01333,-17.5979],[-41.04759,-17.6044]]]},"properties":{"GEOCODIGO":"3113701","NOME":"Carlos Chagas","UF":"MG"}},
{"type":"Feature","geometry":{"type":"Polygon","coordinates":[[[-41.12492,-17.12506],[-41.15414,-17.13187],[-41.15242,-17.16054],[-41.16359,-17.18576],[-41.20803,-17.21333],[-41.18406,-17.24681],[-41.1795,-17.28063],[-41.15136,-17.30549],[-41.10736,-17.31796],[-41.09304,-17.33848],[-41.0707,-17.34769],[-41.04278,-17.34238],[-41.00009,-17.36043],[-40.987,-17.32978],[-40.94876,-17.33061],[-40.90501,-17.33404],[-40.87811,-17.35159],[-40.85659,-17.34028],[-40.81642,-17.3762],[-40.78676,-17.36391],[-40.77924,-17.35111],[-40.74761,-17.34831],[-40.7517,-17.31574],[-40.77395,-17.29184],[-40.78378,-17.26274],[-40.76942,-17.21179],[-40.75819,-17.20301],[-40.74331,-17.15654],[-40.80147,-17.13703],[-40.84197,-17.10773],[-40.87031,-17.11407],[-40.90256,-17.1397],[-40.91223,-17.17213],[-40.98729,-17.16292],[-41.00273,-17.12841],[-41.04444,-17.14583],[-41.055,-17.16276],[-41.07773,-17.15196],[-41.08551,-17.13356],[-41.12492,-17.12506]]]},"properties":{"GEOCODIGO":"3120151","NOME":"Crisólita","UF":"MG"}},
{"type":"Feature","geometry":{"type":"Polygon","coordinates":[[[-40.96277,-16.90028],[-40.99299,-16.92864],[-41.01618,-16.91812],[-41.04515,-16.93275],[-41.05763,-16.96072],[-41.09469,-16.94411],[-41.11929,-16.96112],[-41.15347,-17.01763],[-41.19353,-17.03837],[-41.15917,-17.04376],[-41.14923,-17.07293],[-41.12111,-17.11445],[-41.12492,-17.12506],[-41.08551,-17.13356],[-41.07773,-17.15196],[-41.055,-17.16276],[-41.04444,-17.14583],[-41.00273,-17.12841],[-40.98729,-17.16292],[-40.91223,-17.17213],[-40.90256,-17.1397],[-40.87031,-17.11407],[-40.84197,-17.10773],[-40.80147,-17.13703],[-40.77564,-17.10683],[-40.78675,-17.04655],[-40.80792,-17.0027],[-40.80279,-16.97713],[-40.8222,-16.96827],[-40.84812,-16.97235],[-40.8582,-16.96204],[-40.88848,-16.96133],[-40.91348,-16.91761],[-40.94943,-16.91275],[-40.96277,-16.90028]]]},"properties":{"GEOCODIGO":"3100906","NOME":"Águas Formosas","UF":"MG"}},
{"type":"Feature","geometry":{"type":"Polygon","coordinates":[[[-41.14393,-15.77141],[-41.14996,-15.79882],[-41.11847,-15.80319],[-41.09857,-15.79032],[-41.0697,-15.80108],[-41.02974,-15.8001],[-41.01796,-15.81431],[-41.00409,-15.85121],[-40.95507,-15.84391],[-40.92171,-15.85839],[-40.89631,-15.8538],[-40.87513,-15.85992],[-40.87308,-15.83456],[-40.85816,-15.82245],[-40.81182,-15.82112],[-40.80839,-15.83578],[-40.77075,-15.84033],[-40.78359,-15.80986],[-40.74072,-15.78912],[-40.74948,-15.762],[-40.7666,-15.73865],[-40.78251,-15.73139],[-40.81081,-15.70134],[-40.81523,-15.6478],[-40.85507,-15.6867],[-40.90219,-15.69138],[-40.91395,-15.66052],[-40.96274,-15.64794],[-40.97771,-15.68764],[-41.00568,-15.71338],[-41.03589,-15.71336],[-41.04803,-15.72341],[-41.07836,-15.71945],[-41.09775,-15.74059],[-41.12117,-15.74255],[-41.14393,-15.77141]]]},"properties":{"GEOCODIGO":"3122454","NOME":"Divisópolis","UF":"MG"}},
{"type":"Feature","geometry":{"type":"Polygon","coordinates":[[[-40.96277,-16.90028],[-40.94943,-16.91275],[-40.91348,-16.91761],[-40.88848,-16.96133],[-40.8582,-16.96204],[-40.84812,-16.97235],[-40.8222,-16.96827],[-40.80279,-16.97713],[-40.77495,-16.96022],[-40.7477,-16.97016],[-40.7198,-16.95938],[-40.74315,-16.9191],[-40.74534,-16.89551],[-40.73451,-16.86847],[-40.70806,-16.84201],[-40.70961,-16.83394],[-40.75635,-16.82054],[-40.7976,-16.83337],[-40.80841,-16.85382],[-40.84496,-16.86902],[-40.86516,-16.8341],[-40.8983,-16.81335],[-40.92164,-16.81705],[-40.96155,-16.86711],[-40.96277,-16.90028]]]},"properties":{"GEOCODIGO":"3127057","NOME":"Fronteira dos Vales","UF":"MG"}},
{"type":"Feature","geometry":{"type":"Polygon","coordinates":[[[-40.97032,-16.08531],[-40.96484,-16.11333],[-40.99062,-16.14426],[-40.96983,-16.15582],[-40.96851,-16.19926],[-40.98968,-16.2107],[-40.98141,-16.24335],[-40.94811,-16.2615],[-40.92953,-16.26117],[-40.90014,-16.24533],[-40.87101,-16.25048],[-40.86135,-16.23357],[-40.84395,-16.24283],[-40.81246,-16.24591],[-40.77603,-16.27449],[-40.7642,-16.26965],[-40.76396,-16.24456],[-40.75284,-16.23121],[-40.73268,-16.25495],[-40.70406,-16.25799],[-40.72651,-16.28528],[-40.72192,-16.30337],[-40.66948,-16.32277],[-40.66962,-16.33465],[-40.64469,-16.37035],[-40.6614,-16.38555],[-40.65197,-16.41407],[-40.67217,-16.45378],[-40.62853,-16.43055],[-40.61662,-16.39895],[-40.61687,-16.37603],[-40.58414,-16.34817],[-40.56846,-16.32499],[-40.56451,-16.29687],[-40.54965,-16.27306],[-40.52073,-16.26351],[-40.46762,-16.19593],[-40.46907,-16.17915],[-40.4322,-16.15931],[-40.43453,-16.13484],[-40.41484,-16.12114],[-40.42817,-16.0939],[-40.42123,-16.05881],[-40.45044,-16.05176],[-40.47987,-16.03451],[-40.49223,-16.01402],[-40.4987,-15.97313],[-40.51752,-15.95061],[-40.56607,-15.93823],[-40.58503,-15.94172],[-40.63992,-15.92221],[-40.67074,-15.95442],[-40.65909,-15.96785],[-40.67567,-16.01059],[-40.70898,-15.9752],[-40.71057,-15.93331],[-40.7277,-15.8841],[-40.72018,-15.86676],[-40.73295,-15.82724],[-40.72479,-15.80548],[-40.74072,-15.78912],[-40.78359,-15.80986],[-40.77075,-15.84033],[-40.80839,-15.83578],[-40.81182,-15.82112],[-40.85816,-15.82245],[-40.87308,-15.83456],[-40.87513,-15.85992],[-40.89631,-15.8538],[-40.92171,-15.85839],[-40.95507,-15.84391],[-41.00409,-15.85121],[-41.00487,-15.86252],[-40.97015,-15.8794],[-40.96137,-15.89857],[-40.98121,-15.90982],[-40.98145,-15.93666],[-40.96229,-15.95711],[-40.91729,-15.97881],[-40.9126,-16.04895],[-40.91842,-16.07413],[-40.9395,-16.09786],[-40.97032,-16.08531]]]},"properties":{"GEOCODIGO":"3101706","NOME":"Almenara","UF":"MG"}},
{"type":"Feature","geometry":{"type":"Polygon","coordinates":[[[-40.79808,-17.95647],[-40.77054,-17.98595],[-40.77138,-18.00291],[-40.75238,-18.00915],[-40.72538,-18.00074],[-40.7033,-18.02325],[-40.69014,-18.01224],[-40.65905,-18.01045],[-40.64565,-17.99309],[-40.62577,-17.99058],[-40.6215,-17.96009],[-40.60915,-17.93718],[-40.58678,-17.93855],[-40.58433,-17.91769],[-40.56755,-17.91556],[-40.52665,-17.89147],[-40.50021,-17.91119],[-40.48375,-17.90817],[-40.4638,-17.92773],[-40.44467,-17.91835],[-40.41704,-17.92656],[-40.34514,-17.92331],[-40.25498,-17.97132],[-40.22197,-17.97994],[-40.22644,-17.95778],[-40.25942,-17.93955],[-40.26317,-17.92155],[-40.21249,-17.8951],[-40.22553,-17.87384],[-40.24725,-17.88142],[-40.2957,-17.85273],[-40.31683,-17.79445],[-40.30547,-17.78149],[-40.30866,-17.74908],[-40.3197,-17.73132],[-40.33183,-17.68778],[-40.347,-17.66338],[-40.3407,-17.6272],[-40.34703,-17.6127],[-40.37955,-17.61084],[-40.39643,-17.62513],[-40.41783,-17.59862],[-40.41341,-17.57369],[-40.42775,-17.56624],[-40.44472,-17.5783],[-40.46003,-17.56803],[-40.47482,-17.5333],[-40.48868,-17.51932],[-40.48203,-17.49212],[-40.49506,-17.48626],[-40.52095,-17.45595],[-40.51952,-17.44652],[-40.54233,-17.45131],[-40.55065,-17.4741],[-40.54484,-17.50159],[-40.58047,-17.54643],[-40.59875,-17.55362],[-40.6255,-17.59172],[-40.59054,-17.65483],[-40.60995,-17.67826],[-40.61399,-17.71825],[-40.59775,-17.733],[-40.5575,-17.73868],[-40.53429,-17.77484],[-40.49066,-17.7751],[-40.48947,-17.78722],[-40.5755,-17.81693],[-40.63111,-17.85073],[-40.66981,-17.85911],[-40.72257,-17.8803],[-40.73628,-17.87734],[-40.78608,-17.90369],[-40.78359,-17.92175],[-40.79808,-17.95647]]]},"properties":{"GEOCODIGO":"3144300","NOME":"Nanuque","UF":"MG"}},
{"type":"Feature","geometry":{"type":"Polygon","coordinates":[[[-40.89181,-16.62299],[-40.84062,-16.63828],[-40.82547,-16.62435],[-40.8133,-16.64571],[-40.82861,-16.66459],[-40.81384,-16.69123],[-40.78922,-16.69271],[-40.76103,-16.71562],[-40.72804,-16.72215],[-40.71214,-16.73659],[-40.68653,-16.80875],[-40.70961,-16.83394],[-40.70806,-16.84201],[-40.6669,-16.83176],[-40.64823,-16.79825],[-40.61115,-16.78402],[-40.6007,-16.7908],[-40.58857,-16.78665],[-40.58172,-16.748],[-40.60689,-16.72787],[-40.63973,-16.73041],[-40.65217,-16.68101],[-40.64129,-16.67152],[-40.64764,-16.64268],[-40.63539,-16.60952],[-40.65539,-16.60947],[-40.67862,-16.57411],[-40.65653,-16.5575],[-40.6562,-16.52517],[-40.66539,-16.51361],[-40.70635,-16.49588],[-40.73843,-16.49577],[-40.79337,-16.52616],[-40.79198,-16.49597],[-40.82164,-16.48123],[-40.82996,-16.50458],[-40.87276,-16.57227],[-40.89181,-16.62299]]]},"properties":{"GEOCODIGO":"3125606","NOME":"Felisburgo","UF":"MG"}},
{"type":"Feature","geometry":{"type":"Polygon","coordinates":[[[-40.80147,-17.13703],[-40.74331,-17.15654],[-40.73467,-17.18174],[-40.71531,-17.18103],[-40.71203,-17.2],[-40.69217,-17.2126],[-40.67859,-17.20513],[-40.62958,-17.20353],[-40.61437,-17.18625],[-40.63738,-17.16544],[-40.65032,-17.13216],[-40.66453,-17.1154],[-40.64795,-17.07417],[-40.66575,-17.03754],[-40.68928,-17.02921],[-40.68509,-17.00224],[-40.7198,-16.95938],[-40.7477,-16.97016],[-40.77495,-16.96022],[-40.80279,-16.97713],[-40.80792,-17.0027],[-40.78675,-17.04655],[-40.77564,-17.10683],[-40.80147,-17.13703]]]},"properties":{"GEOCODIGO":"3138906","NOME":"Machacalis","UF":"MG"}},
{"type":"Feature","geometry":{"type":"Polygon","coordinates":[[[-40.74331,-17.15654],[-40.75819,-17.20301],[-40.76942,-17.21179],[-40.78378,-17.26274],[-40.77395,-17.29184],[-40.7517,-17.31574],[-40.74761,-17.34831],[-40.72426,-17.34436],[-40.71192,-17.36027],[-40.69144,-17.35076],[-40.68203,-17.36712],[-40.68507,-17.39175],[-40.6378,-17.39475],[-40.6051,-17.35843],[-40.59446,-17.32309],[-40.57186,-17.2943],[-40.5547,-17.28805],[-40.57087,-17.25248],[-40.55801,-17.23021],[-40.55737,-17.18541],[-40.57214,-17.1819],[-40.57823,-17.14924],[-40.61437,-17.18625],[-40.62958,-17.20353],[-40.67859,-17.20513],[-40.69217,-17.2126],[-40.71203,-17.2],[-40.71531,-17.18103],[-40.73467,-17.18174],[-40.74331,-17.15654]]]},"properties":{"GEOCODIGO":"3170305","NOME":"Umburatiba","UF":"MG"}},
{"type":"Feature","geometry":{"type":"Polygon","coordinates":[[[-40.70806,-16.84201],[-40.73451,-16.86847],[-40.74534,-16.89551],[-40.74315,-16.9191],[-40.7198,-16.95938],[-40.68509,-17.00224],[-40.68928,-17.02921],[-40.66575,-17.03754],[-40.64461,-17.01755],[-40.65001,-16.99918],[-40.61964,-16.97949],[-40.62375,-16.94427],[-40.60643,-16.92712],[-40.60458,-16.90465],[-40.57982,-16.90325],[-40.56764,-16.87541],[-40.60495,-16.82938],[-40.6007,-16.7908],[-40.61115,-16.78402],[-40.64823,-16.79825],[-40.6669,-16.83176],[-40.70806,-16.84201]]]},"properties":{"GEOCODIGO":"3157658","NOME":"Santa Helena de Minas","UF":"MG"}},
{"type":"Feature","geometry":{"type":"Polygon","coordinates":[[[-40.81523,-15.6478],[-40.81081,-15.70134],[-40.78251,-15.73139],[-40.7666,-15.73865],[-40.74948,-15.762],[-40.74072,-15.78912],[-40.72479,-15.80548],[-40.71965,-15.82835],[-40.66454,-15.85302],[-40.6359,-15.882],[-40.59962,-15.87653],[-40.60375,-15.85953],[-40.6367,-15.84103],[-40.64361,-15.80789],[-40.64168,-15.77249],[-40.65148,-15.75304],[-40.64457,-15.7284],[-40.66082,-15.70666],[-40.68193,-15.69856],[-40.7042,-15.66594],[-40.74343,-15.68355],[-40.74113,-15.70427],[-40.76728,-15.71362],[-40.78557,-15.6918],[-40.77996,-15.67974],[-40.81523,-15.6478]]]},"properties":{"GEOCODIGO":"3140555","NOME":"Mata Verde","UF":"MG"}},
{"type":"Feature","geometry":{"type":"Polygon","coordinates":[[[-40.66575,-17.03754],[-40.64795,-17.07417],[-40.66453,-17.1154],[-40.65032,-17.13216],[-40.63738,-17.16544],[-40.61437,-17.18625],[-40.57823,-17.14924],[-40.56192,-17.12288],[-40.5564,-17.08913],[-40.57129,-17.06541],[-40.55947,-17.04114],[-40.54312,-16.9823],[-40.51556,-16.96225],[-40.49676,-16.91686],[-40.49195,-16.88693],[-40.47979,-16.87634],[-40.4343,-16.88707],[-40.46675,-16.83751],[-40.48781,-16.83993],[-40.53395,-16.80187],[-40.56234,-16.79993],[-40.58857,-16.78665],[-40.6007,-16.7908],[-40.60495,-16.82938],[-40.56764,-16.87541],[-40.57982,-16.90325],[-40.60458,-16.90465],[-40.60643,-16.92712],[-40.62375,-16.94427],[-40.61964,-16.97949],[-40.65001,-16.99918],[-40.64461,-17.01755],[-40.66575,-17.03754]]]},"properties":{"GEOCODIGO":"3106606","NOME":"Bertópolis","UF":"MG"}},
{"type":"Feature","geometry":{"type":"Polygon","coordinates":[[[-40.72479,-15.80548],[-40.73295,-15.82724],[-40.72018,-15.86676],[-40.7277,-15.8841],[-40.71057,-15.93331],[-40.70898,-15.9752],[-40.67567,-16.01059],[-40.65909,-15.96785],[-40.67074,-15.95442],[-40.63992,-15.92221],[-40.58503,-15.94172],[-40.56607,-15.93823],[-40.51752,-15.95061],[-40.4987,-15.97313],[-40.46812,-15.95815],[-40.43254,-15.96887],[-40.43834,-15.94657],[-40.41983,-15.93251],[-40.42049,-15.9039],[-40.44057,-15.8715],[-40.47598,-15.85135],[-40.49567,-15.81228],[-40.5179,-15.79705],[-40.54167,-15.79471],[-40.56072,-15.80315],[-40.57819,-15.77209],[-40.62565,-15.71775],[-40.64457,-15.7284],[-40.65148,-15.75304],[-40.64168,-15.77249],[-40.64361,-15.80789],[-40.6367,-15.84103],[-40.60375,-15.85953],[-40.59962,-15.87653],[-40.6359,-15.882],[-40.66454,-15.85302],[-40.71965,-15.82835],[-40.72479,-15.80548]]]},"properties":{"GEOCODIGO":"3105202","NOME":"Bandeira","UF":"MG"}},
{"type":"Feature","geometry":{"type":"Polygon","coordinates":[[[-40.65653,-16.5575],[-40.67862,-16.57411],[-40.65539,-16.60947],[-40.63539,-16.60952],[-40.64764,-16.64268],[-40.64129,-16.67152],[-40.65217,-16.68101],[-40.63973,-16.73041],[-40.60689,-16.72787],[-40.58172,-16.748],[-40.58857,-16.78665],[-40.56234,-16.79993],[-40.53395,-16.80187],[-40.48781,-16.83993],[-40.46675,-16.83751],[-40.47792,-16.78613],[-40.45898,-16.77403],[-40.45681,-16.74837],[-40.43648,-16.73857],[-40.43495,-16.72382],[-40.46492,-16.69657],[-40.4628,-16.68521],[-40.49375,-16.66352],[-40.49647,-16.60645],[-40.49025,-16.59317],[-40.51078,-16.56796],[-40.58117,-16.56376],[-40.61248,-16.53847],[-40.64392,-16.53359],[-40.65653,-16.5575]]]},"properties":{"GEOCODIGO":"3155108","NOME":"Rio do Prado","UF":"MG"}},
{"type":"Feature","geometry":{"type":"Polygon","coordinates":[[[-40.67217,-16.45378],[-40.67306,-16.4839],[-40.66539,-16.51361],[-40.6562,-16.52517],[-40.65653,-16.5575],[-40.64392,-16.53359],[-40.61248,-16.53847],[-40.58117,-16.56376],[-40.51078,-16.56796],[-40.49025,-16.59317],[-40.49647,-16.60645],[-40.49375,-16.66352],[-40.4628,-16.68521],[-40.41225,-16.66494],[-40.387,-16.67906],[-40.35711,-16.65136],[-40.36223,-16.58635],[-40.37137,-16.57336],[-40.36212,-16.52463],[-40.35167,-16.50016],[-40.38517,-16.44087],[-40.41885,-16.42596],[-40.42973,-16.40939],[-40.43279,-16.38336],[-40.4119,-16.36243],[-40.41587,-16.34284],[-40.40835,-16.30385],[-40.43851,-16.28054],[-40.44292,-16.24841],[-40.46514,-16.26113],[-40.47784,-16.24796],[-40.45912,-16.2205],[-40.46762,-16.19593],[-40.52073,-16.26351],[-40.54965,-16.27306],[-40.56451,-16.29687],[-40.56846,-16.32499],[-40.58414,-16.34817],[-40.61687,-16.37603],[-40.61662,-16.39895],[-40.62853,-16.43055],[-40.67217,-16.45378]]]},"properties":{"GEOCODIGO":"3156601","NOME":"Rubim","UF":"MG"}},
{"type":"Feature","geometry":{"type":"Polygon","coordinates":[[[-40.4628,-16.68521],[-40.46492,-16.69657],[-40.43495,-16.72382],[-40.43648,-16.73857],[-40.45681,-16.74837],[-40.45898,-16.77403],[-40.47792,-16.78613],[-40.46675,-16.83751],[-40.4343,-16.88707],[-40.41723,-16.8988],[-40.37767,-16.88604],[-40.3645,-16.87415],[-40.33114,-16.90756],[-40.29503,-16.90325],[-40.27564,-16.8924],[-40.27159,-16.86972],[-40.25174,-16.85958],[-40.25045,-16.83068],[-40.2697,-16.79486],[-40.32323,-16.8008],[-40.33248,-16.76908],[-40.30942,-16.73279],[-40.30262,-16.70322],[-40.31312,-16.67812],[-40.31748,-16.66259],[-40.33817,-16.64664],[-40.35711,-16.65136],[-40.387,-16.67906],[-40.41225,-16.66494],[-40.4628,-16.68521]]]},"properties":{"GEOCODIGO":"3146750","NOME":"Palmópolis","UF":"MG"}},
{"type":"Feature","geometry":{"type":"Polygon","coordinates":[[[-40.5179,-15.79705],[-40.49567,-15.81228],[-40.47598,-15.85135],[-40.44057,-15.8715],[-40.42049,-15.9039],[-40.41983,-15.93251],[-40.39484,-15.93872],[-40.36412,-15.9325],[-40.35949,-15.96569],[-40.33143,-15.97304],[-40.30957,-15.98705],[-40.25387,-15.96707],[-40.22914,-15.968],[-40.19668,-15.97666],[-40.15628,-15.95737],[-40.11195,-15.95293],[-40.12801,-15.90687],[-40.15945,-15.908],[-40.17359,-15.87003],[-40.20649,-15.85402],[-40.23074,-15.80339],[-40.27461,-15.81714],[-40.37759,-15.81796],[-40.42466,-15.80525],[-40.43209,-15.77819],[-40.45976,-15.75279],[-40.48375,-15.77534],[-40.50593,-15.76644],[-40.5179,-15.79705]]]},"properties":{"GEOCODIGO":"3136504","NOME":"Jordânia","UF":"MG"}},
{"type":"Feature","geometry":{"type":"Polygon","coordinates":[[[-40.4987,-15.97313],[-40.49223,-16.01402],[-40.47987,-16.03451],[-40.45044,-16.05176],[-40.42123,-16.05881],[-40.42817,-16.0939],[-40.41484,-16.12114],[-40.43453,-16.13484],[-40.4322,-16.15931],[-40.46907,-16.17915],[-40.46762,-16.19593],[-40.45912,-16.2205],[-40.47784,-16.24796],[-40.46514,-16.26113],[-40.44292,-16.24841],[-40.43851,-16.28054],[-40.40835,-16.30385],[-40.41587,-16.34284],[-40.4119,-16.36243],[-40.43279,-16.38336],[-40.42973,-16.40939],[-40.41885,-16.42596],[-40.4027,-16.38565],[-40.36117,-16.37775],[-40.3506,-16.39549],[-40.27262,-16.40848],[-40.25889,-16.44371],[-40.23795,-16.46125],[-40.2217,-16.44535],[-40.18576,-16.43205],[-40.16393,-16.43203],[-40.15366,-16.41689],[-40.19348,-16.34362],[-40.21796,-16.31129],[-40.2129,-16.26176],[-40.16065,-16.20355],[-40.16193,-16.18474],[-40.14478,-16.16501],[-40.13615,-16.12699],[-40.19517,-16.10189],[-40.18193,-16.08311],[-40.20378,-16.02717],[-40.19201,-16.00991],[-40.22914,-15.968],[-40.25387,-15.96707],[-40.30957,-15.98705],[-40.33143,-15.97304],[-40.35949,-15.96569],[-40.36412,-15.9325],[-40.39484,-15.93872],[-40.41983,-15.93251],[-40.43834,-15.94657],[-40.43254,-15.96887],[-40.46812,-15.95815],[-40.4987,-15.97313]]]},"properties":{"GEOCODIGO":"3134707","NOME":"Jacinto","UF":"MG"}},
{"type":"Feature","geometry":{"type":"Polygon","coordinates":[[[-40.34703,-17.6127],[-40.3407,-17.6272],[-40.347,-17.66338],[-40.33183,-17.68778],[-40.3197,-17.73132],[-40.30866,-17.74908],[-40.30547,-17.78149],[-40.31683,-17.79445],[-40.2957,-17.85273],[-40.24725,-17.88142],[-40.22553,-17.87384],[-40.21249,-17.8951],[-40.174,-17.85138],[-40.19756,-17.82752],[-40.2177,-17.79518],[-40.21346,-17.75196],[-40.22356,-17.73359],[-40.23983,-17.73445],[-40.25552,-17.71907],[-40.2723,-17.72689],[-40.29514,-17.69902],[-40.29864,-17.67409],[-40.32244,-17.66084],[-40.32313,-17.64028],[-40.34703,-17.6127]]]},"properties":{"GEOCODIGO":"3166709","NOME":"Serra dos Aimorés","UF":"MG"}},
{"type":"Feature","geometry":{"type":"Polygon","coordinates":[[[-40.41885,-16.42596],[-40.38517,-16.44087],[-40.35167,-16.50016],[-40.36212,-16.52463],[-40.37137,-16.57336],[-40.36223,-16.58635],[-40.35711,-16.65136],[-40.33817,-16.64664],[-40.31748,-16.66259],[-40.31312,-16.67812],[-40.30278,-16.65736],[-40.28726,-16.60016],[-40.27511,-16.57295],[-40.22943,-16.56098],[-40.15859,-16.57931],[-40.17083,-16.52371],[-40.13992,-16.4951],[-40.11542,-16.46513],[-40.11289,-16.45233],[-40.12882,-16.4309],[-40.15366,-16.41689],[-40.16393,-16.43203],[-40.18576,-16.43205],[-40.2217,-16.44535],[-40.23795,-16.46125],[-40.25889,-16.44371],[-40.27262,-16.40848],[-40.3506,-16.39549],[-40.36117,-16.37775],[-40.4027,-16.38565],[-40.41885,-16.42596]]]},"properties":{"GEOCODIGO":"3160306","NOME":"Santo Antônio do Jacinto","UF":"MG"}},
{"type":"Feature","geometry":{"type":"Polygon","coordinates":[[[-40.13615,-16.12699],[-40.14478,-16.16501],[-40.16193,-16.18474],[-40.16065,-16.20355],[-40.2129,-16.26176],[-40.21796,-16.31129],[-40.19348,-16.34362],[-40.15366,-16.41689],[-40.12882,-16.4309],[-40.11289,-16.45233],[-40.10293,-16.43654],[-40.07903,-16.46376],[-40.06542,-16.45705],[-40.0615,-16.43087],[-40.0452,-16.42157],[-40.01706,-16.34761],[-40.03146,-16.3194],[-40.04654,-16.30719],[-40.07129,-16.2102],[-40.13615,-16.12699]]]},"properties":{"GEOCODIGO":"3158102","NOME":"Santa Maria do Salto","UF":"MG"}},
{"type":"Feature","geometry":{"type":"Polygon","coordinates":[[[-40.22914,-15.968],[-40.19201,-16.00991],[-40.20378,-16.02717],[-40.18193,-16.08311],[-40.19517,-16.10189],[-40.13615,-16.12699],[-40.07129,-16.2102],[-40.04654,-16.30719],[-40.03146,-16.3194],[-40.01706,-16.34761],[-39.99515,-16.3302],[-39.9897,-16.31171],[-39.96012,-16.32142],[-39.95187,-16.29739],[-39.91973,-16.26327],[-39.93537,-16.2434],[-39.89981,-16.20258],[-39.88302,-16.19423],[-39.8869,-16.15051],[-39.85646,-16.11336],[-39.8743,-16.0936],[-39.88356,-16.06553],[-39.92183,-16.02816],[-39.91477,-15.99952],[-39.95723,-15.99156],[-39.9632,-16.00398],[-40.00406,-16.00137],[-40.02779,-15.98512],[-40.0454,-15.96189],[-40.06617,-15.95873],[-40.07447,-15.91959],[-40.09698,-15.90778],[-40.12801,-15.90687],[-40.11195,-15.95293],[-40.15628,-15.95737],[-40.19668,-15.97666],[-40.22914,-15.968]]]},"properties":{"GEOCODIGO":"3157104","NOME":"Salto da Divisa","UF":"MG"}}
]}